// Created by Crowbar 0.74
version 1
nodes
  0 "body" -1
  1 "l-upperarm-movement" -1
  2 "l-upperarm" 1
  3 "l-forearm" 2
  4 "lwrist" 3
  5 "l-index-low" 4
  6 "l-index-mid" 5
  7 "l-index-tip" 6
  8 "l-middle-low" 4
  9 "l-middle-mid" 8
  10 "l-middle-tip" 9
  11 "l-ring-low" 4
  12 "l-ring-mid" 11
  13 "l-ring-tip" 12
  14 "l-pinky-low" 4
  15 "l-pinky-mid" 14
  16 "l-pinky-tip" 15
  17 "l-thumb-low" 4
  18 "l-thumb-mid" 17
  19 "l-thumb-tip" 18
  20 "l-forearm-twist" 3
  21 "r-upperarm-movement" -1
  22 "r-upperarm" 21
  23 "r-forearm" 22
  24 "r-rist" 23
  25 "r-index-low" 24
  26 "r-index-mid" 25
  27 "r-index-tip" 26
  28 "r-pinky-low" 24
  29 "r-pinky-mid" 28
  30 "r-pinky-tip" 29
  31 "r-middle-low" 24
  32 "r-middle-mid" 31
  33 "r-middle-tip" 32
  34 "r-ring-low" 24
  35 "r-ring-mid" 34
  36 "r-ring-tip" 35
  37 "r-thumb-low" 24
  38 "r-thumb-mid" 37
  39 "r-thumb-tip" 38
  40 "r-forearm-twist" 23
  41 "Shell" -1
  42 "trigger" -1
  43 "pump." -1
  44 "ValveBiped.Bip01_R_UpperArm" 22
  45 "ValveBiped.Bip01_R_Forearm" 23
  46 "ValveBiped.Bip01_R_Hand" 24
  47 "ValveBiped.Bip01_R_Finger0" 37
  48 "ValveBiped.Bip01_R_Finger01" 38
  49 "ValveBiped.Bip01_R_Finger02" 39
  50 "ValveBiped.Bip01_R_Finger1" 25
  51 "ValveBiped.Bip01_R_Finger11" 26
  52 "ValveBiped.Bip01_R_Finger12" 27
  53 "ValveBiped.Bip01_R_Finger2" 31
  54 "ValveBiped.Bip01_R_Finger21" 32
  55 "ValveBiped.Bip01_R_Finger22" 33
  56 "ValveBiped.Bip01_R_Finger3" 34
  57 "ValveBiped.Bip01_R_Finger31" 35
  58 "ValveBiped.Bip01_R_Finger32" 36
  59 "ValveBiped.Bip01_R_Finger4" 28
  60 "ValveBiped.Bip01_R_Finger41" 29
  61 "ValveBiped.Bip01_R_Finger42" 30
  62 "ValveBiped.Bip01_L_UpperArm" 2
  63 "ValveBiped.Bip01_L_Forearm" 3
  64 "ValveBiped.Bip01_L_Hand" 4
  65 "ValveBiped.Bip01_L_Finger0" 17
  66 "ValveBiped.Bip01_L_Finger01" 18
  67 "ValveBiped.Bip01_L_Finger02" 19
  68 "ValveBiped.Bip01_L_Finger1" 5
  69 "ValveBiped.Bip01_L_Finger11" 6
  70 "ValveBiped.Bip01_L_Finger12" 7
  71 "ValveBiped.Bip01_L_Finger2" 8
  72 "ValveBiped.Bip01_L_Finger21" 9
  73 "ValveBiped.Bip01_L_Finger22" 10
  74 "ValveBiped.Bip01_L_Finger3" 11
  75 "ValveBiped.Bip01_L_Finger31" 12
  76 "ValveBiped.Bip01_L_Finger32" 13
  77 "ValveBiped.Bip01_L_Finger4" 14
  78 "ValveBiped.Bip01_L_Finger41" 15
  79 "ValveBiped.Bip01_L_Finger42" 16
end
skeleton
  time 0
    0 -5.744504 -8.770661 -4.862546 -1.417754 -0.315022 1.052107
    1 7.195313 4.312500 -6.410156 -0.275968 0.424923 -1.104175
    2 0.000000 0.000000 0.000000 3.226441 0.207026 0.741687
    3 10.859747 -0.000001 -0.000001 0.275081 0.008891 1.802543
    4 11.118949 -0.012917 -0.055607 1.200642 -0.117456 0.553494
    5 4.462505 0.096129 -1.190233 1.739333 0.120053 0.008192
    6 1.533205 -0.000001 -0.000001 0.002378 0.237710 0.007700
    7 0.922225 0.000000 0.000000 0.000178 0.155218 0.001714
    8 4.581339 -0.202365 -0.322599 1.515947 0.022305 0.249658
    9 1.706794 -0.000006 0.000000 0.015137 0.310580 0.007581
    10 0.995784 0.000001 0.000000 0.028623 0.470498 -0.001070
    11 4.329579 -0.047878 0.601895 1.339628 -0.038301 0.266280
    12 1.571783 0.000002 0.000005 0.026105 0.347182 0.022892
    13 1.038471 0.000006 0.000000 0.006843 0.636934 0.018325
    14 3.871905 0.337152 1.438553 1.370855 -0.116588 0.163758
    15 1.197247 -0.000007 -0.000013 0.071682 0.306610 0.060926
    16 0.862615 0.000000 0.000000 -0.009004 0.471916 -0.000955
    17 1.188218 1.062015 -1.188354 3.061384 0.567106 0.123745
    18 1.984254 -0.000001 0.000000 -0.030931 0.576959 -0.106485
    19 1.217773 0.000003 0.000002 -0.020700 -0.169366 0.027834
    20 9.582013 0.082096 -0.005725 1.619755 -0.777623 1.473374
    21 -1.511719 11.007813 -4.187500 1.244308 0.425693 -2.037295
    22 0.000000 0.000000 0.000000 2.868985 0.015365 -0.109932
    23 10.859730 0.000013 -0.000005 -0.261065 0.004680 -0.753263
    24 11.118959 0.012915 -0.055609 0.039842 0.295154 -0.939132
    25 4.462496 -0.096127 -1.190239 -1.667171 0.090819 -0.169462
    26 1.533207 0.000003 0.000000 -0.001689 -0.111354 -0.007557
    27 0.922219 0.000000 0.000000 -0.000168 -0.106573 -0.001706
    28 3.871094 -0.338867 1.439453 -1.480019 0.189903 -1.416936
    29 1.197266 0.000004 -0.000018 -0.127146 1.001777 -0.146524
    30 0.866211 -0.000001 -0.000002 0.009351 0.733784 0.001142
    31 4.582031 0.205322 -0.326172 -1.539698 0.007204 -1.420212
    32 1.709961 0.000006 -0.000003 -0.026879 1.095842 -0.020771
    33 0.998047 -0.000001 0.000001 -0.016608 0.557664 0.006715
    34 4.332031 0.048065 0.604980 -1.502394 0.106974 -1.508525
    35 1.571289 0.000006 -0.000001 -0.060351 1.044535 -0.069431
    36 1.039063 -0.000008 0.000002 -0.009609 0.637010 -0.018240
    37 1.191406 -1.063477 -1.191406 2.688815 0.147029 -0.438545
    38 1.987305 0.000003 0.000002 0.027278 0.315271 0.098085
    39 1.217773 -0.000005 0.000003 0.021152 0.266873 -0.018769
    40 9.578125 -0.084412 -0.006870 -1.606853 -0.254477 -1.498648
    41 -0.871094 11.210938 -11.585938 0.000000 0.000000 -0.000001
    42 -5.980018 -9.709127 -2.036460 -1.417754 -0.315022 1.052107
    43 -6.304114 -13.372364 8.238386 -1.417754 -0.315022 1.052107
    44 0.000000 0.000000 0.000000 0.000000 0.000000 0.000000
    45 0.000000 0.000000 0.000000 0.000000 0.000000 0.000000
    46 0.000000 0.000000 0.000000 0.000000 0.000000 0.000000
    47 0.000000 0.000000 0.000000 -1.570796 0.000000 0.000000
    48 0.000000 0.000000 0.000000 -1.570796 0.000000 0.000000
    49 0.000000 0.000000 0.000000 -1.570796 0.000000 0.000000
    50 0.000000 0.000000 0.000000 1.570796 0.000000 0.000000
    51 0.000000 0.000000 0.000000 1.570796 0.000000 0.000000
    52 0.000000 0.000000 0.000000 1.570796 0.000000 0.000000
    53 0.000000 0.000000 0.000000 1.570796 0.000000 0.000000
    54 0.000000 0.000000 0.000000 1.570796 0.000000 0.000000
    55 0.000000 0.000000 0.000000 1.570796 0.000000 0.000000
    56 0.000000 0.000000 0.000000 1.570796 0.000000 0.000000
    57 0.000000 0.000000 0.000000 1.570796 0.000000 0.000000
    58 0.000000 0.000000 0.000000 1.570796 0.000000 0.000000
    59 0.000000 0.000000 0.000000 1.570796 0.000000 0.000000
    60 0.000000 0.000000 0.000000 1.570796 0.000000 0.000000
    61 0.000000 0.000000 0.000000 1.570796 0.000000 0.000000
    62 0.000000 0.000001 0.000000 0.000000 0.000000 0.000000
    63 0.000000 0.000000 0.000000 0.000000 0.000000 0.000000
    64 0.000000 0.000000 0.000000 -3.141593 0.000000 0.000000
    65 0.000000 0.000000 0.000000 -1.570796 0.000000 0.000000
    66 0.000000 0.000000 0.000000 -1.570796 0.000000 0.000000
    67 0.000000 0.000000 0.000000 -1.570796 0.000000 0.000000
    68 0.000000 0.000000 0.000000 1.570796 0.000000 0.000000
    69 0.000000 0.000000 0.000000 1.570796 0.000000 0.000000
    70 0.000000 0.000000 0.000000 1.570796 0.000000 0.000000
    71 0.000000 0.000000 0.000001 1.570796 0.000000 0.000000
    72 0.000000 0.000000 0.000000 1.570796 0.000000 0.000000
    73 0.000000 0.000000 0.000000 1.570796 0.000000 0.000000
    74 0.000000 0.000000 0.000000 1.570796 0.000000 0.000000
    75 0.000000 0.000000 0.000000 1.570796 0.000000 0.000000
    76 -0.000001 0.000000 0.000000 1.570796 0.000000 0.000000
    77 0.000000 0.000000 0.000000 1.570796 0.000000 0.000000
    78 0.000000 0.000000 0.000000 1.570796 0.000000 0.000000
    79 0.000000 0.000000 0.000000 1.570796 0.000000 0.000000
  time 1
    0 -5.658564 -8.747223 -4.725823 -1.414098 -0.314453 1.039302
    1 7.195313 4.312500 -6.410156 -0.275968 0.424923 -1.104175
    2 0.000000 0.000000 0.000000 3.185204 0.161317 0.767411
    3 10.859747 -0.000001 -0.000001 0.275525 0.008783 1.832732
    4 11.118949 -0.012917 -0.055607 1.131309 -0.117841 0.579339
    5 4.462505 0.096129 -1.190233 1.739333 0.120053 0.008192
    6 1.533205 -0.000001 -0.000001 0.002378 0.237710 0.007700
    7 0.922225 0.000000 0.000000 0.000178 0.155218 0.001714
    8 4.581339 -0.202365 -0.322599 1.515947 0.022305 0.249658
    9 1.706794 -0.000006 0.000000 0.015137 0.310580 0.007581
    10 0.995784 0.000001 0.000000 0.028623 0.470533 -0.001082
    11 4.329579 -0.047878 0.601895 1.339628 -0.038289 0.266280
    12 1.571783 0.000002 0.000005 0.026105 0.347182 0.022892
    13 1.038471 0.000006 0.000000 0.006843 0.636982 0.018325
    14 3.871905 0.337152 1.438553 1.370843 -0.116575 0.163758
    15 1.197247 -0.000007 -0.000013 0.071682 0.306610 0.060926
    16 0.862615 0.000000 0.000000 -0.009004 0.471916 -0.000955
    17 1.188218 1.062015 -1.188354 3.061690 0.557375 0.124524
    18 1.984254 -0.000001 0.000000 -0.030824 0.564676 -0.106126
    19 1.217773 0.000003 0.000002 -0.020700 -0.169366 0.027834
    20 9.582013 0.082096 -0.005725 1.619755 -0.777623 1.473374
    21 -1.511719 11.007813 -4.187500 1.244308 0.425693 -2.037295
    22 0.000000 0.000000 0.000000 2.862034 0.011301 -0.113080
    23 10.859730 0.000013 -0.000005 -0.261281 0.004908 -0.774716
    24 11.118959 0.012915 -0.055609 0.037121 0.300141 -0.913989
    25 4.462496 -0.096127 -1.190239 -1.667171 0.090819 -0.169462
    26 1.533207 0.000003 0.000000 -0.001689 -0.111354 -0.007557
    27 0.922219 0.000000 0.000000 -0.000168 -0.106594 -0.001706
    28 3.871094 -0.338867 1.439453 -1.480019 0.189903 -1.416936
    29 1.197266 0.000004 -0.000018 -0.127146 1.001777 -0.146524
    30 0.866211 -0.000001 -0.000002 0.009351 0.733784 0.001142
    31 4.582031 0.205322 -0.326172 -1.539698 0.007204 -1.420212
    32 1.709961 0.000006 -0.000003 -0.026879 1.095842 -0.020771
    33 0.998047 -0.000001 0.000001 -0.016608 0.557664 0.006715
    34 4.332031 0.048065 0.604980 -1.502394 0.106974 -1.508525
    35 1.571289 0.000006 -0.000001 -0.060351 1.044535 -0.069431
    36 1.039063 -0.000008 0.000002 -0.009609 0.637010 -0.018240
    37 1.191406 -1.063477 -1.191406 2.688815 0.147029 -0.438545
    38 1.987305 0.000003 0.000002 0.027278 0.315271 0.098085
    39 1.217773 -0.000005 0.000003 0.021152 0.266873 -0.018769
    40 9.578125 -0.084412 -0.006870 -1.606853 -0.254477 -1.498648
    41 -0.871094 11.210938 -11.585938 0.000000 0.000000 -0.000001
    42 -5.897984 -9.685688 -1.903643 -1.414098 -0.314453 1.039302
    43 -6.233799 -13.360645 8.363390 -1.414098 -0.314453 1.039302
    44 0.000000 0.000000 0.000000 0.000000 0.000000 0.000000
    45 0.000000 0.000000 0.000000 0.000000 0.000000 0.000000
    46 0.000000 0.000000 0.000000 0.000000 0.000000 0.000000
    47 0.000000 0.000000 0.000000 -1.570796 0.000000 0.000000
    48 0.000000 0.000000 0.000000 -1.570796 0.000000 0.000000
    49 0.000000 0.000000 0.000000 -1.570796 0.000000 0.000000
    50 0.000000 0.000000 0.000000 1.570796 0.000000 0.000000
    51 0.000000 0.000000 0.000000 1.570796 0.000000 0.000000
    52 0.000000 0.000000 0.000000 1.570796 0.000000 0.000000
    53 0.000000 0.000000 0.000000 1.570796 0.000000 0.000000
    54 0.000000 0.000000 0.000000 1.570796 0.000000 0.000000
    55 0.000000 0.000000 0.000000 1.570796 0.000000 0.000000
    56 0.000000 0.000000 0.000000 1.570796 0.000000 0.000000
    57 0.000000 0.000000 0.000000 1.570796 0.000000 0.000000
    58 0.000000 0.000000 0.000000 1.570796 0.000000 0.000000
    59 0.000000 0.000000 0.000000 1.570796 0.000000 0.000000
    60 0.000000 0.000000 0.000000 1.570796 0.000000 0.000000
    61 0.000000 0.000000 0.000000 1.570796 0.000000 0.000000
    62 0.000000 0.000001 0.000000 0.000000 0.000000 0.000000
    63 0.000000 0.000000 0.000000 0.000000 0.000000 0.000000
    64 0.000000 0.000000 0.000000 -3.141593 0.000000 0.000000
    65 0.000000 0.000000 0.000000 -1.570796 0.000000 0.000000
    66 0.000000 0.000000 0.000000 -1.570796 0.000000 0.000000
    67 0.000000 0.000000 0.000000 -1.570796 0.000000 0.000000
    68 0.000000 0.000000 0.000000 1.570796 0.000000 0.000000
    69 0.000000 0.000000 0.000000 1.570796 0.000000 0.000000
    70 0.000000 0.000000 0.000000 1.570796 0.000000 0.000000
    71 0.000000 0.000000 0.000001 1.570796 0.000000 0.000000
    72 0.000000 0.000000 0.000000 1.570796 0.000000 0.000000
    73 0.000000 0.000000 0.000000 1.570796 0.000000 0.000000
    74 0.000000 0.000000 0.000000 1.570796 0.000000 0.000000
    75 0.000000 0.000000 0.000000 1.570796 0.000000 0.000000
    76 -0.000001 0.000000 0.000000 1.570796 0.000000 0.000000
    77 0.000000 0.000000 0.000000 1.570796 0.000000 0.000000
    78 0.000000 0.000000 0.000000 1.570796 0.000000 0.000000
    79 0.000000 0.000000 0.000000 1.570796 0.000000 0.000000
  time 2
    0 -5.463245 -8.657376 -4.460190 -1.400216 -0.312402 0.999538
    1 7.195313 4.312500 -6.410156 -0.275968 0.424923 -1.104175
    2 0.000000 0.000000 0.000000 3.074609 0.070496 0.785069
    3 10.859747 -0.000001 -0.000001 0.275716 0.008723 1.847383
    4 11.118949 -0.012917 -0.055607 0.968958 -0.114726 0.655289
    5 4.462505 0.096129 -1.190233 1.739333 0.120053 0.008192
    6 1.533205 -0.000001 -0.000001 0.002378 0.237742 0.007712
    7 0.922225 0.000000 0.000000 0.000178 0.155218 0.001714
    8 4.581339 -0.202365 -0.322599 1.515947 0.022305 0.249658
    9 1.706794 -0.000006 0.000000 0.015137 0.310580 0.007581
    10 0.995784 0.000001 0.000000 0.028623 0.470533 -0.001070
    11 4.329579 -0.047878 0.601895 1.339628 -0.038301 0.266280
    12 1.571783 0.000002 0.000005 0.026105 0.347182 0.022892
    13 1.038471 0.000006 0.000000 0.006855 0.636934 0.018325
    14 3.871905 0.337152 1.438553 1.370855 -0.116588 0.163813
    15 1.197247 -0.000007 -0.000013 0.071682 0.306610 0.060926
    16 0.862615 0.000000 0.000000 -0.009004 0.471916 -0.000955
    17 1.188218 1.062015 -1.188354 3.062514 0.530925 0.126657
    18 1.984254 -0.000001 0.000000 -0.030488 0.531275 -0.105143
    19 1.217773 0.000003 0.000002 -0.020700 -0.169366 0.027834
    20 9.582013 0.082096 -0.005725 1.619755 -0.777623 1.473374
    21 -1.511719 11.007813 -4.187500 1.244308 0.425693 -2.037295
    22 0.000000 0.000000 0.000000 2.848276 0.000967 -0.125952
    23 10.859730 0.000013 -0.000005 -0.261880 0.005483 -0.831424
    24 11.118959 0.012915 -0.055609 0.023562 0.306716 -0.849812
    25 4.462496 -0.096127 -1.190239 -1.667171 0.090819 -0.169462
    26 1.533207 0.000003 0.000000 -0.001689 -0.111354 -0.007557
    27 0.922219 0.000000 0.000000 -0.000168 -0.106573 -0.001706
    28 3.871094 -0.338867 1.439453 -1.480019 0.189903 -1.416936
    29 1.197266 0.000004 -0.000018 -0.127146 1.001777 -0.146524
    30 0.866211 -0.000001 -0.000002 0.009351 0.733784 0.001142
    31 4.582031 0.205322 -0.326172 -1.539698 0.007204 -1.420212
    32 1.709961 0.000006 -0.000003 -0.026879 1.095842 -0.020771
    33 0.998047 -0.000001 0.000001 -0.016608 0.557664 0.006715
    34 4.332031 0.048065 0.604980 -1.502394 0.106974 -1.508525
    35 1.571289 0.000006 -0.000001 -0.060351 1.044535 -0.069431
    36 1.039063 -0.000008 0.000002 -0.009609 0.637010 -0.018240
    37 1.191406 -1.063477 -1.191406 2.688815 0.147029 -0.438545
    38 1.987305 0.000003 0.000002 0.027278 0.315271 0.098085
    39 1.217773 -0.000005 0.000003 0.021152 0.266873 -0.018769
    40 9.578125 -0.084412 -0.006870 -1.606853 -0.254477 -1.498648
    41 -0.871094 11.210938 -11.585938 0.000000 0.000000 -0.000001
    42 -5.698759 -9.599748 -1.638010 -1.400216 -0.312402 0.999538
    43 -6.038480 -13.321581 8.617304 -1.400216 -0.312402 0.999538
    44 0.000000 0.000000 0.000000 0.000000 0.000000 0.000000
    45 0.000000 0.000000 0.000000 0.000000 0.000000 0.000000
    46 0.000000 0.000000 0.000000 0.000000 0.000000 0.000000
    47 0.000000 0.000000 0.000000 -1.570796 0.000000 0.000000
    48 0.000000 0.000000 0.000000 -1.570796 0.000000 0.000000
    49 0.000000 0.000000 0.000000 -1.570796 0.000000 0.000000
    50 0.000000 0.000000 0.000000 1.570796 0.000000 0.000000
    51 0.000000 0.000000 0.000000 1.570796 0.000000 0.000000
    52 0.000000 0.000000 0.000000 1.570796 0.000000 0.000000
    53 0.000000 0.000000 0.000000 1.570796 0.000000 0.000000
    54 0.000000 0.000000 0.000000 1.570796 0.000000 0.000000
    55 0.000000 0.000000 0.000000 1.570796 0.000000 0.000000
    56 0.000000 0.000000 0.000000 1.570796 0.000000 0.000000
    57 0.000000 0.000000 0.000000 1.570796 0.000000 0.000000
    58 0.000000 0.000000 0.000000 1.570796 0.000000 0.000000
    59 0.000000 0.000000 0.000000 1.570796 0.000000 0.000000
    60 0.000000 0.000000 0.000000 1.570796 0.000000 0.000000
    61 0.000000 0.000000 0.000000 1.570796 0.000000 0.000000
    62 0.000000 0.000001 0.000000 0.000000 0.000000 0.000000
    63 0.000000 0.000000 0.000000 0.000000 0.000000 0.000000
    64 0.000000 0.000000 0.000000 -3.141593 0.000000 0.000000
    65 0.000000 0.000000 0.000000 -1.570796 0.000000 0.000000
    66 0.000000 0.000000 0.000000 -1.570796 0.000000 0.000000
    67 0.000000 0.000000 0.000000 -1.570796 0.000000 0.000000
    68 0.000000 0.000000 0.000000 1.570796 0.000000 0.000000
    69 0.000000 0.000000 0.000000 1.570796 0.000000 0.000000
    70 0.000000 0.000000 0.000000 1.570796 0.000000 0.000000
    71 0.000000 0.000000 0.000001 1.570796 0.000000 0.000000
    72 0.000000 0.000000 0.000000 1.570796 0.000000 0.000000
    73 0.000000 0.000000 0.000000 1.570796 0.000000 0.000000
    74 0.000000 0.000000 0.000000 1.570796 0.000000 0.000000
    75 0.000000 0.000000 0.000000 1.570796 0.000000 0.000000
    76 -0.000001 0.000000 0.000000 1.570796 0.000000 0.000000
    77 0.000000 0.000000 0.000000 1.570796 0.000000 0.000000
    78 0.000000 0.000000 0.000000 1.570796 0.000000 0.000000
    79 0.000000 0.000000 0.000000 1.570796 0.000000 0.000000
  time 3
    0 -5.228863 -8.473777 -4.257059 -1.371859 -0.308339 0.930793
    1 7.195313 4.312500 -6.410156 -0.275968 0.424923 -1.104175
    2 0.000000 0.000000 0.000000 2.934588 0.018842 0.702992
    3 10.859747 -0.000001 -0.000001 0.274554 0.009011 1.765346
    4 11.118949 -0.012917 -0.055607 0.800298 -0.148397 0.758105
    5 4.462505 0.096129 -1.190233 1.739333 0.120053 0.008192
    6 1.533205 -0.000001 -0.000001 0.002378 0.237742 0.007700
    7 0.922225 0.000000 0.000000 0.000178 0.155218 0.001714
    8 4.581339 -0.202365 -0.322599 1.515947 0.022305 0.249658
    9 1.706794 -0.000006 0.000000 0.015137 0.310580 0.007489
    10 0.995784 0.000001 0.000000 0.028623 0.470533 -0.001082
    11 4.329579 -0.047878 0.601895 1.339628 -0.038289 0.266280
    12 1.571783 0.000002 0.000005 0.026105 0.347182 0.022892
    13 1.038471 0.000006 0.000000 0.006855 0.636934 0.018325
    14 3.871905 0.337152 1.438553 1.370855 -0.116575 0.163758
    15 1.197247 -0.000007 -0.000013 0.071682 0.306610 0.060926
    16 0.862615 0.000000 0.000000 -0.009004 0.471916 -0.000955
    17 1.188218 1.062015 -1.188354 3.063739 0.491927 0.129797
    18 1.984254 -0.000001 0.000000 -0.030033 0.481886 -0.103681
    19 1.217773 0.000003 0.000002 -0.020700 -0.169366 0.027834
    20 9.582013 0.082096 -0.005725 1.619755 -0.777623 1.473374
    21 -1.511719 11.007813 -4.187500 1.244308 0.425693 -2.037295
    22 0.000000 0.000000 0.000000 2.838161 -0.012476 -0.154702
    23 10.859730 0.000013 -0.000005 -0.262791 0.006250 -0.913369
    24 11.118959 0.012915 -0.055609 -0.009956 0.302985 -0.762661
    25 4.462496 -0.096127 -1.190239 -1.667171 0.090819 -0.169462
    26 1.533207 0.000003 0.000000 -0.001689 -0.111354 -0.007557
    27 0.922219 0.000000 0.000000 -0.000168 -0.106573 -0.001706
    28 3.871094 -0.338867 1.439453 -1.480019 0.189903 -1.416936
    29 1.197266 0.000004 -0.000018 -0.127146 1.001777 -0.146524
    30 0.866211 -0.000001 -0.000002 0.009351 0.733784 0.001142
    31 4.582031 0.205322 -0.326172 -1.539698 0.007204 -1.420212
    32 1.709961 0.000006 -0.000003 -0.026879 1.095842 -0.020771
    33 0.998047 -0.000001 0.000001 -0.016608 0.557664 0.006715
    34 4.332031 0.048065 0.604980 -1.502394 0.106974 -1.508525
    35 1.571289 0.000006 -0.000001 -0.060351 1.044535 -0.069431
    36 1.039063 -0.000008 0.000002 -0.009609 0.637010 -0.018240
    37 1.191406 -1.063477 -1.191406 2.688815 0.147029 -0.438545
    38 1.987305 0.000003 0.000002 0.027278 0.315271 0.098085
    39 1.217773 -0.000005 0.000003 0.021152 0.266873 -0.018769
    40 9.578125 -0.084412 -0.006870 -1.606853 -0.254477 -1.498648
    41 -0.871094 11.210938 -11.585938 0.000000 0.000000 -0.000001
    42 -5.448752 -9.435681 -1.442692 -1.371859 -0.308339 0.930793
    43 -5.765035 -13.259079 8.777465 -1.371859 -0.308339 0.930793
    44 0.000000 0.000000 0.000000 0.000000 0.000000 0.000000
    45 0.000000 0.000000 0.000000 0.000000 0.000000 0.000000
    46 0.000000 0.000000 0.000000 0.000000 0.000000 0.000000
    47 0.000000 0.000000 0.000000 -1.570796 0.000000 0.000000
    48 0.000000 0.000000 0.000000 -1.570796 0.000000 0.000000
    49 0.000000 0.000000 0.000000 -1.570796 0.000000 0.000000
    50 0.000000 0.000000 0.000000 1.570796 0.000000 0.000000
    51 0.000000 0.000000 0.000000 1.570796 0.000000 0.000000
    52 0.000000 0.000000 0.000000 1.570796 0.000000 0.000000
    53 0.000000 0.000000 0.000000 1.570796 0.000000 0.000000
    54 0.000000 0.000000 0.000000 1.570796 0.000000 0.000000
    55 0.000000 0.000000 0.000000 1.570796 0.000000 0.000000
    56 0.000000 0.000000 0.000000 1.570796 0.000000 0.000000
    57 0.000000 0.000000 0.000000 1.570796 0.000000 0.000000
    58 0.000000 0.000000 0.000000 1.570796 0.000000 0.000000
    59 0.000000 0.000000 0.000000 1.570796 0.000000 0.000000
    60 0.000000 0.000000 0.000000 1.570796 0.000000 0.000000
    61 0.000000 0.000000 0.000000 1.570796 0.000000 0.000000
    62 0.000000 0.000001 0.000000 0.000000 0.000000 0.000000
    63 0.000000 0.000000 0.000000 0.000000 0.000000 0.000000
    64 0.000000 0.000000 0.000000 -3.141593 0.000000 0.000000
    65 0.000000 0.000000 0.000000 -1.570796 0.000000 0.000000
    66 0.000000 0.000000 0.000000 -1.570796 0.000000 0.000000
    67 0.000000 0.000000 0.000000 -1.570796 0.000000 0.000000
    68 0.000000 0.000000 0.000000 1.570796 0.000000 0.000000
    69 0.000000 0.000000 0.000000 1.570796 0.000000 0.000000
    70 0.000000 0.000000 0.000000 1.570796 0.000000 0.000000
    71 0.000000 0.000000 0.000001 1.570796 0.000000 0.000000
    72 0.000000 0.000000 0.000000 1.570796 0.000000 0.000000
    73 0.000000 0.000000 0.000000 1.570796 0.000000 0.000000
    74 0.000000 0.000000 0.000000 1.570796 0.000000 0.000000
    75 0.000000 0.000000 0.000000 1.570796 0.000000 0.000000
    76 -0.000001 0.000000 0.000000 1.570796 0.000000 0.000000
    77 0.000000 0.000000 0.000000 1.570796 0.000000 0.000000
    78 0.000000 0.000000 0.000000 1.570796 0.000000 0.000000
    79 0.000000 0.000000 0.000000 1.570796 0.000000 0.000000
  time 4
    0 -4.986668 -8.141735 -4.159399 -1.292667 -0.292239 0.843009
    1 7.195313 4.312500 -6.410156 -0.275968 0.424923 -1.104175
    2 0.000000 0.000000 0.000000 2.806231 0.073812 0.513931
    3 10.859747 -0.000001 -0.000001 0.273295 0.009203 1.679123
    4 11.118949 -0.012917 -0.055607 0.675142 -0.233135 0.740081
    5 4.462505 0.096129 -1.190233 1.737188 0.099523 0.014771
    6 1.533205 -0.000001 -0.000001 0.002654 0.271552 0.007772
    7 0.922225 0.000000 0.000000 0.000238 0.183953 0.001714
    8 4.581339 -0.202365 -0.322599 1.506563 0.006689 0.271224
    9 1.706794 -0.000006 0.000000 0.015045 0.387929 0.008045
    10 0.995784 0.000001 0.000000 0.027640 0.427030 -0.002293
    11 4.329579 -0.047878 0.601895 1.328650 -0.042340 0.312964
    12 1.571783 0.000002 0.000005 0.026105 0.410049 0.023719
    13 1.038471 0.000006 0.000000 0.006268 0.578978 0.017342
    14 3.871905 0.337152 1.438553 1.357073 -0.095384 0.253441
    15 1.197247 -0.000007 -0.000013 0.071906 0.321077 0.061908
    16 0.862615 0.000000 0.000000 -0.008944 0.418759 -0.000943
    17 1.188218 1.062015 -1.188354 3.065232 0.444588 0.133620
    18 1.984254 -0.000001 0.000000 -0.029445 0.421634 -0.101883
    19 1.217773 0.000003 0.000002 -0.020700 -0.169366 0.027834
    20 9.582013 0.082096 -0.005725 1.616951 -0.743878 1.477484
    21 -1.511719 11.007813 -4.187500 1.244308 0.425693 -2.037295
    22 0.000000 0.000000 0.000000 2.839743 -0.035257 -0.203656
    23 10.859730 0.000013 -0.000005 -0.264133 0.007173 -1.024592
    24 11.118959 0.012915 -0.055609 -0.059552 0.243218 -0.663515
    25 4.462496 -0.096127 -1.190239 -1.667171 0.090819 -0.169462
    26 1.533207 0.000003 0.000000 -0.001689 -0.111354 -0.007557
    27 0.922219 0.000000 0.000000 -0.000168 -0.106573 -0.001706
    28 3.871094 -0.338867 1.439453 -1.480019 0.189903 -1.416936
    29 1.197266 0.000004 -0.000018 -0.127146 1.001777 -0.146524
    30 0.866211 -0.000001 -0.000002 0.009351 0.733784 0.001142
    31 4.582031 0.205322 -0.326172 -1.539698 0.007204 -1.420212
    32 1.709961 0.000006 -0.000003 -0.026879 1.095842 -0.020771
    33 0.998047 -0.000001 0.000001 -0.016608 0.557664 0.006715
    34 4.332031 0.048065 0.604980 -1.502394 0.106974 -1.508525
    35 1.571289 0.000006 -0.000001 -0.060351 1.044535 -0.069431
    36 1.039063 -0.000008 0.000002 -0.009609 0.637010 -0.018240
    37 1.191406 -1.063477 -1.191406 2.688815 0.147029 -0.438545
    38 1.987305 0.000003 0.000002 0.027278 0.315271 0.098085
    39 1.217773 -0.000005 0.000003 0.021152 0.266873 -0.018769
    40 9.578125 -0.084412 -0.006870 -1.606853 -0.254477 -1.498648
    41 -0.871094 11.210938 -11.585938 0.000000 0.000000 -0.000001
    42 -5.081553 -9.197392 -1.368471 -1.292667 -0.292239 0.843009
    43 -4.960322 -13.368457 8.714963 -1.292667 -0.292239 0.843009
    44 0.000000 0.000000 0.000000 0.000000 0.000000 0.000000
    45 0.000000 0.000000 0.000000 0.000000 0.000000 0.000000
    46 0.000000 0.000000 0.000000 0.000000 0.000000 0.000000
    47 0.000000 0.000000 0.000000 -1.570796 0.000000 0.000000
    48 0.000000 0.000000 0.000000 -1.570796 0.000000 0.000000
    49 0.000000 0.000000 0.000000 -1.570796 0.000000 0.000000
    50 0.000000 0.000000 0.000000 1.570796 0.000000 0.000000
    51 0.000000 0.000000 0.000000 1.570796 0.000000 0.000000
    52 0.000000 0.000000 0.000000 1.570796 0.000000 0.000000
    53 0.000000 0.000000 0.000000 1.570796 0.000000 0.000000
    54 0.000000 0.000000 0.000000 1.570796 0.000000 0.000000
    55 0.000000 0.000000 0.000000 1.570796 0.000000 0.000000
    56 0.000000 0.000000 0.000000 1.570796 0.000000 0.000000
    57 0.000000 0.000000 0.000000 1.570796 0.000000 0.000000
    58 0.000000 0.000000 0.000000 1.570796 0.000000 0.000000
    59 0.000000 0.000000 0.000000 1.570796 0.000000 0.000000
    60 0.000000 0.000000 0.000000 1.570796 0.000000 0.000000
    61 0.000000 0.000000 0.000000 1.570796 0.000000 0.000000
    62 0.000000 0.000001 0.000000 0.000000 0.000000 0.000000
    63 0.000000 0.000000 0.000000 0.000000 0.000000 0.000000
    64 0.000000 0.000000 0.000000 -3.141593 0.000000 0.000000
    65 0.000000 0.000000 0.000000 -1.570796 0.000000 0.000000
    66 0.000000 0.000000 0.000000 -1.570796 0.000000 0.000000
    67 0.000000 0.000000 0.000000 -1.570796 0.000000 0.000000
    68 0.000000 0.000000 0.000000 1.570796 0.000000 0.000000
    69 0.000000 0.000000 0.000000 1.570796 0.000000 0.000000
    70 0.000000 0.000000 0.000000 1.570796 0.000000 0.000000
    71 0.000000 0.000000 0.000001 1.570796 0.000000 0.000000
    72 0.000000 0.000000 0.000000 1.570796 0.000000 0.000000
    73 0.000000 0.000000 0.000000 1.570796 0.000000 0.000000
    74 0.000000 0.000000 0.000000 1.570796 0.000000 0.000000
    75 0.000000 0.000000 0.000000 1.570796 0.000000 0.000000
    76 -0.000001 0.000000 0.000000 1.570796 0.000000 0.000000
    77 0.000000 0.000000 0.000000 1.570796 0.000000 0.000000
    78 0.000000 0.000000 0.000000 1.570796 0.000000 0.000000
    79 0.000000 0.000000 0.000000 1.570796 0.000000 0.000000
  time 5
    0 -4.740567 -7.653439 -4.069553 -1.143125 -0.256658 0.748823
    1 7.195313 4.312500 -6.410156 -0.275968 0.424923 -1.104175
    2 0.000000 0.000000 0.000000 2.693700 0.179773 0.280398
    3 10.859747 -0.000001 -0.000001 0.272912 0.009239 1.652073
    4 11.118949 -0.012917 -0.055607 0.592479 -0.277359 0.526061
    5 4.462505 0.096129 -1.190233 1.731663 0.046611 0.031717
    6 1.533205 -0.000001 -0.000001 0.003385 0.358794 0.007988
    7 0.922225 0.000000 0.000000 0.000370 0.258801 0.001750
    8 4.581339 -0.202365 -0.322599 1.482354 -0.033591 0.326842
    9 1.706794 -0.000006 0.000000 0.015045 0.587369 0.010178
    10 0.995784 0.000001 0.000000 0.025687 0.314865 -0.005253
    11 4.329579 -0.047878 0.601895 1.300319 -0.052754 0.433494
    12 1.571783 0.000002 0.000005 0.026740 0.572091 0.026584
    13 1.038471 0.000006 0.000000 0.005297 0.429415 0.015377
    14 3.871905 0.337152 1.438553 1.321490 -0.040686 0.484813
    15 1.197247 -0.000007 -0.000013 0.072603 0.358410 0.064531
    16 0.862615 0.000000 0.000000 -0.008812 0.281607 -0.000895
    17 1.188218 1.062015 -1.188354 3.066840 0.393066 0.137779
    18 1.984254 -0.000001 0.000000 -0.028834 0.355649 -0.099941
    19 1.217773 0.000003 0.000002 -0.020700 -0.169366 0.027834
    20 9.582013 0.082096 -0.005725 1.610947 -0.651403 1.487132
    21 -1.511719 11.007813 -4.187500 1.244308 0.425693 -2.037295
    22 0.000000 0.000000 0.000000 2.852327 -0.073580 -0.265601
    23 10.859730 0.000013 -0.000005 -0.265991 0.008120 -1.167072
    24 11.118959 0.012915 -0.055609 -0.113886 0.104623 -0.544716
    25 4.462496 -0.096127 -1.190239 -1.667171 0.090819 -0.169462
    26 1.533207 0.000003 0.000000 -0.001689 -0.111354 -0.007557
    27 0.922219 0.000000 0.000000 -0.000168 -0.106573 -0.001706
    28 3.871094 -0.338867 1.439453 -1.480019 0.189903 -1.416936
    29 1.197266 0.000004 -0.000018 -0.127146 1.001777 -0.146524
    30 0.866211 -0.000001 -0.000002 0.009351 0.733784 0.001142
    31 4.582031 0.205322 -0.326172 -1.539698 0.007204 -1.420212
    32 1.709961 0.000006 -0.000003 -0.026879 1.095842 -0.020771
    33 0.998047 -0.000001 0.000001 -0.016608 0.557664 0.006715
    34 4.332031 0.048065 0.604980 -1.502394 0.106974 -1.508525
    35 1.571289 0.000006 -0.000001 -0.060351 1.044535 -0.069431
    36 1.039063 -0.000008 0.000002 -0.009609 0.637010 -0.018240
    37 1.191406 -1.063477 -1.191406 2.688815 0.147029 -0.438545
    38 1.987305 0.000003 0.000002 0.027278 0.315271 0.098085
    39 1.217773 -0.000005 0.000003 0.021152 0.266873 -0.018769
    40 9.578125 -0.084412 -0.006870 -1.606853 -0.254477 -1.498648
    41 -0.871094 11.210938 -11.585938 0.000000 0.000000 -0.000001
    42 -4.546380 -8.920040 -1.372377 -1.143125 -0.256658 0.748823
    43 -3.397775 -13.868473 8.285262 -1.143125 -0.256658 0.748823
    44 0.000000 0.000000 0.000000 0.000000 0.000000 0.000000
    45 0.000000 0.000000 0.000000 0.000000 0.000000 0.000000
    46 0.000000 0.000000 0.000000 0.000000 0.000000 0.000000
    47 0.000000 0.000000 0.000000 -1.570796 0.000000 0.000000
    48 0.000000 0.000000 0.000000 -1.570796 0.000000 0.000000
    49 0.000000 0.000000 0.000000 -1.570796 0.000000 0.000000
    50 0.000000 0.000000 0.000000 1.570796 0.000000 0.000000
    51 0.000000 0.000000 0.000000 1.570796 0.000000 0.000000
    52 0.000000 0.000000 0.000000 1.570796 0.000000 0.000000
    53 0.000000 0.000000 0.000000 1.570796 0.000000 0.000000
    54 0.000000 0.000000 0.000000 1.570796 0.000000 0.000000
    55 0.000000 0.000000 0.000000 1.570796 0.000000 0.000000
    56 0.000000 0.000000 0.000000 1.570796 0.000000 0.000000
    57 0.000000 0.000000 0.000000 1.570796 0.000000 0.000000
    58 0.000000 0.000000 0.000000 1.570796 0.000000 0.000000
    59 0.000000 0.000000 0.000000 1.570796 0.000000 0.000000
    60 0.000000 0.000000 0.000000 1.570796 0.000000 0.000000
    61 0.000000 0.000000 0.000000 1.570796 0.000000 0.000000
    62 0.000000 0.000001 0.000000 0.000000 0.000000 0.000000
    63 0.000000 0.000000 0.000000 0.000000 0.000000 0.000000
    64 0.000000 0.000000 0.000000 -3.141593 0.000000 0.000000
    65 0.000000 0.000000 0.000000 -1.570796 0.000000 0.000000
    66 0.000000 0.000000 0.000000 -1.570796 0.000000 0.000000
    67 0.000000 0.000000 0.000000 -1.570796 0.000000 0.000000
    68 0.000000 0.000000 0.000000 1.570796 0.000000 0.000000
    69 0.000000 0.000000 0.000000 1.570796 0.000000 0.000000
    70 0.000000 0.000000 0.000000 1.570796 0.000000 0.000000
    71 0.000000 0.000000 0.000001 1.570796 0.000000 0.000000
    72 0.000000 0.000000 0.000000 1.570796 0.000000 0.000000
    73 0.000000 0.000000 0.000000 1.570796 0.000000 0.000000
    74 0.000000 0.000000 0.000000 1.570796 0.000000 0.000000
    75 0.000000 0.000000 0.000000 1.570796 0.000000 0.000000
    76 -0.000001 0.000000 0.000000 1.570796 0.000000 0.000000
    77 0.000000 0.000000 0.000000 1.570796 0.000000 0.000000
    78 0.000000 0.000000 0.000000 1.570796 0.000000 0.000000
    79 0.000000 0.000000 0.000000 1.570796 0.000000 0.000000
  time 6
    0 -4.478840 -7.047952 -3.991426 -0.944428 -0.204597 0.649666
    1 7.195313 4.312500 -6.410156 -0.275968 0.424923 -1.104175
    2 0.000000 0.000000 0.000000 2.588140 0.252093 0.014056
    3 10.859747 -0.000001 -0.000001 0.272097 0.009287 1.597086
    4 11.118949 -0.012917 -0.055607 0.520290 -0.217752 0.219805
    5 4.462505 0.096129 -1.190233 1.724113 -0.025752 0.054895
    6 1.533205 -0.000001 -0.000001 0.004452 0.478153 0.008443
    7 0.922225 0.000000 0.000000 0.000562 0.362903 0.001810
    8 4.581339 -0.202365 -0.322599 1.449277 -0.088624 0.402874
    9 1.706794 -0.000006 0.000000 0.017353 0.860112 0.015000
    10 0.995784 0.000001 0.000000 0.024057 0.161447 -0.009076
    11 4.329579 -0.047878 0.601895 1.261561 -0.067004 0.598232
    12 1.571783 0.000002 0.000005 0.030024 0.793617 0.033031
    13 1.038471 0.000006 0.000000 0.004818 0.224819 0.013555
    14 3.871905 0.337152 1.438553 1.272881 0.034074 0.801000
    15 1.197247 -0.000007 -0.000013 0.073898 0.409425 0.068392
    16 0.862615 0.000000 0.000000 -0.008644 0.094120 -0.000859
    17 1.188218 1.062015 -1.188354 3.068468 0.341532 0.141950
    18 1.984254 -0.000001 0.000000 -0.028187 0.289088 -0.097976
    19 1.217773 0.000003 0.000002 -0.020700 -0.169366 0.027834
    20 9.582013 0.082096 -0.005725 1.605422 -0.513361 1.498098
    21 -1.511719 11.007813 -4.187500 1.244308 0.425693 -2.037295
    22 0.000000 0.000000 0.000000 2.871598 -0.123448 -0.329318
    23 10.859730 0.000013 -0.000005 -0.268232 0.008863 -1.328683
    24 11.118959 0.012915 -0.055609 -0.175176 -0.086574 -0.393863
    25 4.462496 -0.096127 -1.190239 -1.667171 0.090819 -0.169462
    26 1.533207 0.000003 0.000000 -0.001689 -0.111354 -0.007557
    27 0.922219 0.000000 0.000000 -0.000168 -0.106573 -0.001706
    28 3.871094 -0.338867 1.439453 -1.480019 0.189903 -1.416936
    29 1.197266 0.000004 -0.000018 -0.127146 1.001777 -0.146524
    30 0.866211 -0.000001 -0.000002 0.009351 0.733784 0.001142
    31 4.582031 0.205322 -0.326172 -1.539698 0.007204 -1.420212
    32 1.709961 0.000006 -0.000003 -0.026879 1.095842 -0.020771
    33 0.998047 -0.000001 0.000001 -0.016608 0.557664 0.006715
    34 4.332031 0.048065 0.604980 -1.502394 0.106974 -1.508525
    35 1.571289 0.000006 -0.000001 -0.060351 1.044535 -0.069431
    36 1.039063 -0.000008 0.000002 -0.009609 0.637010 -0.018240
    37 1.191406 -1.063477 -1.191406 2.688815 0.147029 -0.438545
    38 1.987305 0.000003 0.000002 0.027278 0.315271 0.098085
    39 1.217773 -0.000005 0.000003 0.021152 0.266873 -0.018769
    40 9.578125 -0.084412 -0.006870 -1.606853 -0.254477 -1.498648
    41 -0.871094 11.210938 -11.585938 0.000000 0.000000 -0.000001
    42 -3.933080 -8.630969 -1.516913 -0.944428 -0.204597 0.649666
    43 -1.565688 -14.731780 7.211011 -0.944428 -0.204597 0.649666
    44 0.000000 0.000000 0.000000 0.000000 0.000000 0.000000
    45 0.000000 0.000000 0.000000 0.000000 0.000000 0.000000
    46 0.000000 0.000000 0.000000 0.000000 0.000000 0.000000
    47 0.000000 0.000000 0.000000 -1.570796 0.000000 0.000000
    48 0.000000 0.000000 0.000000 -1.570796 0.000000 0.000000
    49 0.000000 0.000000 0.000000 -1.570796 0.000000 0.000000
    50 0.000000 0.000000 0.000000 1.570796 0.000000 0.000000
    51 0.000000 0.000000 0.000000 1.570796 0.000000 0.000000
    52 0.000000 0.000000 0.000000 1.570796 0.000000 0.000000
    53 0.000000 0.000000 0.000000 1.570796 0.000000 0.000000
    54 0.000000 0.000000 0.000000 1.570796 0.000000 0.000000
    55 0.000000 0.000000 0.000000 1.570796 0.000000 0.000000
    56 0.000000 0.000000 0.000000 1.570796 0.000000 0.000000
    57 0.000000 0.000000 0.000000 1.570796 0.000000 0.000000
    58 0.000000 0.000000 0.000000 1.570796 0.000000 0.000000
    59 0.000000 0.000000 0.000000 1.570796 0.000000 0.000000
    60 0.000000 0.000000 0.000000 1.570796 0.000000 0.000000
    61 0.000000 0.000000 0.000000 1.570796 0.000000 0.000000
    62 0.000000 0.000001 0.000000 0.000000 0.000000 0.000000
    63 0.000000 0.000000 0.000000 0.000000 0.000000 0.000000
    64 0.000000 0.000000 0.000000 -3.141593 0.000000 0.000000
    65 0.000000 0.000000 0.000000 -1.570796 0.000000 0.000000
    66 0.000000 0.000000 0.000000 -1.570796 0.000000 0.000000
    67 0.000000 0.000000 0.000000 -1.570796 0.000000 0.000000
    68 0.000000 0.000000 0.000000 1.570796 0.000000 0.000000
    69 0.000000 0.000000 0.000000 1.570796 0.000000 0.000000
    70 0.000000 0.000000 0.000000 1.570796 0.000000 0.000000
    71 0.000000 0.000000 0.000001 1.570796 0.000000 0.000000
    72 0.000000 0.000000 0.000000 1.570796 0.000000 0.000000
    73 0.000000 0.000000 0.000000 1.570796 0.000000 0.000000
    74 0.000000 0.000000 0.000000 1.570796 0.000000 0.000000
    75 0.000000 0.000000 0.000000 1.570796 0.000000 0.000000
    76 -0.000001 0.000000 0.000000 1.570796 0.000000 0.000000
    77 0.000000 0.000000 0.000000 1.570796 0.000000 0.000000
    78 0.000000 0.000000 0.000000 1.570796 0.000000 0.000000
    79 0.000000 0.000000 0.000000 1.570796 0.000000 0.000000
  time 7
    0 -4.213207 -6.356525 -3.917204 -0.718066 -0.139094 0.547307
    1 7.195313 4.312500 -6.410156 -0.275968 0.424923 -1.104175
    2 0.000000 0.000000 0.000000 2.491968 0.247496 -0.243839
    3 10.859747 -0.000001 -0.000001 0.270108 0.009203 1.459744
    4 11.118949 -0.012917 -0.055607 0.369424 -0.066004 -0.062003
    5 4.462505 0.096129 -1.190233 1.715855 -0.104587 0.080147
    6 1.533205 -0.000001 -0.000001 0.005782 0.608121 0.009114
    7 0.922225 0.000000 0.000000 0.000801 0.479330 0.001906
    8 4.581339 -0.202365 -0.322599 1.413203 -0.148619 0.485699
    9 1.706794 -0.000006 0.000000 0.027783 1.157179 0.027983
    10 0.995784 0.000001 0.000000 0.023625 -0.005642 -0.013282
    11 4.329579 -0.047878 0.601895 1.219351 -0.082524 0.777727
    12 1.571783 0.000002 0.000005 0.040582 1.034938 0.047101
    13 1.038471 0.000006 0.000000 0.004950 0.002008 0.012381
    14 3.871905 0.337152 1.438553 1.219897 0.115543 1.145569
    15 1.197247 -0.000007 -0.000013 0.075839 0.464993 0.073006
    16 0.862615 0.000000 0.000000 -0.008464 -0.110144 -0.000871
    17 1.188218 1.062015 -1.188354 3.069942 0.294193 0.145761
    18 1.984254 -0.000001 0.000000 -0.027612 0.227047 -0.096130
    19 1.217773 0.000003 0.000002 -0.020700 -0.169366 0.027834
    20 9.582013 0.082096 -0.005725 1.602390 -0.342963 1.507805
    21 -1.511719 11.007813 -4.187500 1.244308 0.425693 -2.037295
    22 0.000000 0.000000 0.000000 2.891732 -0.180959 -0.382815
    23 10.859730 0.000013 -0.000005 -0.270653 0.009235 -1.496270
    24 11.118959 0.012915 -0.055609 -0.252393 -0.303073 -0.199773
    25 4.462496 -0.096127 -1.190239 -1.667171 0.090819 -0.169462
    26 1.533207 0.000003 0.000000 -0.001689 -0.111354 -0.007557
    27 0.922219 0.000000 0.000000 -0.000168 -0.106573 -0.001706
    28 3.871094 -0.338867 1.439453 -1.480019 0.189903 -1.416936
    29 1.197266 0.000004 -0.000018 -0.127146 1.001777 -0.146524
    30 0.866211 -0.000001 -0.000002 0.009351 0.733784 0.001142
    31 4.582031 0.205322 -0.326172 -1.539698 0.007204 -1.420212
    32 1.709961 0.000006 -0.000003 -0.026879 1.095842 -0.020771
    33 0.998047 -0.000001 0.000001 -0.016608 0.557664 0.006715
    34 4.332031 0.048065 0.604980 -1.502394 0.106974 -1.508525
    35 1.571289 0.000006 -0.000001 -0.060351 1.044535 -0.069431
    36 1.039063 -0.000008 0.000002 -0.009609 0.637010 -0.018240
    37 1.191406 -1.063477 -1.191406 2.688815 0.147029 -0.438545
    38 1.987305 0.000003 0.000002 0.027278 0.315271 0.098085
    39 1.217773 -0.000005 0.000003 0.021152 0.266873 -0.018769
    40 9.578125 -0.084412 -0.006870 -1.606853 -0.254477 -1.498648
    41 -0.871094 11.210938 -11.585938 0.000000 0.000000 -0.000001
    42 -3.370563 -8.322366 -1.837235 -0.718066 -0.139094 0.547307
    43 0.004673 -15.790406 5.371111 -0.718066 -0.139094 0.547307
    44 0.000000 0.000000 0.000000 0.000000 0.000000 0.000000
    45 0.000000 0.000000 0.000000 0.000000 0.000000 0.000000
    46 0.000000 0.000000 0.000000 0.000000 0.000000 0.000000
    47 0.000000 0.000000 0.000000 -1.570796 0.000000 0.000000
    48 0.000000 0.000000 0.000000 -1.570796 0.000000 0.000000
    49 0.000000 0.000000 0.000000 -1.570796 0.000000 0.000000
    50 0.000000 0.000000 0.000000 1.570796 0.000000 0.000000
    51 0.000000 0.000000 0.000000 1.570796 0.000000 0.000000
    52 0.000000 0.000000 0.000000 1.570796 0.000000 0.000000
    53 0.000000 0.000000 0.000000 1.570796 0.000000 0.000000
    54 0.000000 0.000000 0.000000 1.570796 0.000000 0.000000
    55 0.000000 0.000000 0.000000 1.570796 0.000000 0.000000
    56 0.000000 0.000000 0.000000 1.570796 0.000000 0.000000
    57 0.000000 0.000000 0.000000 1.570796 0.000000 0.000000
    58 0.000000 0.000000 0.000000 1.570796 0.000000 0.000000
    59 0.000000 0.000000 0.000000 1.570796 0.000000 0.000000
    60 0.000000 0.000000 0.000000 1.570796 0.000000 0.000000
    61 0.000000 0.000000 0.000000 1.570796 0.000000 0.000000
    62 0.000000 0.000001 0.000000 0.000000 0.000000 0.000000
    63 0.000000 0.000000 0.000000 0.000000 0.000000 0.000000
    64 0.000000 0.000000 0.000000 -3.141593 0.000000 0.000000
    65 0.000000 0.000000 0.000000 -1.570796 0.000000 0.000000
    66 0.000000 0.000000 0.000000 -1.570796 0.000000 0.000000
    67 0.000000 0.000000 0.000000 -1.570796 0.000000 0.000000
    68 0.000000 0.000000 0.000000 1.570796 0.000000 0.000000
    69 0.000000 0.000000 0.000000 1.570796 0.000000 0.000000
    70 0.000000 0.000000 0.000000 1.570796 0.000000 0.000000
    71 0.000000 0.000000 0.000001 1.570796 0.000000 0.000000
    72 0.000000 0.000000 0.000000 1.570796 0.000000 0.000000
    73 0.000000 0.000000 0.000000 1.570796 0.000000 0.000000
    74 0.000000 0.000000 0.000000 1.570796 0.000000 0.000000
    75 0.000000 0.000000 0.000000 1.570796 0.000000 0.000000
    76 -0.000001 0.000000 0.000000 1.570796 0.000000 0.000000
    77 0.000000 0.000000 0.000000 1.570796 0.000000 0.000000
    78 0.000000 0.000000 0.000000 1.570796 0.000000 0.000000
    79 0.000000 0.000000 0.000000 1.570796 0.000000 0.000000
  time 8
    0 -3.951480 -5.610408 -3.850796 -0.485133 -0.063263 0.443348
    1 7.195313 4.312500 -6.410156 -0.275968 0.424923 -1.104175
    2 0.000000 0.000000 0.000000 2.430161 0.185498 -0.441947
    3 10.859747 -0.000001 -0.000001 0.267063 0.008532 1.247437
    4 11.118949 -0.012917 -0.055607 0.106972 0.084151 -0.276288
    5 4.462505 0.096129 -1.190233 1.708305 -0.176926 0.103325
    6 1.533205 -0.000001 -0.000001 0.007220 0.727480 0.010025
    7 0.922225 0.000000 0.000000 0.001041 0.591222 0.002038
    8 4.581339 -0.202365 -0.322599 1.380114 -0.203664 0.561731
    9 1.706794 -0.000006 0.000000 0.086953 1.429541 0.089095
    10 0.995784 0.000001 0.000000 0.024512 -0.158991 -0.017453
    11 4.329579 -0.047878 0.601895 1.180593 -0.096786 0.942465
    12 1.571783 0.000002 0.000005 0.070639 1.256110 0.080382
    13 1.038471 0.000006 0.000000 0.005441 -0.202636 0.011877
    14 3.871905 0.337152 1.438553 1.171276 0.190316 1.461812
    15 1.197247 -0.000007 -0.000013 0.078141 0.515956 0.077674
    16 0.862615 0.000000 0.000000 -0.008309 -0.297684 -0.000895
    17 1.188218 1.062015 -1.188354 3.071186 0.255195 0.148913
    18 1.984254 -0.000001 0.000000 -0.027108 0.174719 -0.094584
    19 1.217773 0.000003 0.000002 -0.020700 -0.169366 0.027834
    20 9.582013 0.082096 -0.005725 1.602138 -0.153467 1.515380
    21 -1.511719 11.007813 -4.187500 1.244308 0.425693 -2.037295
    22 0.000000 0.000000 0.000000 2.905934 -0.241767 -0.415929
    23 10.859730 0.000013 -0.000005 -0.273002 0.009223 -1.657022
    24 11.118959 0.012915 -0.055609 -0.361515 -0.516617 0.050024
    25 4.462496 -0.096127 -1.190239 -1.667171 0.090819 -0.169462
    26 1.533207 0.000003 0.000000 -0.001689 -0.111354 -0.007557
    27 0.922219 0.000000 0.000000 -0.000168 -0.106573 -0.001706
    28 3.871094 -0.338867 1.439453 -1.480019 0.189903 -1.416936
    29 1.197266 0.000004 -0.000018 -0.127146 1.001777 -0.146524
    30 0.866211 -0.000001 -0.000002 0.009351 0.733784 0.001142
    31 4.582031 0.205322 -0.326172 -1.539698 0.007204 -1.420212
    32 1.709961 0.000006 -0.000003 -0.026879 1.095842 -0.020771
    33 0.998047 -0.000001 0.000001 -0.016608 0.557664 0.006715
    34 4.332031 0.048065 0.604980 -1.502394 0.106974 -1.508525
    35 1.571289 0.000006 -0.000001 -0.060351 1.044535 -0.069431
    36 1.039063 -0.000008 0.000002 -0.009609 0.637010 -0.018240
    37 1.191406 -1.063477 -1.191406 2.688815 0.147029 -0.438545
    38 1.987305 0.000003 0.000002 0.027278 0.315271 0.098085
    39 1.217773 -0.000005 0.000003 0.021152 0.266873 -0.018769
    40 9.578125 -0.084412 -0.006870 -1.606853 -0.254477 -1.498648
    41 -0.871094 11.210938 -11.585938 0.000000 0.000000 -0.000001
    42 -2.960395 -7.959073 -2.294280 -0.485133 -0.063263 0.443348
    43 0.867980 -16.766999 2.894473 -0.485133 -0.063263 0.443348
    44 0.000000 0.000000 0.000000 0.000000 0.000000 0.000000
    45 0.000000 0.000000 0.000000 0.000000 0.000000 0.000000
    46 0.000000 0.000000 0.000000 0.000000 0.000000 0.000000
    47 0.000000 0.000000 0.000000 -1.570796 0.000000 0.000000
    48 0.000000 0.000000 0.000000 -1.570796 0.000000 0.000000
    49 0.000000 0.000000 0.000000 -1.570796 0.000000 0.000000
    50 0.000000 0.000000 0.000000 1.570796 0.000000 0.000000
    51 0.000000 0.000000 0.000000 1.570796 0.000000 0.000000
    52 0.000000 0.000000 0.000000 1.570796 0.000000 0.000000
    53 0.000000 0.000000 0.000000 1.570796 0.000000 0.000000
    54 0.000000 0.000000 0.000000 1.570796 0.000000 0.000000
    55 0.000000 0.000000 0.000000 1.570796 0.000000 0.000000
    56 0.000000 0.000000 0.000000 1.570796 0.000000 0.000000
    57 0.000000 0.000000 0.000000 1.570796 0.000000 0.000000
    58 0.000000 0.000000 0.000000 1.570796 0.000000 0.000000
    59 0.000000 0.000000 0.000000 1.570796 0.000000 0.000000
    60 0.000000 0.000000 0.000000 1.570796 0.000000 0.000000
    61 0.000000 0.000000 0.000000 1.570796 0.000000 0.000000
    62 0.000000 0.000001 0.000000 0.000000 0.000000 0.000000
    63 0.000000 0.000000 0.000000 0.000000 0.000000 0.000000
    64 0.000000 0.000000 0.000000 -3.141593 0.000000 0.000000
    65 0.000000 0.000000 0.000000 -1.570796 0.000000 0.000000
    66 0.000000 0.000000 0.000000 -1.570796 0.000000 0.000000
    67 0.000000 0.000000 0.000000 -1.570796 0.000000 0.000000
    68 0.000000 0.000000 0.000000 1.570796 0.000000 0.000000
    69 0.000000 0.000000 0.000000 1.570796 0.000000 0.000000
    70 0.000000 0.000000 0.000000 1.570796 0.000000 0.000000
    71 0.000000 0.000000 0.000001 1.570796 0.000000 0.000000
    72 0.000000 0.000000 0.000000 1.570796 0.000000 0.000000
    73 0.000000 0.000000 0.000000 1.570796 0.000000 0.000000
    74 0.000000 0.000000 0.000000 1.570796 0.000000 0.000000
    75 0.000000 0.000000 0.000000 1.570796 0.000000 0.000000
    76 -0.000001 0.000000 0.000000 1.570796 0.000000 0.000000
    77 0.000000 0.000000 0.000000 1.570796 0.000000 0.000000
    78 0.000000 0.000000 0.000000 1.570796 0.000000 0.000000
    79 0.000000 0.000000 0.000000 1.570796 0.000000 0.000000
  time 9
    0 -3.693660 -4.856479 -3.788294 -0.266922 0.019822 0.339473
    1 7.195313 4.312500 -6.410156 -0.275968 0.424923 -1.104175
    2 0.000000 0.000000 0.000000 2.423047 0.129577 -0.562610
    3 10.859747 -0.000001 -0.000001 0.264163 0.007177 1.028819
    4 11.118949 -0.012917 -0.055607 -0.208863 0.149708 -0.421613
    5 4.462505 0.096129 -1.190233 1.702756 -0.229837 0.120271
    6 1.533205 -0.000001 -0.000001 0.008502 0.814754 0.010912
    7 0.922225 0.000000 0.000000 0.001293 0.681684 0.002170
    8 4.581339 -0.202365 -0.322599 1.355917 -0.243932 0.617349
    9 1.706794 -0.000006 0.000000 2.912512 1.510508 2.915918
    10 0.995784 0.000001 0.000000 0.026034 -0.271122 -0.020917
    11 4.329579 -0.047878 0.601895 1.152249 -0.107188 1.062933
    12 1.571783 0.000002 0.000005 0.154903 1.417092 0.166947
    13 1.038471 0.000006 0.000000 0.005860 -0.352151 0.011829
    14 3.871905 0.337152 1.438553 1.135693 0.245001 1.693128
    15 1.197247 -0.000007 -0.000013 0.080207 0.553210 0.081400
    16 0.862615 0.000000 0.000000 -0.008177 -0.434783 -0.000943
    17 1.188218 1.062015 -1.188354 3.072028 0.228745 0.151046
    18 1.984254 -0.000001 0.000000 -0.026761 0.137181 -0.093482
    19 1.217773 0.000003 0.000002 -0.020700 -0.169366 0.027834
    20 9.582013 0.082096 -0.005725 1.604020 0.041869 1.520773
    21 -1.511719 11.007813 -4.187500 1.244308 0.425693 -2.037295
    22 0.000000 0.000000 0.000000 2.907959 -0.300799 -0.423122
    23 10.859730 0.000013 -0.000005 -0.275063 0.008911 -1.800189
    24 11.118959 0.012915 -0.055609 -0.521897 -0.696215 0.366504
    25 4.462496 -0.096127 -1.190239 -1.667171 0.090819 -0.169462
    26 1.533207 0.000003 0.000000 -0.001689 -0.111354 -0.007557
    27 0.922219 0.000000 0.000000 -0.000168 -0.106573 -0.001706
    28 3.871094 -0.338867 1.439453 -1.480019 0.189903 -1.416936
    29 1.197266 0.000004 -0.000018 -0.127146 1.001777 -0.146524
    30 0.866211 -0.000001 -0.000002 0.009351 0.733784 0.001142
    31 4.582031 0.205322 -0.326172 -1.539698 0.007204 -1.420212
    32 1.709961 0.000006 -0.000003 -0.026879 1.095842 -0.020771
    33 0.998047 -0.000001 0.000001 -0.016608 0.557664 0.006715
    34 4.332031 0.048065 0.604980 -1.502394 0.106974 -1.508525
    35 1.571289 0.000006 -0.000001 -0.060351 1.044535 -0.069431
    36 1.039063 -0.000008 0.000002 -0.009609 0.637010 -0.018240
    37 1.191406 -1.063477 -1.191406 2.688815 0.147029 -0.438545
    38 1.987305 0.000003 0.000002 0.027278 0.315271 0.098085
    39 1.217773 -0.000005 0.000003 0.021152 0.266873 -0.018769
    40 9.578125 -0.084412 -0.006870 -1.606853 -0.254477 -1.498648
    41 -0.871094 11.210938 -11.585938 0.000000 0.000000 -0.000001
    42 -2.741638 -7.517654 -2.821640 -0.266922 0.019822 0.339473
    43 0.809385 -17.392018 0.179546 -0.266922 0.019822 0.339473
    44 0.000000 0.000000 0.000000 0.000000 0.000000 0.000000
    45 0.000000 0.000000 0.000000 0.000000 0.000000 0.000000
    46 0.000000 0.000000 0.000000 0.000000 0.000000 0.000000
    47 0.000000 0.000000 0.000000 -1.570796 0.000000 0.000000
    48 0.000000 0.000000 0.000000 -1.570796 0.000000 0.000000
    49 0.000000 0.000000 0.000000 -1.570796 0.000000 0.000000
    50 0.000000 0.000000 0.000000 1.570796 0.000000 0.000000
    51 0.000000 0.000000 0.000000 1.570796 0.000000 0.000000
    52 0.000000 0.000000 0.000000 1.570796 0.000000 0.000000
    53 0.000000 0.000000 0.000000 1.570796 0.000000 0.000000
    54 0.000000 0.000000 0.000000 1.570796 0.000000 0.000000
    55 0.000000 0.000000 0.000000 1.570796 0.000000 0.000000
    56 0.000000 0.000000 0.000000 1.570796 0.000000 0.000000
    57 0.000000 0.000000 0.000000 1.570796 0.000000 0.000000
    58 0.000000 0.000000 0.000000 1.570796 0.000000 0.000000
    59 0.000000 0.000000 0.000000 1.570796 0.000000 0.000000
    60 0.000000 0.000000 0.000000 1.570796 0.000000 0.000000
    61 0.000000 0.000000 0.000000 1.570796 0.000000 0.000000
    62 0.000000 0.000001 0.000000 0.000000 0.000000 0.000000
    63 0.000000 0.000000 0.000000 0.000000 0.000000 0.000000
    64 0.000000 0.000000 0.000000 -3.141593 0.000000 0.000000
    65 0.000000 0.000000 0.000000 -1.570796 0.000000 0.000000
    66 0.000000 0.000000 0.000000 -1.570796 0.000000 0.000000
    67 0.000000 0.000000 0.000000 -1.570796 0.000000 0.000000
    68 0.000000 0.000000 0.000000 1.570796 0.000000 0.000000
    69 0.000000 0.000000 0.000000 1.570796 0.000000 0.000000
    70 0.000000 0.000000 0.000000 1.570796 0.000000 0.000000
    71 0.000000 0.000000 0.000001 1.570796 0.000000 0.000000
    72 0.000000 0.000000 0.000000 1.570796 0.000000 0.000000
    73 0.000000 0.000000 0.000000 1.570796 0.000000 0.000000
    74 0.000000 0.000000 0.000000 1.570796 0.000000 0.000000
    75 0.000000 0.000000 0.000000 1.570796 0.000000 0.000000
    76 -0.000001 0.000000 0.000000 1.570796 0.000000 0.000000
    77 0.000000 0.000000 0.000000 1.570796 0.000000 0.000000
    78 0.000000 0.000000 0.000000 1.570796 0.000000 0.000000
    79 0.000000 0.000000 0.000000 1.570796 0.000000 0.000000
  time 10
    0 -3.447559 -4.118175 -3.729699 -0.084775 0.107197 0.237536
    1 7.195313 4.312500 -6.410156 -0.275968 0.424923 -1.104175
    2 0.000000 0.000000 0.000000 2.468785 0.157250 -0.595637
    3 10.859747 -0.000001 -0.000001 0.263144 0.006506 0.942057
    4 11.118949 -0.012917 -0.055607 -0.472625 0.126415 -0.492273
    5 4.462505 0.096129 -1.190233 1.700635 -0.250355 0.126839
    6 1.533205 -0.000001 -0.000001 0.009042 0.848532 0.011307
    7 0.922225 0.000000 0.000000 0.001437 0.733752 0.002278
    8 4.581339 -0.202365 -0.322599 1.346533 -0.259536 0.638898
    9 1.706794 -0.000006 0.000000 3.036021 1.434016 3.039811
    10 0.995784 0.000001 0.000000 0.026837 -0.314590 -0.022355
    11 4.329579 -0.047878 0.601895 1.141283 -0.111227 1.109616
    12 1.571783 0.000002 0.000005 0.269056 1.478394 0.281975
    13 1.038471 0.000006 0.000000 0.006016 -0.410155 0.011865
    14 3.871905 0.337152 1.438553 1.121923 0.266193 1.782702
    15 1.197247 -0.000007 -0.000013 0.081066 0.567625 0.082907
    16 0.862615 0.000000 0.000000 -0.008129 -0.487940 -0.000955
    17 1.188218 1.062015 -1.188354 3.072296 0.219014 0.151813
    18 1.984254 -0.000001 0.000000 -0.026593 0.119611 -0.092954
    19 1.217773 0.000003 0.000002 -0.020700 -0.169366 0.027834
    20 9.582013 0.082096 -0.005725 1.606884 0.229882 1.524368
    21 -1.511719 11.007813 -4.187500 1.244308 0.425693 -2.037295
    22 0.000000 0.000000 0.000000 2.893745 -0.353789 -0.406266
    23 10.859730 0.000013 -0.000005 -0.276753 0.008396 -1.919968
    24 11.118959 0.012915 -0.055609 -0.734143 -0.808362 0.738895
    25 4.462496 -0.096127 -1.190239 -1.667171 0.090819 -0.169462
    26 1.533207 0.000003 0.000000 -0.001689 -0.111354 -0.007557
    27 0.922219 0.000000 0.000000 -0.000168 -0.106573 -0.001706
    28 3.871094 -0.338867 1.439453 -1.480019 0.189903 -1.416936
    29 1.197266 0.000004 -0.000018 -0.127146 1.001777 -0.146524
    30 0.866211 -0.000001 -0.000002 0.009351 0.733784 0.001142
    31 4.582031 0.205322 -0.326172 -1.539698 0.007204 -1.420212
    32 1.709961 0.000006 -0.000003 -0.026879 1.095842 -0.020771
    33 0.998047 -0.000001 0.000001 -0.016608 0.557664 0.006715
    34 4.332031 0.048065 0.604980 -1.502394 0.106974 -1.508525
    35 1.571289 0.000006 -0.000001 -0.060351 1.044535 -0.069431
    36 1.039063 -0.000008 0.000002 -0.009609 0.637010 -0.018240
    37 1.191406 -1.063477 -1.191406 2.688815 0.147029 -0.438545
    38 1.987305 0.000003 0.000002 0.027278 0.315271 0.098085
    39 1.217773 -0.000005 0.000003 0.021152 0.266873 -0.018769
    40 9.578125 -0.084412 -0.006870 -1.606853 -0.254477 -1.498648
    41 -0.871094 11.210938 -11.585938 0.000000 0.000000 -0.000001
    42 -2.714293 -6.986387 -3.290405 -0.084775 0.107197 0.237536
    43 -0.046110 -17.517021 -2.246309 -0.084775 0.107197 0.237536
    44 0.000000 0.000000 0.000000 0.000000 0.000000 0.000000
    45 0.000000 0.000000 0.000000 0.000000 0.000000 0.000000
    46 0.000000 0.000000 0.000000 0.000000 0.000000 0.000000
    47 0.000000 0.000000 0.000000 -1.570796 0.000000 0.000000
    48 0.000000 0.000000 0.000000 -1.570796 0.000000 0.000000
    49 0.000000 0.000000 0.000000 -1.570796 0.000000 0.000000
    50 0.000000 0.000000 0.000000 1.570796 0.000000 0.000000
    51 0.000000 0.000000 0.000000 1.570796 0.000000 0.000000
    52 0.000000 0.000000 0.000000 1.570796 0.000000 0.000000
    53 0.000000 0.000000 0.000000 1.570796 0.000000 0.000000
    54 0.000000 0.000000 0.000000 1.570796 0.000000 0.000000
    55 0.000000 0.000000 0.000000 1.570796 0.000000 0.000000
    56 0.000000 0.000000 0.000000 1.570796 0.000000 0.000000
    57 0.000000 0.000000 0.000000 1.570796 0.000000 0.000000
    58 0.000000 0.000000 0.000000 1.570796 0.000000 0.000000
    59 0.000000 0.000000 0.000000 1.570796 0.000000 0.000000
    60 0.000000 0.000000 0.000000 1.570796 0.000000 0.000000
    61 0.000000 0.000000 0.000000 1.570796 0.000000 0.000000
    62 0.000000 0.000001 0.000000 0.000000 0.000000 0.000000
    63 0.000000 0.000000 0.000000 0.000000 0.000000 0.000000
    64 0.000000 0.000000 0.000000 -3.141593 0.000000 0.000000
    65 0.000000 0.000000 0.000000 -1.570796 0.000000 0.000000
    66 0.000000 0.000000 0.000000 -1.570796 0.000000 0.000000
    67 0.000000 0.000000 0.000000 -1.570796 0.000000 0.000000
    68 0.000000 0.000000 0.000000 1.570796 0.000000 0.000000
    69 0.000000 0.000000 0.000000 1.570796 0.000000 0.000000
    70 0.000000 0.000000 0.000000 1.570796 0.000000 0.000000
    71 0.000000 0.000000 0.000001 1.570796 0.000000 0.000000
    72 0.000000 0.000000 0.000000 1.570796 0.000000 0.000000
    73 0.000000 0.000000 0.000000 1.570796 0.000000 0.000000
    74 0.000000 0.000000 0.000000 1.570796 0.000000 0.000000
    75 0.000000 0.000000 0.000000 1.570796 0.000000 0.000000
    76 -0.000001 0.000000 0.000000 1.570796 0.000000 0.000000
    77 0.000000 0.000000 0.000000 1.570796 0.000000 0.000000
    78 0.000000 0.000000 0.000000 1.570796 0.000000 0.000000
    79 0.000000 0.000000 0.000000 1.570796 0.000000 0.000000
  time 11
    0 -3.217083 -3.438467 -3.675010 0.040016 0.195788 0.139053
    1 7.195313 4.312500 -6.410156 -0.275968 0.424923 -1.104175
    2 0.000000 0.000000 0.000000 2.525510 0.236621 -0.594656
    3 10.859747 -0.000001 -0.000001 0.263396 0.006698 0.964255
    4 11.118949 -0.012917 -0.055607 -0.645093 0.086461 -0.503155
    5 4.462505 0.096129 -1.190233 1.700635 -0.250355 0.126839
    6 1.533205 -0.000001 -0.000001 0.009042 0.848532 0.011307
    7 0.922225 0.000000 0.000000 0.001520 0.760271 0.002326
    8 4.581339 -0.202365 -0.322599 1.346533 -0.259536 0.638898
    9 1.706794 -0.000006 0.000000 3.036021 1.434016 3.039811
    10 0.995784 0.000001 0.000000 0.026837 -0.314590 -0.022355
    11 4.329579 -0.047878 0.601895 1.141283 -0.111227 1.109616
    12 1.571783 0.000002 0.000005 0.269056 1.478394 0.281975
    13 1.038471 0.000006 0.000000 0.006016 -0.410155 0.011865
    14 3.871905 0.337152 1.438553 1.121923 0.266193 1.782702
    15 1.197247 -0.000007 -0.000013 0.081066 0.567625 0.082907
    16 0.862615 0.000000 0.000000 -0.008129 -0.487940 -0.000955
    17 1.188218 1.062015 -1.188354 3.072296 0.219014 0.151813
    18 1.984254 -0.000001 0.000000 -0.026521 0.113844 -0.092787
    19 1.217773 0.000003 0.000002 -0.020700 -0.169366 0.027834
    20 9.582013 0.082096 -0.005725 1.609617 0.397025 1.526669
    21 -1.511719 11.007813 -4.187500 1.244308 0.425693 -2.037295
    22 0.000000 0.000000 0.000000 2.866372 -0.395624 -0.376778
    23 10.859730 0.000013 -0.000005 -0.278072 0.007844 -2.017433
    24 11.118959 0.012915 -0.055609 -0.950321 -0.833295 1.101865
    25 4.462496 -0.096127 -1.190239 -1.667171 0.090819 -0.169462
    26 1.533207 0.000003 0.000000 -0.001689 -0.111354 -0.007557
    27 0.922219 0.000000 0.000000 -0.000168 -0.106573 -0.001706
    28 3.871094 -0.338867 1.439453 -1.480019 0.189903 -1.416936
    29 1.197266 0.000004 -0.000018 -0.127146 1.001777 -0.146524
    30 0.866211 -0.000001 -0.000002 0.009351 0.733784 0.001142
    31 4.582031 0.205322 -0.326172 -1.539698 0.007204 -1.420212
    32 1.709961 0.000006 -0.000003 -0.026879 1.095842 -0.020771
    33 0.998047 -0.000001 0.000001 -0.016608 0.557664 0.006715
    34 4.332031 0.048065 0.604980 -1.502394 0.106974 -1.508525
    35 1.571289 0.000006 -0.000001 -0.060351 1.044535 -0.069431
    36 1.039063 -0.000008 0.000002 -0.009609 0.637010 -0.018240
    37 1.191406 -1.063477 -1.191406 2.688815 0.147029 -0.438545
    38 1.987305 0.000003 0.000002 0.027278 0.315271 0.098085
    39 1.217773 -0.000005 0.000003 0.021152 0.266873 -0.018769
    40 9.578125 -0.084412 -0.006870 -1.606853 -0.254477 -1.498648
    41 -0.871094 11.210938 -11.585938 0.000000 0.000000 -0.000001
    42 -2.800233 -6.400432 -3.599008 0.040016 0.195788 0.139053
    43 -1.343025 -17.212325 -3.906516 0.040016 0.195788 0.139053
    44 0.000000 0.000000 0.000000 0.000000 0.000000 0.000000
    45 0.000000 0.000000 0.000000 0.000000 0.000000 0.000000
    46 0.000000 0.000000 0.000000 0.000000 0.000000 0.000000
    47 0.000000 0.000000 0.000000 -1.570796 0.000000 0.000000
    48 0.000000 0.000000 0.000000 -1.570796 0.000000 0.000000
    49 0.000000 0.000000 0.000000 -1.570796 0.000000 0.000000
    50 0.000000 0.000000 0.000000 1.570796 0.000000 0.000000
    51 0.000000 0.000000 0.000000 1.570796 0.000000 0.000000
    52 0.000000 0.000000 0.000000 1.570796 0.000000 0.000000
    53 0.000000 0.000000 0.000000 1.570796 0.000000 0.000000
    54 0.000000 0.000000 0.000000 1.570796 0.000000 0.000000
    55 0.000000 0.000000 0.000000 1.570796 0.000000 0.000000
    56 0.000000 0.000000 0.000000 1.570796 0.000000 0.000000
    57 0.000000 0.000000 0.000000 1.570796 0.000000 0.000000
    58 0.000000 0.000000 0.000000 1.570796 0.000000 0.000000
    59 0.000000 0.000000 0.000000 1.570796 0.000000 0.000000
    60 0.000000 0.000000 0.000000 1.570796 0.000000 0.000000
    61 0.000000 0.000000 0.000000 1.570796 0.000000 0.000000
    62 0.000000 0.000001 0.000000 0.000000 0.000000 0.000000
    63 0.000000 0.000000 0.000000 0.000000 0.000000 0.000000
    64 0.000000 0.000000 0.000000 -3.141593 0.000000 0.000000
    65 0.000000 0.000000 0.000000 -1.570796 0.000000 0.000000
    66 0.000000 0.000000 0.000000 -1.570796 0.000000 0.000000
    67 0.000000 0.000000 0.000000 -1.570796 0.000000 0.000000
    68 0.000000 0.000000 0.000000 1.570796 0.000000 0.000000
    69 0.000000 0.000000 0.000000 1.570796 0.000000 0.000000
    70 0.000000 0.000000 0.000000 1.570796 0.000000 0.000000
    71 0.000000 0.000000 0.000001 1.570796 0.000000 0.000000
    72 0.000000 0.000000 0.000000 1.570796 0.000000 0.000000
    73 0.000000 0.000000 0.000000 1.570796 0.000000 0.000000
    74 0.000000 0.000000 0.000000 1.570796 0.000000 0.000000
    75 0.000000 0.000000 0.000000 1.570796 0.000000 0.000000
    76 -0.000001 0.000000 0.000000 1.570796 0.000000 0.000000
    77 0.000000 0.000000 0.000000 1.570796 0.000000 0.000000
    78 0.000000 0.000000 0.000000 1.570796 0.000000 0.000000
    79 0.000000 0.000000 0.000000 1.570796 0.000000 0.000000
  time 12
    0 -3.006139 -2.848605 -3.620320 0.086356 0.282480 0.045709
    1 7.195313 4.312500 -6.410156 -0.275968 0.424923 -1.104175
    2 0.000000 0.000000 0.000000 2.545451 0.282021 -0.630463
    3 10.859747 -0.000001 -0.000001 0.263384 0.006698 0.963843
    4 11.118949 -0.012917 -0.055607 -0.748824 0.068628 -0.472435
    5 4.462505 0.096129 -1.190233 1.700635 -0.250355 0.126839
    6 1.533205 -0.000001 -0.000001 0.009042 0.848532 0.011307
    7 0.922225 0.000000 0.000000 0.001604 0.785267 0.002386
    8 4.581339 -0.202365 -0.322599 1.346533 -0.259536 0.638898
    9 1.706794 -0.000006 0.000000 3.036021 1.434016 3.039811
    10 0.995784 0.000001 0.000000 0.026837 -0.314590 -0.022355
    11 4.329579 -0.047878 0.601895 1.141283 -0.111227 1.109616
    12 1.571783 0.000002 0.000005 0.269056 1.478394 0.281975
    13 1.038471 0.000006 0.000000 0.006016 -0.410155 0.011865
    14 3.871905 0.337152 1.438553 1.121923 0.266193 1.782702
    15 1.197247 -0.000007 -0.000013 0.081066 0.567625 0.082907
    16 0.862615 0.000000 0.000000 -0.008129 -0.487940 -0.000955
    17 1.188218 1.062015 -1.188354 3.072296 0.219014 0.151813
    18 1.984254 -0.000001 0.000000 -0.026473 0.108397 -0.092631
    19 1.217773 0.000003 0.000002 -0.020700 -0.169366 0.027834
    20 9.582013 0.082096 -0.005725 1.611234 0.530377 1.528191
    21 -1.511719 11.007813 -4.187500 1.244308 0.425693 -2.037295
    22 0.000000 0.000000 0.000000 2.833487 -0.424030 -0.352450
    23 10.859730 0.000013 -0.000005 -0.279114 0.007293 -2.098862
    24 11.118959 0.012915 -0.055609 -1.092911 -0.778589 1.357015
    25 4.462496 -0.096127 -1.190239 -1.667171 0.090819 -0.169462
    26 1.533207 0.000003 0.000000 -0.001689 -0.111354 -0.007557
    27 0.922219 0.000000 0.000000 -0.000168 -0.106573 -0.001706
    28 3.871094 -0.338867 1.439453 -1.480019 0.189903 -1.416936
    29 1.197266 0.000004 -0.000018 -0.127146 1.001777 -0.146524
    30 0.866211 -0.000001 -0.000002 0.009351 0.733784 0.001142
    31 4.582031 0.205322 -0.326172 -1.539698 0.007204 -1.420212
    32 1.709961 0.000006 -0.000003 -0.026879 1.095842 -0.020771
    33 0.998047 -0.000001 0.000001 -0.016608 0.557664 0.006715
    34 4.332031 0.048065 0.604980 -1.502394 0.106974 -1.508525
    35 1.571289 0.000006 -0.000001 -0.060351 1.044535 -0.069431
    36 1.039063 -0.000008 0.000002 -0.009609 0.637010 -0.018240
    37 1.191406 -1.063477 -1.191406 2.688815 0.147029 -0.438545
    38 1.987305 0.000003 0.000002 0.027278 0.315271 0.098085
    39 1.217773 -0.000005 0.000003 0.021152 0.266873 -0.018769
    40 9.578125 -0.084412 -0.006870 -1.606853 -0.254477 -1.498648
    41 -0.871094 11.210938 -11.585938 0.000000 0.000000 -0.000001
    42 -2.897893 -5.837915 -3.684948 0.086356 0.282480 0.045709
    43 -2.624314 -16.720122 -4.465127 0.086356 0.282480 0.045709
    44 0.000000 0.000000 0.000000 0.000000 0.000000 0.000000
    45 0.000000 0.000000 0.000000 0.000000 0.000000 0.000000
    46 0.000000 0.000000 0.000000 0.000000 0.000000 0.000000
    47 0.000000 0.000000 0.000000 -1.570796 0.000000 0.000000
    48 0.000000 0.000000 0.000000 -1.570796 0.000000 0.000000
    49 0.000000 0.000000 0.000000 -1.570796 0.000000 0.000000
    50 0.000000 0.000000 0.000000 1.570796 0.000000 0.000000
    51 0.000000 0.000000 0.000000 1.570796 0.000000 0.000000
    52 0.000000 0.000000 0.000000 1.570796 0.000000 0.000000
    53 0.000000 0.000000 0.000000 1.570796 0.000000 0.000000
    54 0.000000 0.000000 0.000000 1.570796 0.000000 0.000000
    55 0.000000 0.000000 0.000000 1.570796 0.000000 0.000000
    56 0.000000 0.000000 0.000000 1.570796 0.000000 0.000000
    57 0.000000 0.000000 0.000000 1.570796 0.000000 0.000000
    58 0.000000 0.000000 0.000000 1.570796 0.000000 0.000000
    59 0.000000 0.000000 0.000000 1.570796 0.000000 0.000000
    60 0.000000 0.000000 0.000000 1.570796 0.000000 0.000000
    61 0.000000 0.000000 0.000000 1.570796 0.000000 0.000000
    62 0.000000 0.000001 0.000000 0.000000 0.000000 0.000000
    63 0.000000 0.000000 0.000000 0.000000 0.000000 0.000000
    64 0.000000 0.000000 0.000000 -3.141593 0.000000 0.000000
    65 0.000000 0.000000 0.000000 -1.570796 0.000000 0.000000
    66 0.000000 0.000000 0.000000 -1.570796 0.000000 0.000000
    67 0.000000 0.000000 0.000000 -1.570796 0.000000 0.000000
    68 0.000000 0.000000 0.000000 1.570796 0.000000 0.000000
    69 0.000000 0.000000 0.000000 1.570796 0.000000 0.000000
    70 0.000000 0.000000 0.000000 1.570796 0.000000 0.000000
    71 0.000000 0.000000 0.000001 1.570796 0.000000 0.000000
    72 0.000000 0.000000 0.000000 1.570796 0.000000 0.000000
    73 0.000000 0.000000 0.000000 1.570796 0.000000 0.000000
    74 0.000000 0.000000 0.000000 1.570796 0.000000 0.000000
    75 0.000000 0.000000 0.000000 1.570796 0.000000 0.000000
    76 -0.000001 0.000000 0.000000 1.570796 0.000000 0.000000
    77 0.000000 0.000000 0.000000 1.570796 0.000000 0.000000
    78 0.000000 0.000000 0.000000 1.570796 0.000000 0.000000
    79 0.000000 0.000000 0.000000 1.570796 0.000000 0.000000
  time 13
    0 -2.838165 -2.313432 -3.589069 0.058641 0.398714 -0.051258
    1 7.195313 4.312500 -6.410156 -0.275968 0.424923 -1.104175
    2 0.000000 0.000000 0.000000 2.541095 0.308146 -0.685345
    3 10.859747 -0.000001 -0.000001 0.263576 0.006818 0.980238
    4 11.118949 -0.012917 -0.055607 -0.830536 0.087721 -0.427470
    5 4.462505 0.096129 -1.190233 1.700635 -0.250355 0.126839
    6 1.533205 -0.000001 -0.000001 0.009042 0.848532 0.011307
    7 0.922225 0.000000 0.000000 0.001676 0.808808 0.002445
    8 4.581339 -0.202365 -0.322599 1.346533 -0.259536 0.638898
    9 1.706794 -0.000006 0.000000 3.036021 1.434016 3.039811
    10 0.995784 0.000001 0.000000 0.026837 -0.314590 -0.022355
    11 4.329579 -0.047878 0.601895 1.141283 -0.111227 1.109616
    12 1.571783 0.000002 0.000005 0.269056 1.478394 0.281975
    13 1.038471 0.000006 0.000000 0.006016 -0.410155 0.011865
    14 3.871905 0.337152 1.438553 1.121923 0.266193 1.782702
    15 1.197247 -0.000007 -0.000013 0.081066 0.567625 0.082907
    16 0.862615 0.000000 0.000000 -0.008129 -0.487940 -0.000955
    17 1.188218 1.062015 -1.188354 3.072296 0.219014 0.151813
    18 1.984254 -0.000001 0.000000 -0.026425 0.103254 -0.092463
    19 1.217773 0.000003 0.000002 -0.020700 -0.169366 0.027834
    20 9.582013 0.082096 -0.005725 1.612469 0.629217 1.530396
    21 -1.511719 11.007813 -4.187500 1.244308 0.425693 -2.037295
    22 0.000000 0.000000 0.000000 2.796442 -0.442613 -0.339021
    23 10.859730 0.000013 -0.000005 -0.280037 0.006718 -2.175261
    24 11.118959 0.012915 -0.055609 -1.186761 -0.657392 1.506378
    25 4.462496 -0.096127 -1.190239 -1.667171 0.090819 -0.169462
    26 1.533207 0.000003 0.000000 -0.001689 -0.111354 -0.007557
    27 0.922219 0.000000 0.000000 -0.000168 -0.106573 -0.001706
    28 3.871094 -0.338867 1.439453 -1.480019 0.189903 -1.416936
    29 1.197266 0.000004 -0.000018 -0.127146 1.001777 -0.146524
    30 0.866211 -0.000001 -0.000002 0.009351 0.733784 0.001142
    31 4.582031 0.205322 -0.326172 -1.539698 0.007204 -1.420212
    32 1.709961 0.000006 -0.000003 -0.026879 1.095842 -0.020771
    33 0.998047 -0.000001 0.000001 -0.016608 0.557664 0.006715
    34 4.332031 0.048065 0.604980 -1.502394 0.106974 -1.508525
    35 1.571289 0.000006 -0.000001 -0.060351 1.044535 -0.069431
    36 1.039063 -0.000008 0.000002 -0.009609 0.637010 -0.018240
    37 1.191406 -1.063477 -1.191406 2.688815 0.147029 -0.438545
    38 1.987305 0.000003 0.000002 0.027278 0.315271 0.098085
    39 1.217773 -0.000005 0.000003 0.021152 0.266873 -0.018769
    40 9.578125 -0.084412 -0.006870 -1.606853 -0.254477 -1.498648
    41 -0.871094 11.210938 -11.585938 0.000000 0.000000 -0.000001
    42 -2.991645 -5.306649 -3.563850 0.058641 0.398714 -0.051258
    43 -3.725910 -15.946661 -4.023707 0.058641 0.398714 -0.051258
    44 0.000000 0.000000 0.000000 0.000000 0.000000 0.000000
    45 0.000000 0.000000 0.000000 0.000000 0.000000 0.000000
    46 0.000000 0.000000 0.000000 0.000000 0.000000 0.000000
    47 0.000000 0.000000 0.000000 -1.570796 0.000000 0.000000
    48 0.000000 0.000000 0.000000 -1.570796 0.000000 0.000000
    49 0.000000 0.000000 0.000000 -1.570796 0.000000 0.000000
    50 0.000000 0.000000 0.000000 1.570796 0.000000 0.000000
    51 0.000000 0.000000 0.000000 1.570796 0.000000 0.000000
    52 0.000000 0.000000 0.000000 1.570796 0.000000 0.000000
    53 0.000000 0.000000 0.000000 1.570796 0.000000 0.000000
    54 0.000000 0.000000 0.000000 1.570796 0.000000 0.000000
    55 0.000000 0.000000 0.000000 1.570796 0.000000 0.000000
    56 0.000000 0.000000 0.000000 1.570796 0.000000 0.000000
    57 0.000000 0.000000 0.000000 1.570796 0.000000 0.000000
    58 0.000000 0.000000 0.000000 1.570796 0.000000 0.000000
    59 0.000000 0.000000 0.000000 1.570796 0.000000 0.000000
    60 0.000000 0.000000 0.000000 1.570796 0.000000 0.000000
    61 0.000000 0.000000 0.000000 1.570796 0.000000 0.000000
    62 0.000000 0.000001 0.000000 0.000000 0.000000 0.000000
    63 0.000000 0.000000 0.000000 0.000000 0.000000 0.000000
    64 0.000000 0.000000 0.000000 -3.141593 0.000000 0.000000
    65 0.000000 0.000000 0.000000 -1.570796 0.000000 0.000000
    66 0.000000 0.000000 0.000000 -1.570796 0.000000 0.000000
    67 0.000000 0.000000 0.000000 -1.570796 0.000000 0.000000
    68 0.000000 0.000000 0.000000 1.570796 0.000000 0.000000
    69 0.000000 0.000000 0.000000 1.570796 0.000000 0.000000
    70 0.000000 0.000000 0.000000 1.570796 0.000000 0.000000
    71 0.000000 0.000000 0.000001 1.570796 0.000000 0.000000
    72 0.000000 0.000000 0.000000 1.570796 0.000000 0.000000
    73 0.000000 0.000000 0.000000 1.570796 0.000000 0.000000
    74 0.000000 0.000000 0.000000 1.570796 0.000000 0.000000
    75 0.000000 0.000000 0.000000 1.570796 0.000000 0.000000
    76 -0.000001 0.000000 0.000000 1.570796 0.000000 0.000000
    77 0.000000 0.000000 0.000000 1.570796 0.000000 0.000000
    78 0.000000 0.000000 0.000000 1.570796 0.000000 0.000000
    79 0.000000 0.000000 0.000000 1.570796 0.000000 0.000000
  time 14
    0 -2.705349 -1.817324 -3.565631 -0.007460 0.553263 -0.152100
    1 7.195313 4.312500 -6.410156 -0.275968 0.424923 -1.104175
    2 0.000000 0.000000 0.000000 2.535964 0.340593 -0.730471
    3 10.859747 -0.000001 -0.000001 0.264451 0.007345 1.050256
    4 11.118949 -0.012917 -0.055607 -0.927066 0.140573 -0.406536
    5 4.462505 0.096129 -1.190233 1.700635 -0.250355 0.126839
    6 1.533205 -0.000001 -0.000001 0.009042 0.848532 0.011307
    7 0.922225 0.000000 0.000000 0.001760 0.830896 0.002505
    8 4.581339 -0.202365 -0.322599 1.346533 -0.259536 0.638898
    9 1.706794 -0.000006 0.000000 3.036021 1.434016 3.039811
    10 0.995784 0.000001 0.000000 0.026837 -0.314590 -0.022355
    11 4.329579 -0.047878 0.601895 1.141283 -0.111227 1.109616
    12 1.571783 0.000002 0.000005 0.269056 1.478394 0.281975
    13 1.038471 0.000006 0.000000 0.006016 -0.410155 0.011865
    14 3.871905 0.337152 1.438553 1.121923 0.266193 1.782702
    15 1.197247 -0.000007 -0.000013 0.081066 0.567625 0.082907
    16 0.862615 0.000000 0.000000 -0.008129 -0.487940 -0.000955
    17 1.188218 1.062015 -1.188354 3.072296 0.219014 0.151813
    18 1.984254 -0.000001 0.000000 -0.026377 0.098398 -0.092319
    19 1.217773 0.000003 0.000002 -0.020700 -0.169366 0.027834
    20 9.582013 0.082096 -0.005725 1.614602 0.703072 1.533968
    21 -1.511719 11.007813 -4.187500 1.244308 0.425693 -2.037295
    22 0.000000 0.000000 0.000000 2.751704 -0.457603 -0.325652
    23 10.859730 0.000013 -0.000005 -0.280852 0.006119 -2.243491
    24 11.118959 0.012915 -0.055609 -1.283333 -0.506053 1.601796
    25 4.462496 -0.096127 -1.190239 -1.667171 0.090819 -0.169462
    26 1.533207 0.000003 0.000000 -0.001689 -0.111354 -0.007557
    27 0.922219 0.000000 0.000000 -0.000168 -0.106573 -0.001706
    28 3.871094 -0.338867 1.439453 -1.480019 0.189903 -1.416936
    29 1.197266 0.000004 -0.000018 -0.127146 1.001777 -0.146524
    30 0.866211 -0.000001 -0.000002 0.009351 0.733784 0.001142
    31 4.582031 0.205322 -0.326172 -1.539698 0.007204 -1.420212
    32 1.709961 0.000006 -0.000003 -0.026879 1.095842 -0.020771
    33 0.998047 -0.000001 0.000001 -0.016608 0.557664 0.006715
    34 4.332031 0.048065 0.604980 -1.502394 0.106974 -1.508525
    35 1.571289 0.000006 -0.000001 -0.060351 1.044535 -0.069431
    36 1.039063 -0.000008 0.000002 -0.009609 0.637010 -0.018240
    37 1.191406 -1.063477 -1.191406 2.688815 0.147029 -0.438545
    38 1.987305 0.000003 0.000002 0.027278 0.315271 0.098085
    39 1.217773 -0.000005 0.000003 0.021152 0.266873 -0.018769
    40 9.578125 -0.084412 -0.006870 -1.606853 -0.254477 -1.498648
    41 -0.871094 11.210938 -11.585938 0.000000 0.000000 -0.000001
    42 -3.054147 -4.787102 -3.380251 -0.007460 0.553263 -0.152100
    43 -4.472026 -14.790376 -3.203369 -0.007460 0.553263 -0.152100
    44 0.000000 0.000000 0.000000 0.000000 0.000000 0.000000
    45 0.000000 0.000000 0.000000 0.000000 0.000000 0.000000
    46 0.000000 0.000000 0.000000 0.000000 0.000000 0.000000
    47 0.000000 0.000000 0.000000 -1.570796 0.000000 0.000000
    48 0.000000 0.000000 0.000000 -1.570796 0.000000 0.000000
    49 0.000000 0.000000 0.000000 -1.570796 0.000000 0.000000
    50 0.000000 0.000000 0.000000 1.570796 0.000000 0.000000
    51 0.000000 0.000000 0.000000 1.570796 0.000000 0.000000
    52 0.000000 0.000000 0.000000 1.570796 0.000000 0.000000
    53 0.000000 0.000000 0.000000 1.570796 0.000000 0.000000
    54 0.000000 0.000000 0.000000 1.570796 0.000000 0.000000
    55 0.000000 0.000000 0.000000 1.570796 0.000000 0.000000
    56 0.000000 0.000000 0.000000 1.570796 0.000000 0.000000
    57 0.000000 0.000000 0.000000 1.570796 0.000000 0.000000
    58 0.000000 0.000000 0.000000 1.570796 0.000000 0.000000
    59 0.000000 0.000000 0.000000 1.570796 0.000000 0.000000
    60 0.000000 0.000000 0.000000 1.570796 0.000000 0.000000
    61 0.000000 0.000000 0.000000 1.570796 0.000000 0.000000
    62 0.000000 0.000001 0.000000 0.000000 0.000000 0.000000
    63 0.000000 0.000000 0.000000 0.000000 0.000000 0.000000
    64 0.000000 0.000000 0.000000 -3.141593 0.000000 0.000000
    65 0.000000 0.000000 0.000000 -1.570796 0.000000 0.000000
    66 0.000000 0.000000 0.000000 -1.570796 0.000000 0.000000
    67 0.000000 0.000000 0.000000 -1.570796 0.000000 0.000000
    68 0.000000 0.000000 0.000000 1.570796 0.000000 0.000000
    69 0.000000 0.000000 0.000000 1.570796 0.000000 0.000000
    70 0.000000 0.000000 0.000000 1.570796 0.000000 0.000000
    71 0.000000 0.000000 0.000001 1.570796 0.000000 0.000000
    72 0.000000 0.000000 0.000000 1.570796 0.000000 0.000000
    73 0.000000 0.000000 0.000000 1.570796 0.000000 0.000000
    74 0.000000 0.000000 0.000000 1.570796 0.000000 0.000000
    75 0.000000 0.000000 0.000000 1.570796 0.000000 0.000000
    76 -0.000001 0.000000 0.000000 1.570796 0.000000 0.000000
    77 0.000000 0.000000 0.000000 1.570796 0.000000 0.000000
    78 0.000000 0.000000 0.000000 1.570796 0.000000 0.000000
    79 0.000000 0.000000 0.000000 1.570796 0.000000 0.000000
  time 15
    0 -2.607689 -1.407155 -3.550006 -0.086405 0.709294 -0.242243
    1 7.195313 4.312500 -6.410156 -0.275968 0.424923 -1.104175
    2 0.000000 0.000000 0.000000 2.538094 0.376090 -0.752380
    3 10.859747 -0.000001 -0.000001 0.265733 0.008004 1.149956
    4 11.118949 -0.012917 -0.055607 -1.025083 0.210680 -0.416814
    5 4.462505 0.096129 -1.190233 1.700635 -0.250355 0.126839
    6 1.533205 -0.000001 -0.000001 0.009042 0.848532 0.011307
    7 0.922225 0.000000 0.000000 0.001844 0.851599 0.002565
    8 4.581339 -0.202365 -0.322599 1.346533 -0.259536 0.638898
    9 1.706794 -0.000006 0.000000 3.036021 1.434016 3.039811
    10 0.995784 0.000001 0.000000 0.026837 -0.314590 -0.022355
    11 4.329579 -0.047878 0.601895 1.141283 -0.111227 1.109616
    12 1.571783 0.000002 0.000005 0.269056 1.478394 0.281975
    13 1.038471 0.000006 0.000000 0.006016 -0.410155 0.011865
    14 3.871905 0.337152 1.438553 1.121923 0.266193 1.782702
    15 1.197247 -0.000007 -0.000013 0.081066 0.567625 0.082907
    16 0.862615 0.000000 0.000000 -0.008129 -0.487940 -0.000955
    17 1.188218 1.062015 -1.188354 3.072296 0.219014 0.151813
    18 1.984254 -0.000001 0.000000 -0.026329 0.093846 -0.092187
    19 1.217773 0.000003 0.000002 -0.020700 -0.169366 0.027834
    20 9.582013 0.082096 -0.005725 1.617239 0.753618 1.538102
    21 -1.511719 11.007813 -4.187500 1.244308 0.425693 -2.037295
    22 0.000000 0.000000 0.000000 2.709854 -0.468368 -0.313240
    23 10.859730 0.000013 -0.000005 -0.281415 0.005627 -2.295083
    24 11.118959 0.012915 -0.055609 -1.382425 -0.372666 1.653843
    25 4.462496 -0.096127 -1.190239 -1.667171 0.090819 -0.169462
    26 1.533207 0.000003 0.000000 -0.001689 -0.111354 -0.007557
    27 0.922219 0.000000 0.000000 -0.000168 -0.106573 -0.001706
    28 3.871094 -0.338867 1.439453 -1.480019 0.189903 -1.416936
    29 1.197266 0.000004 -0.000018 -0.127146 1.001777 -0.146524
    30 0.866211 -0.000001 -0.000002 0.009351 0.733784 0.001142
    31 4.582031 0.205322 -0.326172 -1.539698 0.007204 -1.420212
    32 1.709961 0.000006 -0.000003 -0.026879 1.095842 -0.020771
    33 0.998047 -0.000001 0.000001 -0.016608 0.557664 0.006715
    34 4.332031 0.048065 0.604980 -1.502394 0.106974 -1.508525
    35 1.571289 0.000006 -0.000001 -0.060351 1.044535 -0.069431
    36 1.039063 -0.000008 0.000002 -0.009609 0.637010 -0.018240
    37 1.191406 -1.063477 -1.191406 2.688815 0.147029 -0.438545
    38 1.987305 0.000003 0.000002 0.027278 0.315271 0.098085
    39 1.217773 -0.000005 0.000003 0.021152 0.266873 -0.018769
    40 9.578125 -0.084412 -0.006870 -1.606853 -0.254477 -1.498648
    41 -0.871094 11.210938 -11.585938 0.000000 0.000000 -0.000001
    42 -3.038522 -4.345682 -3.204464 -0.086405 0.709294 -0.242243
    43 -4.686877 -13.598933 -2.500223 -0.086405 0.709294 -0.242243
    44 0.000000 0.000000 0.000000 0.000000 0.000000 0.000000
    45 0.000000 0.000000 0.000000 0.000000 0.000000 0.000000
    46 0.000000 0.000000 0.000000 0.000000 0.000000 0.000000
    47 0.000000 0.000000 0.000000 -1.570796 0.000000 0.000000
    48 0.000000 0.000000 0.000000 -1.570796 0.000000 0.000000
    49 0.000000 0.000000 0.000000 -1.570796 0.000000 0.000000
    50 0.000000 0.000000 0.000000 1.570796 0.000000 0.000000
    51 0.000000 0.000000 0.000000 1.570796 0.000000 0.000000
    52 0.000000 0.000000 0.000000 1.570796 0.000000 0.000000
    53 0.000000 0.000000 0.000000 1.570796 0.000000 0.000000
    54 0.000000 0.000000 0.000000 1.570796 0.000000 0.000000
    55 0.000000 0.000000 0.000000 1.570796 0.000000 0.000000
    56 0.000000 0.000000 0.000000 1.570796 0.000000 0.000000
    57 0.000000 0.000000 0.000000 1.570796 0.000000 0.000000
    58 0.000000 0.000000 0.000000 1.570796 0.000000 0.000000
    59 0.000000 0.000000 0.000000 1.570796 0.000000 0.000000
    60 0.000000 0.000000 0.000000 1.570796 0.000000 0.000000
    61 0.000000 0.000000 0.000000 1.570796 0.000000 0.000000
    62 0.000000 0.000001 0.000000 0.000000 0.000000 0.000000
    63 0.000000 0.000000 0.000000 0.000000 0.000000 0.000000
    64 0.000000 0.000000 0.000000 -3.141593 0.000000 0.000000
    65 0.000000 0.000000 0.000000 -1.570796 0.000000 0.000000
    66 0.000000 0.000000 0.000000 -1.570796 0.000000 0.000000
    67 0.000000 0.000000 0.000000 -1.570796 0.000000 0.000000
    68 0.000000 0.000000 0.000000 1.570796 0.000000 0.000000
    69 0.000000 0.000000 0.000000 1.570796 0.000000 0.000000
    70 0.000000 0.000000 0.000000 1.570796 0.000000 0.000000
    71 0.000000 0.000000 0.000001 1.570796 0.000000 0.000000
    72 0.000000 0.000000 0.000000 1.570796 0.000000 0.000000
    73 0.000000 0.000000 0.000000 1.570796 0.000000 0.000000
    74 0.000000 0.000000 0.000000 1.570796 0.000000 0.000000
    75 0.000000 0.000000 0.000000 1.570796 0.000000 0.000000
    76 -0.000001 0.000000 0.000000 1.570796 0.000000 0.000000
    77 0.000000 0.000000 0.000000 1.570796 0.000000 0.000000
    78 0.000000 0.000000 0.000000 1.570796 0.000000 0.000000
    79 0.000000 0.000000 0.000000 1.570796 0.000000 0.000000
  time 16
    0 -2.533468 -1.118083 -3.546099 -0.152654 0.829933 -0.307028
    1 7.195313 4.312500 -6.410156 -0.275968 0.424923 -1.104175
    2 0.000000 0.000000 0.000000 2.545644 0.405885 -0.755541
    3 10.859747 -0.000001 -0.000001 0.266968 0.008496 1.239160
    4 11.118949 -0.012917 -0.055607 -1.103581 0.274032 -0.444247
    5 4.462505 0.096129 -1.190233 1.700635 -0.250355 0.126839
    6 1.533205 -0.000001 -0.000001 0.009042 0.848532 0.011307
    7 0.922225 0.000000 0.000000 0.001916 0.870951 0.002637
    8 4.581339 -0.202365 -0.322599 1.346533 -0.259536 0.638898
    9 1.706794 -0.000006 0.000000 3.036021 1.434016 3.039811
    10 0.995784 0.000001 0.000000 0.026837 -0.314590 -0.022355
    11 4.329579 -0.047878 0.601895 1.141283 -0.111227 1.109616
    12 1.571783 0.000002 0.000005 0.269056 1.478394 0.281975
    13 1.038471 0.000006 0.000000 0.006016 -0.410155 0.011865
    14 3.871905 0.337152 1.438553 1.121923 0.266193 1.782702
    15 1.197247 -0.000007 -0.000013 0.081066 0.567625 0.082907
    16 0.862615 0.000000 0.000000 -0.008129 -0.487940 -0.000955
    17 1.188218 1.062015 -1.188354 3.072296 0.219014 0.151813
    18 1.984254 -0.000001 0.000000 -0.026305 0.089565 -0.092068
    19 1.217773 0.000003 0.000002 -0.020700 -0.169366 0.027834
    20 9.582013 0.082096 -0.005725 1.619516 0.782624 1.541626
    21 -1.511719 11.007813 -4.187500 1.244308 0.425693 -2.037295
    22 0.000000 0.000000 0.000000 2.679605 -0.475863 -0.302560
    23 10.859730 0.000013 -0.000005 -0.281775 0.005304 -2.327371
    24 11.118959 0.012915 -0.055609 -1.465287 -0.287448 1.676342
    25 4.462496 -0.096127 -1.190239 -1.667171 0.090819 -0.169462
    26 1.533207 0.000003 0.000000 -0.001689 -0.111354 -0.007557
    27 0.922219 0.000000 0.000000 -0.000168 -0.106573 -0.001706
    28 3.871094 -0.338867 1.439453 -1.480019 0.189903 -1.416936
    29 1.197266 0.000004 -0.000018 -0.127146 1.001777 -0.146524
    30 0.866211 -0.000001 -0.000002 0.009351 0.733784 0.001142
    31 4.582031 0.205322 -0.326172 -1.539698 0.007204 -1.420212
    32 1.709961 0.000006 -0.000003 -0.026879 1.095842 -0.020771
    33 0.998047 -0.000001 0.000001 -0.016608 0.557664 0.006715
    34 4.332031 0.048065 0.604980 -1.502394 0.106974 -1.508525
    35 1.571289 0.000006 -0.000001 -0.060351 1.044535 -0.069431
    36 1.039063 -0.000008 0.000002 -0.009609 0.637010 -0.018240
    37 1.191406 -1.063477 -1.191406 2.688815 0.147029 -0.438545
    38 1.987305 0.000003 0.000002 0.027278 0.315271 0.098085
    39 1.217773 -0.000005 0.000003 0.021152 0.266873 -0.018769
    40 9.578125 -0.084412 -0.006870 -1.606853 -0.254477 -1.498648
    41 -0.871094 11.210938 -11.585938 0.000000 0.000000 -0.000001
    42 -2.968207 -4.048798 -3.102899 -0.152654 0.829933 -0.307028
    43 -4.565779 -12.696562 -2.117399 -0.152654 0.829933 -0.307028
    44 0.000000 0.000000 0.000000 0.000000 0.000000 0.000000
    45 0.000000 0.000000 0.000000 0.000000 0.000000 0.000000
    46 0.000000 0.000000 0.000000 0.000000 0.000000 0.000000
    47 0.000000 0.000000 0.000000 -1.570796 0.000000 0.000000
    48 0.000000 0.000000 0.000000 -1.570796 0.000000 0.000000
    49 0.000000 0.000000 0.000000 -1.570796 0.000000 0.000000
    50 0.000000 0.000000 0.000000 1.570796 0.000000 0.000000
    51 0.000000 0.000000 0.000000 1.570796 0.000000 0.000000
    52 0.000000 0.000000 0.000000 1.570796 0.000000 0.000000
    53 0.000000 0.000000 0.000000 1.570796 0.000000 0.000000
    54 0.000000 0.000000 0.000000 1.570796 0.000000 0.000000
    55 0.000000 0.000000 0.000000 1.570796 0.000000 0.000000
    56 0.000000 0.000000 0.000000 1.570796 0.000000 0.000000
    57 0.000000 0.000000 0.000000 1.570796 0.000000 0.000000
    58 0.000000 0.000000 0.000000 1.570796 0.000000 0.000000
    59 0.000000 0.000000 0.000000 1.570796 0.000000 0.000000
    60 0.000000 0.000000 0.000000 1.570796 0.000000 0.000000
    61 0.000000 0.000000 0.000000 1.570796 0.000000 0.000000
    62 0.000000 0.000001 0.000000 0.000000 0.000000 0.000000
    63 0.000000 0.000000 0.000000 0.000000 0.000000 0.000000
    64 0.000000 0.000000 0.000000 -3.141593 0.000000 0.000000
    65 0.000000 0.000000 0.000000 -1.570796 0.000000 0.000000
    66 0.000000 0.000000 0.000000 -1.570796 0.000000 0.000000
    67 0.000000 0.000000 0.000000 -1.570796 0.000000 0.000000
    68 0.000000 0.000000 0.000000 1.570796 0.000000 0.000000
    69 0.000000 0.000000 0.000000 1.570796 0.000000 0.000000
    70 0.000000 0.000000 0.000000 1.570796 0.000000 0.000000
    71 0.000000 0.000000 0.000001 1.570796 0.000000 0.000000
    72 0.000000 0.000000 0.000000 1.570796 0.000000 0.000000
    73 0.000000 0.000000 0.000000 1.570796 0.000000 0.000000
    74 0.000000 0.000000 0.000000 1.570796 0.000000 0.000000
    75 0.000000 0.000000 0.000000 1.570796 0.000000 0.000000
    76 -0.000001 0.000000 0.000000 1.570796 0.000000 0.000000
    77 0.000000 0.000000 0.000000 1.570796 0.000000 0.000000
    78 0.000000 0.000000 0.000000 1.570796 0.000000 0.000000
    79 0.000000 0.000000 0.000000 1.570796 0.000000 0.000000
  time 17
    0 -2.470966 -1.016518 -3.530474 -0.180369 0.878348 -0.331796
    1 7.195313 4.312500 -6.410156 -0.275968 0.424923 -1.104175
    2 0.000000 0.000000 0.000000 2.550097 0.418241 -0.751726
    3 10.859747 -0.000001 -0.000001 0.267531 0.008663 1.280100
    4 11.118949 -0.012917 -0.055607 -1.135896 0.299828 -0.461326
    5 4.462505 0.096129 -1.190233 1.700635 -0.250355 0.126839
    6 1.533205 -0.000001 -0.000001 0.009042 0.848532 0.011307
    7 0.922225 0.000000 0.000000 0.001988 0.888988 0.002673
    8 4.581339 -0.202365 -0.322599 1.346533 -0.259536 0.638898
    9 1.706794 -0.000006 0.000000 3.036021 1.434016 3.039811
    10 0.995784 0.000001 0.000000 0.026837 -0.314590 -0.022355
    11 4.329579 -0.047878 0.601895 1.141283 -0.111227 1.109616
    12 1.571783 0.000002 0.000005 0.269056 1.478394 0.281975
    13 1.038471 0.000006 0.000000 0.006016 -0.410155 0.011865
    14 3.871905 0.337152 1.438553 1.121923 0.266193 1.782702
    15 1.197247 -0.000007 -0.000013 0.081066 0.567625 0.082907
    16 0.862615 0.000000 0.000000 -0.008129 -0.487940 -0.000955
    17 1.188218 1.062015 -1.188354 3.072296 0.219014 0.151813
    18 1.984254 -0.000001 0.000000 -0.026269 0.085556 -0.091948
    19 1.217773 0.000003 0.000002 -0.020700 -0.169366 0.027834
    20 9.582013 0.082096 -0.005725 1.620475 0.791861 1.543088
    21 -1.511719 11.007813 -4.187500 1.244308 0.425693 -2.037295
    22 0.000000 0.000000 0.000000 2.663833 -0.479200 -0.293056
    23 10.859730 0.000013 -0.000005 -0.281895 0.005208 -2.338721
    24 11.118959 0.012915 -0.055609 -1.498301 -0.258894 1.685491
    25 4.462496 -0.096127 -1.190239 -1.667171 0.090819 -0.169462
    26 1.533207 0.000003 0.000000 -0.001689 -0.111354 -0.007557
    27 0.922219 0.000000 0.000000 -0.000168 -0.106573 -0.001706
    28 3.871094 -0.338867 1.439453 -1.480019 0.189903 -1.416936
    29 1.197266 0.000004 -0.000018 -0.127146 1.001777 -0.146524
    30 0.866211 -0.000001 -0.000002 0.009351 0.733784 0.001142
    31 4.582031 0.205322 -0.326172 -1.539698 0.007204 -1.420212
    32 1.709961 0.000006 -0.000003 -0.026879 1.095842 -0.020771
    33 0.998047 -0.000001 0.000001 -0.016608 0.557664 0.006715
    34 4.332031 0.048065 0.604980 -1.502394 0.106974 -1.508525
    35 1.571289 0.000006 -0.000001 -0.060351 1.044535 -0.069431
    36 1.039063 -0.000008 0.000002 -0.009609 0.637010 -0.018240
    37 1.191406 -1.063477 -1.191406 2.688815 0.147029 -0.438545
    38 1.987305 0.000003 0.000002 0.027278 0.315271 0.098085
    39 1.217773 -0.000005 0.000003 0.021152 0.266873 -0.018769
    40 9.578125 -0.084412 -0.006870 -1.606853 -0.254477 -1.498648
    41 -0.871094 11.210938 -11.585938 0.000000 0.000000 -0.000001
    42 -2.890080 -3.943326 -3.063835 -0.180369 0.878348 -0.331796
    43 -4.421244 -12.352801 -2.004114 -0.180369 0.878348 -0.331796
    44 0.000000 0.000000 0.000000 0.000000 0.000000 0.000000
    45 0.000000 0.000000 0.000000 0.000000 0.000000 0.000000
    46 0.000000 0.000000 0.000000 0.000000 0.000000 0.000000
    47 0.000000 0.000000 0.000000 -1.570796 0.000000 0.000000
    48 0.000000 0.000000 0.000000 -1.570796 0.000000 0.000000
    49 0.000000 0.000000 0.000000 -1.570796 0.000000 0.000000
    50 0.000000 0.000000 0.000000 1.570796 0.000000 0.000000
    51 0.000000 0.000000 0.000000 1.570796 0.000000 0.000000
    52 0.000000 0.000000 0.000000 1.570796 0.000000 0.000000
    53 0.000000 0.000000 0.000000 1.570796 0.000000 0.000000
    54 0.000000 0.000000 0.000000 1.570796 0.000000 0.000000
    55 0.000000 0.000000 0.000000 1.570796 0.000000 0.000000
    56 0.000000 0.000000 0.000000 1.570796 0.000000 0.000000
    57 0.000000 0.000000 0.000000 1.570796 0.000000 0.000000
    58 0.000000 0.000000 0.000000 1.570796 0.000000 0.000000
    59 0.000000 0.000000 0.000000 1.570796 0.000000 0.000000
    60 0.000000 0.000000 0.000000 1.570796 0.000000 0.000000
    61 0.000000 0.000000 0.000000 1.570796 0.000000 0.000000
    62 0.000000 0.000001 0.000000 0.000000 0.000000 0.000000
    63 0.000000 0.000000 0.000000 0.000000 0.000000 0.000000
    64 0.000000 0.000000 0.000000 -3.141593 0.000000 0.000000
    65 0.000000 0.000000 0.000000 -1.570796 0.000000 0.000000
    66 0.000000 0.000000 0.000000 -1.570796 0.000000 0.000000
    67 0.000000 0.000000 0.000000 -1.570796 0.000000 0.000000
    68 0.000000 0.000000 0.000000 1.570796 0.000000 0.000000
    69 0.000000 0.000000 0.000000 1.570796 0.000000 0.000000
    70 0.000000 0.000000 0.000000 1.570796 0.000000 0.000000
    71 0.000000 0.000000 0.000001 1.570796 0.000000 0.000000
    72 0.000000 0.000000 0.000000 1.570796 0.000000 0.000000
    73 0.000000 0.000000 0.000000 1.570796 0.000000 0.000000
    74 0.000000 0.000000 0.000000 1.570796 0.000000 0.000000
    75 0.000000 0.000000 0.000000 1.570796 0.000000 0.000000
    76 -0.000001 0.000000 0.000000 1.570796 0.000000 0.000000
    77 0.000000 0.000000 0.000000 1.570796 0.000000 0.000000
    78 0.000000 0.000000 0.000000 1.570796 0.000000 0.000000
    79 0.000000 0.000000 0.000000 1.570796 0.000000 0.000000
  time 18
    0 -2.420184 -1.149334 -3.510942 -0.156705 0.851274 -0.316042
    1 7.195313 4.312500 -6.410156 -0.275968 0.424923 -1.104175
    2 0.000000 0.000000 0.000000 2.544047 0.403896 -0.754233
    3 10.859747 -0.000001 -0.000001 0.266992 0.008508 1.241570
    4 11.118949 -0.012917 -0.055607 -1.124291 0.276009 -0.443378
    5 4.462505 0.096129 -1.190233 1.700635 -0.250355 0.126839
    6 1.533205 -0.000001 -0.000001 0.009042 0.848532 0.011307
    7 0.922225 0.000000 0.000000 0.002072 0.905710 0.002733
    8 4.581339 -0.202365 -0.322599 1.346533 -0.259536 0.638898
    9 1.706794 -0.000006 0.000000 3.036021 1.434016 3.039811
    10 0.995784 0.000001 0.000000 0.026837 -0.314590 -0.022355
    11 4.329579 -0.047878 0.601895 1.141283 -0.111227 1.109616
    12 1.571783 0.000002 0.000005 0.269056 1.478394 0.281975
    13 1.038471 0.000006 0.000000 0.006016 -0.410155 0.011865
    14 3.871905 0.337152 1.438553 1.121923 0.266193 1.782702
    15 1.197247 -0.000007 -0.000013 0.081066 0.567625 0.082907
    16 0.862615 0.000000 0.000000 -0.008129 -0.487940 -0.000955
    17 1.188218 1.062015 -1.188354 3.072296 0.219014 0.151813
    18 1.984254 -0.000001 0.000000 -0.026233 0.081818 -0.091840
    19 1.217773 0.000003 0.000002 -0.020700 -0.169366 0.027834
    20 9.582013 0.082096 -0.005725 1.619863 0.781618 1.542501
    21 -1.511719 11.007813 -4.187500 1.244308 0.425693 -2.037295
    22 0.000000 0.000000 0.000000 2.655252 -0.477585 -0.277436
    23 10.859730 0.000013 -0.000005 -0.281739 0.005340 -2.324017
    24 11.118959 0.012915 -0.055609 -1.472898 -0.278065 1.695792
    25 4.462496 -0.096127 -1.190239 -1.669041 0.087966 -0.195241
    26 1.533207 0.000003 0.000000 -0.001689 -0.091963 -0.007557
    27 0.922219 0.000000 0.000000 -0.000168 -0.054867 -0.001706
    28 3.871094 -0.338867 1.439453 -1.480019 0.189903 -1.416936
    29 1.197266 0.000004 -0.000018 -0.127146 1.001777 -0.146524
    30 0.866211 -0.000001 -0.000002 0.009351 0.733784 0.001142
    31 4.582031 0.205322 -0.326172 -1.539698 0.007204 -1.420212
    32 1.709961 0.000006 -0.000003 -0.026879 1.095842 -0.020771
    33 0.998047 -0.000001 0.000001 -0.016608 0.557664 0.006715
    34 4.332031 0.048065 0.604980 -1.502394 0.106974 -1.508525
    35 1.571289 0.000006 -0.000001 -0.060351 1.044535 -0.069431
    36 1.039063 -0.000008 0.000002 -0.009609 0.637010 -0.018240
    37 1.191406 -1.063477 -1.191406 2.688815 0.147029 -0.438545
    38 1.987305 0.000003 0.000002 0.027278 0.315271 0.098085
    39 1.217773 -0.000005 0.000003 0.021152 0.266873 -0.018769
    40 9.578125 -0.084412 -0.006870 -1.606853 -0.254477 -1.498648
    41 -0.871094 11.210938 -11.585938 0.000000 0.000000 -0.000001
    42 -2.854923 -4.080049 -3.075554 -0.156705 0.851274 -0.316042
    43 -4.487652 -12.720000 -2.090054 -0.156705 0.851274 -0.316042
    44 0.000000 0.000000 0.000000 0.000000 0.000000 0.000000
    45 0.000000 0.000000 0.000000 0.000000 0.000000 0.000000
    46 0.000000 0.000000 0.000000 0.000000 0.000000 0.000000
    47 0.000000 0.000000 0.000000 -1.570796 0.000000 0.000000
    48 0.000000 0.000000 0.000000 -1.570796 0.000000 0.000000
    49 0.000000 0.000000 0.000000 -1.570796 0.000000 0.000000
    50 0.000000 0.000000 0.000000 1.570796 0.000000 0.000000
    51 0.000000 0.000000 0.000000 1.570796 0.000000 0.000000
    52 0.000000 0.000000 0.000000 1.570796 0.000000 0.000000
    53 0.000000 0.000000 0.000000 1.570796 0.000000 0.000000
    54 0.000000 0.000000 0.000000 1.570796 0.000000 0.000000
    55 0.000000 0.000000 0.000000 1.570796 0.000000 0.000000
    56 0.000000 0.000000 0.000000 1.570796 0.000000 0.000000
    57 0.000000 0.000000 0.000000 1.570796 0.000000 0.000000
    58 0.000000 0.000000 0.000000 1.570796 0.000000 0.000000
    59 0.000000 0.000000 0.000000 1.570796 0.000000 0.000000
    60 0.000000 0.000000 0.000000 1.570796 0.000000 0.000000
    61 0.000000 0.000000 0.000000 1.570796 0.000000 0.000000
    62 0.000000 0.000001 0.000000 0.000000 0.000000 0.000000
    63 0.000000 0.000000 0.000000 0.000000 0.000000 0.000000
    64 0.000000 0.000000 0.000000 -3.141593 0.000000 0.000000
    65 0.000000 0.000000 0.000000 -1.570796 0.000000 0.000000
    66 0.000000 0.000000 0.000000 -1.570796 0.000000 0.000000
    67 0.000000 0.000000 0.000000 -1.570796 0.000000 0.000000
    68 0.000000 0.000000 0.000000 1.570796 0.000000 0.000000
    69 0.000000 0.000000 0.000000 1.570796 0.000000 0.000000
    70 0.000000 0.000000 0.000000 1.570796 0.000000 0.000000
    71 0.000000 0.000000 0.000001 1.570796 0.000000 0.000000
    72 0.000000 0.000000 0.000000 1.570796 0.000000 0.000000
    73 0.000000 0.000000 0.000000 1.570796 0.000000 0.000000
    74 0.000000 0.000000 0.000000 1.570796 0.000000 0.000000
    75 0.000000 0.000000 0.000000 1.570796 0.000000 0.000000
    76 -0.000001 0.000000 0.000000 1.570796 0.000000 0.000000
    77 0.000000 0.000000 0.000000 1.570796 0.000000 0.000000
    78 0.000000 0.000000 0.000000 1.570796 0.000000 0.000000
    79 0.000000 0.000000 0.000000 1.570796 0.000000 0.000000
  time 19
    0 -2.381120 -1.485282 -3.487504 -0.097669 0.780682 -0.275941
    1 7.195313 4.312500 -6.410156 -0.275968 0.424923 -1.104175
    2 0.000000 0.000000 0.000000 2.532770 0.369902 -0.764697
    3 10.859747 -0.000001 -0.000001 0.265553 0.007920 1.136257
    4 11.118949 -0.012917 -0.055607 -1.092988 0.224663 -0.398337
    5 4.462505 0.096129 -1.190233 1.700635 -0.250355 0.126839
    6 1.533205 -0.000001 -0.000001 0.009042 0.848532 0.011307
    7 0.922225 0.000000 0.000000 0.002144 0.921185 0.002793
    8 4.581339 -0.202365 -0.322599 1.346533 -0.259536 0.638898
    9 1.706794 -0.000006 0.000000 3.036021 1.434016 3.039811
    10 0.995784 0.000001 0.000000 0.026837 -0.314590 -0.022355
    11 4.329579 -0.047878 0.601895 1.141283 -0.111227 1.109616
    12 1.571783 0.000002 0.000005 0.269056 1.478394 0.281975
    13 1.038471 0.000006 0.000000 0.006016 -0.410155 0.011865
    14 3.871905 0.337152 1.438553 1.121923 0.266193 1.782702
    15 1.197247 -0.000007 -0.000013 0.081066 0.567625 0.082907
    16 0.862615 0.000000 0.000000 -0.008129 -0.487940 -0.000955
    17 1.188218 1.062015 -1.188354 3.072296 0.219014 0.151813
    18 1.984254 -0.000001 0.000000 -0.026197 0.078336 -0.091744
    19 1.217773 0.000003 0.000002 -0.020700 -0.169366 0.027834
    20 9.582013 0.082096 -0.005725 1.618293 0.753187 1.540871
    21 -1.511719 11.007813 -4.187500 1.244308 0.425693 -2.037295
    22 0.000000 0.000000 0.000000 2.650578 -0.470615 -0.255081
    23 10.859730 0.000013 -0.000005 -0.281319 0.005711 -2.286226
    24 11.118959 0.012915 -0.055609 -1.418715 -0.330962 1.706499
    25 4.462496 -0.096127 -1.190239 -1.673703 0.080859 -0.259658
    26 1.533207 0.000003 0.000000 -0.001689 -0.043498 -0.007557
    27 0.922219 0.000000 0.000000 -0.000168 0.074410 -0.001706
    28 3.871094 -0.338867 1.439453 -1.480019 0.189903 -1.416936
    29 1.197266 0.000004 -0.000018 -0.127146 1.001777 -0.146524
    30 0.866211 -0.000001 -0.000002 0.009351 0.733784 0.001142
    31 4.582031 0.205322 -0.326172 -1.539698 0.007204 -1.420212
    32 1.709961 0.000006 -0.000003 -0.026879 1.095842 -0.020771
    33 0.998047 -0.000001 0.000001 -0.016608 0.557664 0.006715
    34 4.332031 0.048065 0.604980 -1.502394 0.106974 -1.508525
    35 1.571289 0.000006 -0.000001 -0.060351 1.044535 -0.069431
    36 1.039063 -0.000008 0.000002 -0.009609 0.637010 -0.018240
    37 1.191406 -1.063477 -1.191406 2.688815 0.147029 -0.438545
    38 1.987305 0.000003 0.000002 0.027278 0.315271 0.098085
    39 1.217773 -0.000005 0.000003 0.021152 0.266873 -0.018769
    40 9.578125 -0.084412 -0.006870 -1.606853 -0.254477 -1.498648
    41 -0.871094 11.210938 -11.585938 0.000000 0.000000 -0.000001
    42 -2.858829 -4.419903 -3.141963 -0.097669 0.780682 -0.275941
    43 -4.698596 -13.630184 -2.402564 -0.097669 0.780682 -0.275941
    44 0.000000 0.000000 0.000000 0.000000 0.000000 0.000000
    45 0.000000 0.000000 0.000000 0.000000 0.000000 0.000000
    46 0.000000 0.000000 0.000000 0.000000 0.000000 0.000000
    47 0.000000 0.000000 0.000000 -1.570796 0.000000 0.000000
    48 0.000000 0.000000 0.000000 -1.570796 0.000000 0.000000
    49 0.000000 0.000000 0.000000 -1.570796 0.000000 0.000000
    50 0.000000 0.000000 0.000000 1.570796 0.000000 0.000000
    51 0.000000 0.000000 0.000000 1.570796 0.000000 0.000000
    52 0.000000 0.000000 0.000000 1.570796 0.000000 0.000000
    53 0.000000 0.000000 0.000000 1.570796 0.000000 0.000000
    54 0.000000 0.000000 0.000000 1.570796 0.000000 0.000000
    55 0.000000 0.000000 0.000000 1.570796 0.000000 0.000000
    56 0.000000 0.000000 0.000000 1.570796 0.000000 0.000000
    57 0.000000 0.000000 0.000000 1.570796 0.000000 0.000000
    58 0.000000 0.000000 0.000000 1.570796 0.000000 0.000000
    59 0.000000 0.000000 0.000000 1.570796 0.000000 0.000000
    60 0.000000 0.000000 0.000000 1.570796 0.000000 0.000000
    61 0.000000 0.000000 0.000000 1.570796 0.000000 0.000000
    62 0.000000 0.000001 0.000000 0.000000 0.000000 0.000000
    63 0.000000 0.000000 0.000000 0.000000 0.000000 0.000000
    64 0.000000 0.000000 0.000000 -3.141593 0.000000 0.000000
    65 0.000000 0.000000 0.000000 -1.570796 0.000000 0.000000
    66 0.000000 0.000000 0.000000 -1.570796 0.000000 0.000000
    67 0.000000 0.000000 0.000000 -1.570796 0.000000 0.000000
    68 0.000000 0.000000 0.000000 1.570796 0.000000 0.000000
    69 0.000000 0.000000 0.000000 1.570796 0.000000 0.000000
    70 0.000000 0.000000 0.000000 1.570796 0.000000 0.000000
    71 0.000000 0.000000 0.000001 1.570796 0.000000 0.000000
    72 0.000000 0.000000 0.000000 1.570796 0.000000 0.000000
    73 0.000000 0.000000 0.000000 1.570796 0.000000 0.000000
    74 0.000000 0.000000 0.000000 1.570796 0.000000 0.000000
    75 0.000000 0.000000 0.000000 1.570796 0.000000 0.000000
    76 -0.000001 0.000000 0.000000 1.570796 0.000000 0.000000
    77 0.000000 0.000000 0.000000 1.570796 0.000000 0.000000
    78 0.000000 0.000000 0.000000 1.570796 0.000000 0.000000
    79 0.000000 0.000000 0.000000 1.570796 0.000000 0.000000
  time 20
    0 -2.357682 -1.934515 -3.464066 -0.020947 0.682447 -0.221097
    1 7.195313 4.312500 -6.410156 -0.275968 0.424923 -1.104175
    2 0.000000 0.000000 0.000000 2.525123 0.329100 -0.774289
    3 10.859747 -0.000001 -0.000001 0.263816 0.006962 0.999486
    4 11.118949 -0.012917 -0.055607 -1.048174 0.164216 -0.348006
    5 4.462505 0.096129 -1.190233 1.700635 -0.250355 0.126839
    6 1.533205 -0.000001 -0.000001 0.009042 0.848532 0.011307
    7 0.922225 0.000000 0.000000 0.002204 0.935448 0.002853
    8 4.581339 -0.202365 -0.322599 1.346533 -0.259536 0.638898
    9 1.706794 -0.000006 0.000000 3.036021 1.434016 3.039811
    10 0.995784 0.000001 0.000000 0.026837 -0.314590 -0.022355
    11 4.329579 -0.047878 0.601895 1.141283 -0.111227 1.109616
    12 1.571783 0.000002 0.000005 0.269056 1.478394 0.281975
    13 1.038471 0.000006 0.000000 0.006016 -0.410155 0.011865
    14 3.871905 0.337152 1.438553 1.121923 0.266193 1.782702
    15 1.197247 -0.000007 -0.000013 0.081066 0.567625 0.082907
    16 0.862615 0.000000 0.000000 -0.008129 -0.487940 -0.000955
    17 1.188218 1.062015 -1.188354 3.072296 0.219014 0.151813
    18 1.984254 -0.000001 0.000000 -0.026174 0.075093 -0.091636
    19 1.217773 0.000003 0.000002 -0.020700 -0.169366 0.027834
    20 9.582013 0.082096 -0.005725 1.616172 0.710156 1.538534
    21 -1.511719 11.007813 -4.187500 1.244308 0.425693 -2.037295
    22 0.000000 0.000000 0.000000 2.652723 -0.460940 -0.231909
    23 10.859730 0.000013 -0.000005 -0.280732 0.006202 -2.234118
    24 11.118959 0.012915 -0.055609 -1.353342 -0.414186 1.709820
    25 4.462496 -0.096127 -1.190239 -1.679755 0.071631 -0.343419
    26 1.533207 0.000003 0.000000 -0.001689 0.019529 -0.007557
    27 0.922219 0.000000 0.000000 -0.000168 0.242483 -0.001706
    28 3.871094 -0.338867 1.439453 -1.480019 0.189903 -1.416936
    29 1.197266 0.000004 -0.000018 -0.127146 1.001777 -0.146524
    30 0.866211 -0.000001 -0.000002 0.009351 0.733784 0.001142
    31 4.582031 0.205322 -0.326172 -1.539698 0.007204 -1.420212
    32 1.709961 0.000006 -0.000003 -0.026879 1.095842 -0.020771
    33 0.998047 -0.000001 0.000001 -0.016608 0.557664 0.006715
    34 4.332031 0.048065 0.604980 -1.502394 0.106974 -1.508525
    35 1.571289 0.000006 -0.000001 -0.060351 1.044535 -0.069431
    36 1.039063 -0.000008 0.000002 -0.009609 0.637010 -0.018240
    37 1.191406 -1.063477 -1.191406 2.688815 0.147029 -0.438545
    38 1.987305 0.000003 0.000002 0.027278 0.315271 0.098085
    39 1.217773 -0.000005 0.000003 0.021152 0.266873 -0.018769
    40 9.578125 -0.084412 -0.006870 -1.606853 -0.254477 -1.498648
    41 -0.871094 11.210938 -11.585938 0.000000 0.000000 -0.000001
    42 -2.854923 -4.880854 -3.266966 -0.020947 0.682447 -0.221097
    43 -4.858757 -14.778657 -3.004145 -0.020947 0.682447 -0.221097
    44 0.000000 0.000000 0.000000 0.000000 0.000000 0.000000
    45 0.000000 0.000000 0.000000 0.000000 0.000000 0.000000
    46 0.000000 0.000000 0.000000 0.000000 0.000000 0.000000
    47 0.000000 0.000000 0.000000 -1.570796 0.000000 0.000000
    48 0.000000 0.000000 0.000000 -1.570796 0.000000 0.000000
    49 0.000000 0.000000 0.000000 -1.570796 0.000000 0.000000
    50 0.000000 0.000000 0.000000 1.570796 0.000000 0.000000
    51 0.000000 0.000000 0.000000 1.570796 0.000000 0.000000
    52 0.000000 0.000000 0.000000 1.570796 0.000000 0.000000
    53 0.000000 0.000000 0.000000 1.570796 0.000000 0.000000
    54 0.000000 0.000000 0.000000 1.570796 0.000000 0.000000
    55 0.000000 0.000000 0.000000 1.570796 0.000000 0.000000
    56 0.000000 0.000000 0.000000 1.570796 0.000000 0.000000
    57 0.000000 0.000000 0.000000 1.570796 0.000000 0.000000
    58 0.000000 0.000000 0.000000 1.570796 0.000000 0.000000
    59 0.000000 0.000000 0.000000 1.570796 0.000000 0.000000
    60 0.000000 0.000000 0.000000 1.570796 0.000000 0.000000
    61 0.000000 0.000000 0.000000 1.570796 0.000000 0.000000
    62 0.000000 0.000001 0.000000 0.000000 0.000000 0.000000
    63 0.000000 0.000000 0.000000 0.000000 0.000000 0.000000
    64 0.000000 0.000000 0.000000 -3.141593 0.000000 0.000000
    65 0.000000 0.000000 0.000000 -1.570796 0.000000 0.000000
    66 0.000000 0.000000 0.000000 -1.570796 0.000000 0.000000
    67 0.000000 0.000000 0.000000 -1.570796 0.000000 0.000000
    68 0.000000 0.000000 0.000000 1.570796 0.000000 0.000000
    69 0.000000 0.000000 0.000000 1.570796 0.000000 0.000000
    70 0.000000 0.000000 0.000000 1.570796 0.000000 0.000000
    71 0.000000 0.000000 0.000001 1.570796 0.000000 0.000000
    72 0.000000 0.000000 0.000000 1.570796 0.000000 0.000000
    73 0.000000 0.000000 0.000000 1.570796 0.000000 0.000000
    74 0.000000 0.000000 0.000000 1.570796 0.000000 0.000000
    75 0.000000 0.000000 0.000000 1.570796 0.000000 0.000000
    76 -0.000001 0.000000 0.000000 1.570796 0.000000 0.000000
    77 0.000000 0.000000 0.000000 1.570796 0.000000 0.000000
    78 0.000000 0.000000 0.000000 1.570796 0.000000 0.000000
    79 0.000000 0.000000 0.000000 1.570796 0.000000 0.000000
  time 21
    0 -2.342056 -2.399373 -3.448440 0.055677 0.572478 -0.162041
    1 7.195313 4.312500 -6.410156 -0.275968 0.424923 -1.104175
    2 0.000000 0.000000 0.000000 2.526187 0.295592 -0.770692
    3 10.859747 -0.000001 -0.000001 0.262401 0.005955 0.879523
    4 11.118949 -0.012917 -0.055607 -0.994910 0.106639 -0.316681
    5 4.462505 0.096129 -1.190233 1.700635 -0.250355 0.126839
    6 1.533205 -0.000001 -0.000001 0.009042 0.848532 0.011307
    7 0.922225 0.000000 0.000000 0.002275 0.948535 0.002901
    8 4.581339 -0.202365 -0.322599 1.346533 -0.259536 0.638898
    9 1.706794 -0.000006 0.000000 3.036021 1.434016 3.039811
    10 0.995784 0.000001 0.000000 0.026837 -0.314590 -0.022355
    11 4.329579 -0.047878 0.601895 1.141283 -0.111227 1.109616
    12 1.571783 0.000002 0.000005 0.269056 1.478394 0.281975
    13 1.038471 0.000006 0.000000 0.006016 -0.410155 0.011865
    14 3.871905 0.337152 1.438553 1.121923 0.266193 1.782702
    15 1.197247 -0.000007 -0.000013 0.081066 0.567625 0.082907
    16 0.862615 0.000000 0.000000 -0.008129 -0.487940 -0.000955
    17 1.188218 1.062015 -1.188354 3.072296 0.219014 0.151813
    18 1.984254 -0.000001 0.000000 -0.026138 0.072122 -0.091540
    19 1.217773 0.000003 0.000002 -0.020700 -0.169366 0.027834
    20 9.582013 0.082096 -0.005725 1.613871 0.656356 1.535729
    21 -1.511719 11.007813 -4.187500 1.244308 0.425693 -2.037295
    22 0.000000 0.000000 0.000000 2.661927 -0.450700 -0.213359
    23 10.859730 0.000013 -0.000005 -0.280061 0.006706 -2.177282
    24 11.118959 0.012915 -0.055609 -1.289381 -0.516100 1.699519
    25 4.462496 -0.096127 -1.190239 -1.685807 0.062403 -0.427167
    26 1.533207 0.000003 0.000000 -0.001689 0.082556 -0.007557
    27 0.922219 0.000000 0.000000 -0.000168 0.410534 -0.001706
    28 3.871094 -0.338867 1.439453 -1.480019 0.189903 -1.416936
    29 1.197266 0.000004 -0.000018 -0.127146 1.001777 -0.146524
    30 0.866211 -0.000001 -0.000002 0.009351 0.733784 0.001142
    31 4.582031 0.205322 -0.326172 -1.539698 0.007204 -1.420212
    32 1.709961 0.000006 -0.000003 -0.026879 1.095842 -0.020771
    33 0.998047 -0.000001 0.000001 -0.016608 0.557664 0.006715
    34 4.332031 0.048065 0.604980 -1.502394 0.106974 -1.508525
    35 1.571289 0.000006 -0.000001 -0.060351 1.044535 -0.069431
    36 1.039063 -0.000008 0.000002 -0.009609 0.637010 -0.018240
    37 1.191406 -1.063477 -1.191406 2.688815 0.147029 -0.438545
    38 1.987305 0.000003 0.000002 0.027278 0.315271 0.098085
    39 1.217773 -0.000005 0.000003 0.021152 0.266873 -0.018769
    40 9.578125 -0.084412 -0.006870 -1.606853 -0.254477 -1.498648
    41 -0.871094 11.210938 -11.585938 0.000000 0.000000 -0.000001
    42 -2.811952 -5.353525 -3.415408 0.055677 0.572478 -0.162041
    43 -4.780630 -15.837283 -3.812763 0.055677 0.572478 -0.162041
    44 0.000000 0.000000 0.000000 0.000000 0.000000 0.000000
    45 0.000000 0.000000 0.000000 0.000000 0.000000 0.000000
    46 0.000000 0.000000 0.000000 0.000000 0.000000 0.000000
    47 0.000000 0.000000 0.000000 -1.570796 0.000000 0.000000
    48 0.000000 0.000000 0.000000 -1.570796 0.000000 0.000000
    49 0.000000 0.000000 0.000000 -1.570796 0.000000 0.000000
    50 0.000000 0.000000 0.000000 1.570796 0.000000 0.000000
    51 0.000000 0.000000 0.000000 1.570796 0.000000 0.000000
    52 0.000000 0.000000 0.000000 1.570796 0.000000 0.000000
    53 0.000000 0.000000 0.000000 1.570796 0.000000 0.000000
    54 0.000000 0.000000 0.000000 1.570796 0.000000 0.000000
    55 0.000000 0.000000 0.000000 1.570796 0.000000 0.000000
    56 0.000000 0.000000 0.000000 1.570796 0.000000 0.000000
    57 0.000000 0.000000 0.000000 1.570796 0.000000 0.000000
    58 0.000000 0.000000 0.000000 1.570796 0.000000 0.000000
    59 0.000000 0.000000 0.000000 1.570796 0.000000 0.000000
    60 0.000000 0.000000 0.000000 1.570796 0.000000 0.000000
    61 0.000000 0.000000 0.000000 1.570796 0.000000 0.000000
    62 0.000000 0.000001 0.000000 0.000000 0.000000 0.000000
    63 0.000000 0.000000 0.000000 0.000000 0.000000 0.000000
    64 0.000000 0.000000 0.000000 -3.141593 0.000000 0.000000
    65 0.000000 0.000000 0.000000 -1.570796 0.000000 0.000000
    66 0.000000 0.000000 0.000000 -1.570796 0.000000 0.000000
    67 0.000000 0.000000 0.000000 -1.570796 0.000000 0.000000
    68 0.000000 0.000000 0.000000 1.570796 0.000000 0.000000
    69 0.000000 0.000000 0.000000 1.570796 0.000000 0.000000
    70 0.000000 0.000000 0.000000 1.570796 0.000000 0.000000
    71 0.000000 0.000000 0.000001 1.570796 0.000000 0.000000
    72 0.000000 0.000000 0.000000 1.570796 0.000000 0.000000
    73 0.000000 0.000000 0.000000 1.570796 0.000000 0.000000
    74 0.000000 0.000000 0.000000 1.570796 0.000000 0.000000
    75 0.000000 0.000000 0.000000 1.570796 0.000000 0.000000
    76 -0.000001 0.000000 0.000000 1.570796 0.000000 0.000000
    77 0.000000 0.000000 0.000000 1.570796 0.000000 0.000000
    78 0.000000 0.000000 0.000000 1.570796 0.000000 0.000000
    79 0.000000 0.000000 0.000000 1.570796 0.000000 0.000000
  time 22
    0 -2.338150 -2.782197 -3.436721 0.114713 0.466723 -0.108545
    1 7.195313 4.312500 -6.410156 -0.275968 0.424923 -1.104175
    2 0.000000 0.000000 0.000000 2.536545 0.284297 -0.739845
    3 10.859747 -0.000001 -0.000001 0.261970 0.005559 0.839027
    4 11.118949 -0.012917 -0.055607 -0.935278 0.056465 -0.330586
    5 4.462505 0.096129 -1.190233 1.700635 -0.250355 0.126839
    6 1.533205 -0.000001 -0.000001 0.009042 0.848532 0.011307
    7 0.922225 0.000000 0.000000 0.002335 0.960478 0.002949
    8 4.581339 -0.202365 -0.322599 1.346533 -0.259536 0.638898
    9 1.706794 -0.000006 0.000000 3.036021 1.434016 3.039811
    10 0.995784 0.000001 0.000000 0.026837 -0.314590 -0.022355
    11 4.329579 -0.047878 0.601895 1.141283 -0.111227 1.109616
    12 1.571783 0.000002 0.000005 0.269056 1.478394 0.281975
    13 1.038471 0.000006 0.000000 0.006016 -0.410155 0.011865
    14 3.871905 0.337152 1.438553 1.121923 0.266193 1.782702
    15 1.197247 -0.000007 -0.000013 0.081066 0.567625 0.082907
    16 0.862615 0.000000 0.000000 -0.008129 -0.487940 -0.000955
    17 1.188218 1.062015 -1.188354 3.072296 0.219014 0.151813
    18 1.984254 -0.000001 0.000000 -0.026114 0.069407 -0.091468
    19 1.217773 0.000003 0.000002 -0.020700 -0.169366 0.027834
    20 9.582013 0.082096 -0.005725 1.611690 0.595138 1.532721
    21 -1.511719 11.007813 -4.187500 1.244308 0.425693 -2.037295
    22 0.000000 0.000000 0.000000 2.676225 -0.441644 -0.204573
    23 10.859730 0.000013 -0.000005 -0.279462 0.007089 -2.127581
    24 11.118959 0.012915 -0.055609 -1.229956 -0.615725 1.672005
    25 4.462496 -0.096127 -1.190239 -1.690469 0.055308 -0.491572
    26 1.533207 0.000003 0.000000 -0.001689 0.131046 -0.007557
    27 0.922219 0.000000 0.000000 -0.000168 0.539810 -0.001706
    28 3.871094 -0.338867 1.439453 -1.480019 0.189903 -1.416936
    29 1.197266 0.000004 -0.000018 -0.127146 1.001777 -0.146524
    30 0.866211 -0.000001 -0.000002 0.009351 0.733784 0.001142
    31 4.582031 0.205322 -0.326172 -1.539698 0.007204 -1.420212
    32 1.709961 0.000006 -0.000003 -0.026879 1.095842 -0.020771
    33 0.998047 -0.000001 0.000001 -0.016608 0.557664 0.006715
    34 4.332031 0.048065 0.604980 -1.502394 0.106974 -1.508525
    35 1.571289 0.000006 -0.000001 -0.060351 1.044535 -0.069431
    36 1.039063 -0.000008 0.000002 -0.009609 0.637010 -0.018240
    37 1.191406 -1.063477 -1.191406 2.688815 0.147029 -0.438545
    38 1.987305 0.000003 0.000002 0.027278 0.315271 0.098085
    39 1.217773 -0.000005 0.000003 0.021152 0.266873 -0.018769
    40 9.578125 -0.084412 -0.006870 -1.606853 -0.254477 -1.498648
    41 -0.871094 11.210938 -11.585938 0.000000 0.000000 -0.000001
    42 -2.733825 -5.748068 -3.563850 0.114713 0.466723 -0.108545
    43 -4.405618 -16.485740 -4.570599 0.114713 0.466723 -0.108545
    44 0.000000 0.000000 0.000000 0.000000 0.000000 0.000000
    45 0.000000 0.000000 0.000000 0.000000 0.000000 0.000000
    46 0.000000 0.000000 0.000000 0.000000 0.000000 0.000000
    47 0.000000 0.000000 0.000000 -1.570796 0.000000 0.000000
    48 0.000000 0.000000 0.000000 -1.570796 0.000000 0.000000
    49 0.000000 0.000000 0.000000 -1.570796 0.000000 0.000000
    50 0.000000 0.000000 0.000000 1.570796 0.000000 0.000000
    51 0.000000 0.000000 0.000000 1.570796 0.000000 0.000000
    52 0.000000 0.000000 0.000000 1.570796 0.000000 0.000000
    53 0.000000 0.000000 0.000000 1.570796 0.000000 0.000000
    54 0.000000 0.000000 0.000000 1.570796 0.000000 0.000000
    55 0.000000 0.000000 0.000000 1.570796 0.000000 0.000000
    56 0.000000 0.000000 0.000000 1.570796 0.000000 0.000000
    57 0.000000 0.000000 0.000000 1.570796 0.000000 0.000000
    58 0.000000 0.000000 0.000000 1.570796 0.000000 0.000000
    59 0.000000 0.000000 0.000000 1.570796 0.000000 0.000000
    60 0.000000 0.000000 0.000000 1.570796 0.000000 0.000000
    61 0.000000 0.000000 0.000000 1.570796 0.000000 0.000000
    62 0.000000 0.000001 0.000000 0.000000 0.000000 0.000000
    63 0.000000 0.000000 0.000000 0.000000 0.000000 0.000000
    64 0.000000 0.000000 0.000000 -3.141593 0.000000 0.000000
    65 0.000000 0.000000 0.000000 -1.570796 0.000000 0.000000
    66 0.000000 0.000000 0.000000 -1.570796 0.000000 0.000000
    67 0.000000 0.000000 0.000000 -1.570796 0.000000 0.000000
    68 0.000000 0.000000 0.000000 1.570796 0.000000 0.000000
    69 0.000000 0.000000 0.000000 1.570796 0.000000 0.000000
    70 0.000000 0.000000 0.000000 1.570796 0.000000 0.000000
    71 0.000000 0.000000 0.000001 1.570796 0.000000 0.000000
    72 0.000000 0.000000 0.000000 1.570796 0.000000 0.000000
    73 0.000000 0.000000 0.000000 1.570796 0.000000 0.000000
    74 0.000000 0.000000 0.000000 1.570796 0.000000 0.000000
    75 0.000000 0.000000 0.000000 1.570796 0.000000 0.000000
    76 -0.000001 0.000000 0.000000 1.570796 0.000000 0.000000
    77 0.000000 0.000000 0.000000 1.570796 0.000000 0.000000
    78 0.000000 0.000000 0.000000 1.570796 0.000000 0.000000
    79 0.000000 0.000000 0.000000 1.570796 0.000000 0.000000
  time 23
    0 -2.338150 -2.993141 -3.432815 0.138327 0.381095 -0.070887
    1 7.195313 4.312500 -6.410156 -0.275968 0.424923 -1.104175
    2 0.000000 0.000000 0.000000 2.545935 0.284938 -0.697662
    3 10.859747 -0.000001 -0.000001 0.262246 0.005811 0.864555
    4 11.118949 -0.012917 -0.055607 -0.872373 0.021306 -0.370904
    5 4.462505 0.096129 -1.190233 1.700635 -0.250355 0.126839
    6 1.533205 -0.000001 -0.000001 0.009042 0.848532 0.011307
    7 0.922225 0.000000 0.000000 0.002383 0.971314 0.002997
    8 4.581339 -0.202365 -0.322599 1.346533 -0.259536 0.638898
    9 1.706794 -0.000006 0.000000 3.036021 1.434016 3.039811
    10 0.995784 0.000001 0.000000 0.026837 -0.314590 -0.022355
    11 4.329579 -0.047878 0.601895 1.141283 -0.111227 1.109616
    12 1.571783 0.000002 0.000005 0.269056 1.478394 0.281975
    13 1.038471 0.000006 0.000000 0.006016 -0.410155 0.011865
    14 3.871905 0.337152 1.438553 1.121923 0.266193 1.782702
    15 1.197247 -0.000007 -0.000013 0.081066 0.567625 0.082907
    16 0.862615 0.000000 0.000000 -0.008129 -0.487940 -0.000955
    17 1.188218 1.062015 -1.188354 3.072296 0.219014 0.151813
    18 1.984254 -0.000001 0.000000 -0.026090 0.066915 -0.091396
    19 1.217773 0.000003 0.000002 -0.020700 -0.169366 0.027834
    20 9.582013 0.082096 -0.005725 1.609856 0.530424 1.529641
    21 -1.511719 11.007813 -4.187500 1.244308 0.425693 -2.037295
    22 0.000000 0.000000 0.000000 2.693627 -0.435629 -0.211367
    23 10.859730 0.000013 -0.000005 -0.279126 0.007281 -2.100023
    24 11.118959 0.012915 -0.055609 -1.169977 -0.685835 1.625448
    25 4.462496 -0.096127 -1.190239 -1.692327 0.052480 -0.517339
    26 1.533207 0.000003 0.000000 -0.001689 0.150425 -0.007557
    27 0.922219 0.000000 0.000000 -0.000168 0.591517 -0.001706
    28 3.871094 -0.338867 1.439453 -1.480019 0.189903 -1.416936
    29 1.197266 0.000004 -0.000018 -0.127146 1.001777 -0.146524
    30 0.866211 -0.000001 -0.000002 0.009351 0.733784 0.001142
    31 4.582031 0.205322 -0.326172 -1.539698 0.007204 -1.420212
    32 1.709961 0.000006 -0.000003 -0.026879 1.095842 -0.020771
    33 0.998047 -0.000001 0.000001 -0.016608 0.557664 0.006715
    34 4.332031 0.048065 0.604980 -1.502394 0.106974 -1.508525
    35 1.571289 0.000006 -0.000001 -0.060351 1.044535 -0.069431
    36 1.039063 -0.000008 0.000002 -0.009609 0.637010 -0.018240
    37 1.191406 -1.063477 -1.191406 2.688815 0.147029 -0.438545
    38 1.987305 0.000003 0.000002 0.027278 0.315271 0.098085
    39 1.217773 -0.000005 0.000003 0.021152 0.266873 -0.018769
    40 9.578125 -0.084412 -0.006870 -1.606853 -0.254477 -1.498648
    41 -0.871094 11.210938 -11.585938 0.000000 0.000000 -0.000001
    42 -2.636166 -5.966825 -3.626352 0.138327 0.381095 -0.070887
    43 -3.909509 -16.727935 -4.910453 0.138327 0.381095 -0.070887
    44 0.000000 0.000000 0.000000 0.000000 0.000000 0.000000
    45 0.000000 0.000000 0.000000 0.000000 0.000000 0.000000
    46 0.000000 0.000000 0.000000 0.000000 0.000000 0.000000
    47 0.000000 0.000000 0.000000 -1.570796 0.000000 0.000000
    48 0.000000 0.000000 0.000000 -1.570796 0.000000 0.000000
    49 0.000000 0.000000 0.000000 -1.570796 0.000000 0.000000
    50 0.000000 0.000000 0.000000 1.570796 0.000000 0.000000
    51 0.000000 0.000000 0.000000 1.570796 0.000000 0.000000
    52 0.000000 0.000000 0.000000 1.570796 0.000000 0.000000
    53 0.000000 0.000000 0.000000 1.570796 0.000000 0.000000
    54 0.000000 0.000000 0.000000 1.570796 0.000000 0.000000
    55 0.000000 0.000000 0.000000 1.570796 0.000000 0.000000
    56 0.000000 0.000000 0.000000 1.570796 0.000000 0.000000
    57 0.000000 0.000000 0.000000 1.570796 0.000000 0.000000
    58 0.000000 0.000000 0.000000 1.570796 0.000000 0.000000
    59 0.000000 0.000000 0.000000 1.570796 0.000000 0.000000
    60 0.000000 0.000000 0.000000 1.570796 0.000000 0.000000
    61 0.000000 0.000000 0.000000 1.570796 0.000000 0.000000
    62 0.000000 0.000001 0.000000 0.000000 0.000000 0.000000
    63 0.000000 0.000000 0.000000 0.000000 0.000000 0.000000
    64 0.000000 0.000000 0.000000 -3.141593 0.000000 0.000000
    65 0.000000 0.000000 0.000000 -1.570796 0.000000 0.000000
    66 0.000000 0.000000 0.000000 -1.570796 0.000000 0.000000
    67 0.000000 0.000000 0.000000 -1.570796 0.000000 0.000000
    68 0.000000 0.000000 0.000000 1.570796 0.000000 0.000000
    69 0.000000 0.000000 0.000000 1.570796 0.000000 0.000000
    70 0.000000 0.000000 0.000000 1.570796 0.000000 0.000000
    71 0.000000 0.000000 0.000001 1.570796 0.000000 0.000000
    72 0.000000 0.000000 0.000000 1.570796 0.000000 0.000000
    73 0.000000 0.000000 0.000000 1.570796 0.000000 0.000000
    74 0.000000 0.000000 0.000000 1.570796 0.000000 0.000000
    75 0.000000 0.000000 0.000000 1.570796 0.000000 0.000000
    76 -0.000001 0.000000 0.000000 1.570796 0.000000 0.000000
    77 0.000000 0.000000 0.000000 1.570796 0.000000 0.000000
    78 0.000000 0.000000 0.000000 1.570796 0.000000 0.000000
    79 0.000000 0.000000 0.000000 1.570796 0.000000 0.000000
  time 24
    0 -2.338150 -3.075174 -3.448440 0.132004 0.308909 -0.049489
    1 7.195313 4.312500 -6.410156 -0.275968 0.424923 -1.104175
    2 0.000000 0.000000 0.000000 2.546806 0.279059 -0.668123
    3 10.859747 -0.000001 -0.000001 0.262533 0.006063 0.891129
    4 11.118949 -0.012917 -0.055607 -0.804766 -0.001462 -0.400037
    5 4.462505 0.096129 -1.190233 1.700635 -0.250355 0.126839
    6 1.533205 -0.000001 -0.000001 0.009042 0.848532 0.011307
    7 0.922225 0.000000 0.000000 0.002443 0.981077 0.003033
    8 4.581339 -0.202365 -0.322599 1.346533 -0.259536 0.638898
    9 1.706794 -0.000006 0.000000 3.036021 1.434016 3.039811
    10 0.995784 0.000001 0.000000 0.026837 -0.314590 -0.022355
    11 4.329579 -0.047878 0.601895 1.141283 -0.111227 1.109616
    12 1.571783 0.000002 0.000005 0.269056 1.478394 0.281975
    13 1.038471 0.000006 0.000000 0.006016 -0.410155 0.011865
    14 3.871905 0.337152 1.438553 1.121923 0.266193 1.782702
    15 1.197247 -0.000007 -0.000013 0.081066 0.567625 0.082907
    16 0.862615 0.000000 0.000000 -0.008129 -0.487940 -0.000955
    17 1.188218 1.062015 -1.188354 3.072296 0.219014 0.151813
    18 1.984254 -0.000001 0.000000 -0.026066 0.064647 -0.091325
    19 1.217773 0.000003 0.000002 -0.020700 -0.169366 0.027834
    20 9.582013 0.082096 -0.005725 1.608490 0.465616 1.526633
    21 -1.511719 11.007813 -4.187500 1.244308 0.425693 -2.037295
    22 0.000000 0.000000 0.000000 2.711795 -0.430664 -0.232048
    23 10.859730 0.000013 -0.000005 -0.279030 0.007353 -2.091983
    24 11.118959 0.012915 -0.055609 -1.098909 -0.723439 1.563439
    25 4.462496 -0.096127 -1.190239 -1.692327 0.052480 -0.517339
    26 1.533207 0.000003 0.000000 -0.001689 0.150425 -0.007557
    27 0.922219 0.000000 0.000000 -0.000168 0.591517 -0.001706
    28 3.871094 -0.338867 1.439453 -1.480019 0.189903 -1.416936
    29 1.197266 0.000004 -0.000018 -0.127146 1.001777 -0.146524
    30 0.866211 -0.000001 -0.000002 0.009351 0.733784 0.001142
    31 4.582031 0.205322 -0.326172 -1.539698 0.007204 -1.420212
    32 1.709961 0.000006 -0.000003 -0.026879 1.095842 -0.020771
    33 0.998047 -0.000001 0.000001 -0.016608 0.557664 0.006715
    34 4.332031 0.048065 0.604980 -1.502394 0.106974 -1.508525
    35 1.571289 0.000006 -0.000001 -0.060351 1.044535 -0.069431
    36 1.039063 -0.000008 0.000002 -0.009609 0.637010 -0.018240
    37 1.191406 -1.063477 -1.191406 2.688815 0.147029 -0.438545
    38 1.987305 0.000003 0.000002 0.027278 0.315271 0.098085
    39 1.217773 -0.000005 0.000003 0.021152 0.266873 -0.018769
    40 9.578125 -0.084412 -0.006870 -1.606853 -0.254477 -1.498648
    41 -0.871094 11.210938 -11.585938 0.000000 0.000000 -0.000001
    42 -2.550226 -6.052765 -3.634165 0.132004 0.308909 -0.049489
    43 -3.479809 -16.856845 -4.883108 0.132004 0.308909 -0.049489
    44 0.000000 0.000000 0.000000 0.000000 0.000000 0.000000
    45 0.000000 0.000000 0.000000 0.000000 0.000000 0.000000
    46 0.000000 0.000000 0.000000 0.000000 0.000000 0.000000
    47 0.000000 0.000000 0.000000 -1.570796 0.000000 0.000000
    48 0.000000 0.000000 0.000000 -1.570796 0.000000 0.000000
    49 0.000000 0.000000 0.000000 -1.570796 0.000000 0.000000
    50 0.000000 0.000000 0.000000 1.570796 0.000000 0.000000
    51 0.000000 0.000000 0.000000 1.570796 0.000000 0.000000
    52 0.000000 0.000000 0.000000 1.570796 0.000000 0.000000
    53 0.000000 0.000000 0.000000 1.570796 0.000000 0.000000
    54 0.000000 0.000000 0.000000 1.570796 0.000000 0.000000
    55 0.000000 0.000000 0.000000 1.570796 0.000000 0.000000
    56 0.000000 0.000000 0.000000 1.570796 0.000000 0.000000
    57 0.000000 0.000000 0.000000 1.570796 0.000000 0.000000
    58 0.000000 0.000000 0.000000 1.570796 0.000000 0.000000
    59 0.000000 0.000000 0.000000 1.570796 0.000000 0.000000
    60 0.000000 0.000000 0.000000 1.570796 0.000000 0.000000
    61 0.000000 0.000000 0.000000 1.570796 0.000000 0.000000
    62 0.000000 0.000001 0.000000 0.000000 0.000000 0.000000
    63 0.000000 0.000000 0.000000 0.000000 0.000000 0.000000
    64 0.000000 0.000000 0.000000 -3.141593 0.000000 0.000000
    65 0.000000 0.000000 0.000000 -1.570796 0.000000 0.000000
    66 0.000000 0.000000 0.000000 -1.570796 0.000000 0.000000
    67 0.000000 0.000000 0.000000 -1.570796 0.000000 0.000000
    68 0.000000 0.000000 0.000000 1.570796 0.000000 0.000000
    69 0.000000 0.000000 0.000000 1.570796 0.000000 0.000000
    70 0.000000 0.000000 0.000000 1.570796 0.000000 0.000000
    71 0.000000 0.000000 0.000001 1.570796 0.000000 0.000000
    72 0.000000 0.000000 0.000000 1.570796 0.000000 0.000000
    73 0.000000 0.000000 0.000000 1.570796 0.000000 0.000000
    74 0.000000 0.000000 0.000000 1.570796 0.000000 0.000000
    75 0.000000 0.000000 0.000000 1.570796 0.000000 0.000000
    76 -0.000001 0.000000 0.000000 1.570796 0.000000 0.000000
    77 0.000000 0.000000 0.000000 1.570796 0.000000 0.000000
    78 0.000000 0.000000 0.000000 1.570796 0.000000 0.000000
    79 0.000000 0.000000 0.000000 1.570796 0.000000 0.000000
  time 25
    0 -2.338150 -3.125957 -3.487504 0.115602 0.236115 -0.035925
    1 7.195313 4.312500 -6.410156 -0.275968 0.424923 -1.104175
    2 0.000000 0.000000 0.000000 2.543660 0.269179 -0.647413
    3 10.859747 -0.000001 -0.000001 0.262773 0.006231 0.910283
    4 11.118949 -0.012917 -0.055607 -0.731030 -0.022550 -0.421008
    5 4.462505 0.096129 -1.190233 1.700635 -0.250355 0.126839
    6 1.533205 -0.000001 -0.000001 0.009042 0.848532 0.011307
    7 0.922225 0.000000 0.000000 0.002479 0.989802 0.003069
    8 4.581339 -0.202365 -0.322599 1.346533 -0.259536 0.638898
    9 1.706794 -0.000006 0.000000 3.036021 1.434016 3.039811
    10 0.995784 0.000001 0.000000 0.026837 -0.314590 -0.022355
    11 4.329579 -0.047878 0.601895 1.141283 -0.111227 1.109616
    12 1.571783 0.000002 0.000005 0.269056 1.478394 0.281975
    13 1.038471 0.000006 0.000000 0.006016 -0.410155 0.011865
    14 3.871905 0.337152 1.438553 1.121923 0.266193 1.782702
    15 1.197247 -0.000007 -0.000013 0.081066 0.567625 0.082907
    16 0.862615 0.000000 0.000000 -0.008129 -0.487940 -0.000955
    17 1.188218 1.062015 -1.188354 3.072296 0.219014 0.151813
    18 1.984254 -0.000001 0.000000 -0.026054 0.062618 -0.091277
    19 1.217773 0.000003 0.000002 -0.020700 -0.169366 0.027834
    20 9.582013 0.082096 -0.005725 1.607591 0.404444 1.523793
    21 -1.511719 11.007813 -4.187500 1.244308 0.425693 -2.037295
    22 0.000000 0.000000 0.000000 2.728442 -0.423882 -0.258269
    23 10.859730 0.000013 -0.000005 -0.278994 0.007365 -2.088888
    24 11.118959 0.012915 -0.055609 -1.015694 -0.745011 1.493705
    25 4.462496 -0.096127 -1.190239 -1.692327 0.052480 -0.517339
    26 1.533207 0.000003 0.000000 -0.001689 0.150425 -0.007557
    27 0.922219 0.000000 0.000000 -0.000168 0.591517 -0.001706
    28 3.871094 -0.338867 1.439453 -1.480019 0.189903 -1.416936
    29 1.197266 0.000004 -0.000018 -0.127146 1.001777 -0.146524
    30 0.866211 -0.000001 -0.000002 0.009351 0.733784 0.001142
    31 4.582031 0.205322 -0.326172 -1.539698 0.007204 -1.420212
    32 1.709961 0.000006 -0.000003 -0.026879 1.095842 -0.020771
    33 0.998047 -0.000001 0.000001 -0.016608 0.557664 0.006715
    34 4.332031 0.048065 0.604980 -1.502394 0.106974 -1.508525
    35 1.571289 0.000006 -0.000001 -0.060351 1.044535 -0.069431
    36 1.039063 -0.000008 0.000002 -0.009609 0.637010 -0.018240
    37 1.191406 -1.063477 -1.191406 2.688815 0.147029 -0.438545
    38 1.987305 0.000003 0.000002 0.027278 0.315271 0.098085
    39 1.217773 -0.000005 0.000003 0.021152 0.266873 -0.018769
    40 9.578125 -0.084412 -0.006870 -1.606853 -0.254477 -1.498648
    41 -0.871094 11.210938 -11.585938 0.000000 0.000000 -0.000001
    42 -2.483817 -6.111361 -3.626352 0.115602 0.236115 -0.035925
    43 -3.132142 -16.950598 -4.734666 0.115602 0.236115 -0.035925
    44 0.000000 0.000000 0.000000 0.000000 0.000000 0.000000
    45 0.000000 0.000000 0.000000 0.000000 0.000000 0.000000
    46 0.000000 0.000000 0.000000 0.000000 0.000000 0.000000
    47 0.000000 0.000000 0.000000 -1.570796 0.000000 0.000000
    48 0.000000 0.000000 0.000000 -1.570796 0.000000 0.000000
    49 0.000000 0.000000 0.000000 -1.570796 0.000000 0.000000
    50 0.000000 0.000000 0.000000 1.570796 0.000000 0.000000
    51 0.000000 0.000000 0.000000 1.570796 0.000000 0.000000
    52 0.000000 0.000000 0.000000 1.570796 0.000000 0.000000
    53 0.000000 0.000000 0.000000 1.570796 0.000000 0.000000
    54 0.000000 0.000000 0.000000 1.570796 0.000000 0.000000
    55 0.000000 0.000000 0.000000 1.570796 0.000000 0.000000
    56 0.000000 0.000000 0.000000 1.570796 0.000000 0.000000
    57 0.000000 0.000000 0.000000 1.570796 0.000000 0.000000
    58 0.000000 0.000000 0.000000 1.570796 0.000000 0.000000
    59 0.000000 0.000000 0.000000 1.570796 0.000000 0.000000
    60 0.000000 0.000000 0.000000 1.570796 0.000000 0.000000
    61 0.000000 0.000000 0.000000 1.570796 0.000000 0.000000
    62 0.000000 0.000001 0.000000 0.000000 0.000000 0.000000
    63 0.000000 0.000000 0.000000 0.000000 0.000000 0.000000
    64 0.000000 0.000000 0.000000 -3.141593 0.000000 0.000000
    65 0.000000 0.000000 0.000000 -1.570796 0.000000 0.000000
    66 0.000000 0.000000 0.000000 -1.570796 0.000000 0.000000
    67 0.000000 0.000000 0.000000 -1.570796 0.000000 0.000000
    68 0.000000 0.000000 0.000000 1.570796 0.000000 0.000000
    69 0.000000 0.000000 0.000000 1.570796 0.000000 0.000000
    70 0.000000 0.000000 0.000000 1.570796 0.000000 0.000000
    71 0.000000 0.000000 0.000001 1.570796 0.000000 0.000000
    72 0.000000 0.000000 0.000000 1.570796 0.000000 0.000000
    73 0.000000 0.000000 0.000000 1.570796 0.000000 0.000000
    74 0.000000 0.000000 0.000000 1.570796 0.000000 0.000000
    75 0.000000 0.000000 0.000000 1.570796 0.000000 0.000000
    76 -0.000001 0.000000 0.000000 1.570796 0.000000 0.000000
    77 0.000000 0.000000 0.000000 1.570796 0.000000 0.000000
    78 0.000000 0.000000 0.000000 1.570796 0.000000 0.000000
    79 0.000000 0.000000 0.000000 1.570796 0.000000 0.000000
  time 26
    0 -2.338150 -3.165021 -3.542193 0.093272 0.167574 -0.028259
    1 7.195313 4.312500 -6.410156 -0.275968 0.424923 -1.104175
    2 0.000000 0.000000 0.000000 2.536351 0.257177 -0.635968
    3 10.859747 -0.000001 -0.000001 0.262905 0.006326 0.921794
    4 11.118949 -0.012917 -0.055607 -0.656163 -0.041119 -0.434536
    5 4.462505 0.096129 -1.190233 1.700635 -0.250355 0.126839
    6 1.533205 -0.000001 -0.000001 0.009042 0.848532 0.011307
    7 0.922225 0.000000 0.000000 0.002515 0.997522 0.003117
    8 4.581339 -0.202365 -0.322599 1.346533 -0.259536 0.638898
    9 1.706794 -0.000006 0.000000 3.036021 1.434016 3.039811
    10 0.995784 0.000001 0.000000 0.026837 -0.314590 -0.022355
    11 4.329579 -0.047878 0.601895 1.141283 -0.111227 1.109616
    12 1.571783 0.000002 0.000005 0.269056 1.478394 0.281975
    13 1.038471 0.000006 0.000000 0.006016 -0.410155 0.011865
    14 3.871905 0.337152 1.438553 1.121923 0.266193 1.782702
    15 1.197247 -0.000007 -0.000013 0.081066 0.567625 0.082907
    16 0.862615 0.000000 0.000000 -0.008129 -0.487940 -0.000955
    17 1.188218 1.062015 -1.188354 3.072296 0.219014 0.151813
    18 1.984254 -0.000001 0.000000 -0.026030 0.060813 -0.091217
    19 1.217773 0.000003 0.000002 -0.020700 -0.169366 0.027834
    20 9.582013 0.082096 -0.005725 1.607136 0.350549 1.521264
    21 -1.511719 11.007813 -4.187500 1.244308 0.425693 -2.037295
    22 0.000000 0.000000 0.000000 2.742560 -0.415822 -0.286461
    23 10.859730 0.000013 -0.000005 -0.278994 0.007365 -2.089275
    24 11.118959 0.012915 -0.055609 -0.929858 -0.752067 1.423361
    25 4.462496 -0.096127 -1.190239 -1.692327 0.052480 -0.517339
    26 1.533207 0.000003 0.000000 -0.001689 0.150425 -0.007557
    27 0.922219 0.000000 0.000000 -0.000168 0.591517 -0.001706
    28 3.871094 -0.338867 1.439453 -1.480019 0.189903 -1.416936
    29 1.197266 0.000004 -0.000018 -0.127146 1.001777 -0.146524
    30 0.866211 -0.000001 -0.000002 0.009351 0.733784 0.001142
    31 4.582031 0.205322 -0.326172 -1.539698 0.007204 -1.420212
    32 1.709961 0.000006 -0.000003 -0.026879 1.095842 -0.020771
    33 0.998047 -0.000001 0.000001 -0.016608 0.557664 0.006715
    34 4.332031 0.048065 0.604980 -1.502394 0.106974 -1.508525
    35 1.571289 0.000006 -0.000001 -0.060351 1.044535 -0.069431
    36 1.039063 -0.000008 0.000002 -0.009609 0.637010 -0.018240
    37 1.191406 -1.063477 -1.191406 2.688815 0.147029 -0.438545
    38 1.987305 0.000003 0.000002 0.027278 0.315271 0.098085
    39 1.217773 -0.000005 0.000003 0.021152 0.266873 -0.018769
    40 9.578125 -0.084412 -0.006870 -1.606853 -0.254477 -1.498648
    41 -0.871094 11.210938 -11.585938 0.000000 0.000000 -0.000001
    42 -2.436941 -6.150424 -3.618540 0.093272 0.167574 -0.028259
    43 -2.889947 -17.020913 -4.492471 0.093272 0.167574 -0.028259
    44 0.000000 0.000000 0.000000 0.000000 0.000000 0.000000
    45 0.000000 0.000000 0.000000 0.000000 0.000000 0.000000
    46 0.000000 0.000000 0.000000 0.000000 0.000000 0.000000
    47 0.000000 0.000000 0.000000 -1.570796 0.000000 0.000000
    48 0.000000 0.000000 0.000000 -1.570796 0.000000 0.000000
    49 0.000000 0.000000 0.000000 -1.570796 0.000000 0.000000
    50 0.000000 0.000000 0.000000 1.570796 0.000000 0.000000
    51 0.000000 0.000000 0.000000 1.570796 0.000000 0.000000
    52 0.000000 0.000000 0.000000 1.570796 0.000000 0.000000
    53 0.000000 0.000000 0.000000 1.570796 0.000000 0.000000
    54 0.000000 0.000000 0.000000 1.570796 0.000000 0.000000
    55 0.000000 0.000000 0.000000 1.570796 0.000000 0.000000
    56 0.000000 0.000000 0.000000 1.570796 0.000000 0.000000
    57 0.000000 0.000000 0.000000 1.570796 0.000000 0.000000
    58 0.000000 0.000000 0.000000 1.570796 0.000000 0.000000
    59 0.000000 0.000000 0.000000 1.570796 0.000000 0.000000
    60 0.000000 0.000000 0.000000 1.570796 0.000000 0.000000
    61 0.000000 0.000000 0.000000 1.570796 0.000000 0.000000
    62 0.000000 0.000001 0.000000 0.000000 0.000000 0.000000
    63 0.000000 0.000000 0.000000 0.000000 0.000000 0.000000
    64 0.000000 0.000000 0.000000 -3.141593 0.000000 0.000000
    65 0.000000 0.000000 0.000000 -1.570796 0.000000 0.000000
    66 0.000000 0.000000 0.000000 -1.570796 0.000000 0.000000
    67 0.000000 0.000000 0.000000 -1.570796 0.000000 0.000000
    68 0.000000 0.000000 0.000000 1.570796 0.000000 0.000000
    69 0.000000 0.000000 0.000000 1.570796 0.000000 0.000000
    70 0.000000 0.000000 0.000000 1.570796 0.000000 0.000000
    71 0.000000 0.000000 0.000001 1.570796 0.000000 0.000000
    72 0.000000 0.000000 0.000000 1.570796 0.000000 0.000000
    73 0.000000 0.000000 0.000000 1.570796 0.000000 0.000000
    74 0.000000 0.000000 0.000000 1.570796 0.000000 0.000000
    75 0.000000 0.000000 0.000000 1.570796 0.000000 0.000000
    76 -0.000001 0.000000 0.000000 1.570796 0.000000 0.000000
    77 0.000000 0.000000 0.000000 1.570796 0.000000 0.000000
    78 0.000000 0.000000 0.000000 1.570796 0.000000 0.000000
    79 0.000000 0.000000 0.000000 1.570796 0.000000 0.000000
  time 27
    0 -2.338150 -3.180646 -3.589069 0.068966 0.107995 -0.023794
    1 7.195313 4.312500 -6.410156 -0.275968 0.424923 -1.104175
    2 0.000000 0.000000 0.000000 2.527591 0.244534 -0.631608
    3 10.859747 -0.000001 -0.000001 0.262965 0.006374 0.927153
    4 11.118949 -0.012917 -0.055607 -0.587842 -0.056204 -0.442282
    5 4.462505 0.096129 -1.190233 1.700635 -0.250355 0.126839
    6 1.533205 -0.000001 -0.000001 0.009042 0.848532 0.011307
    7 0.922225 0.000000 0.000000 0.002563 1.004273 0.003141
    8 4.581339 -0.202365 -0.322599 1.346533 -0.259536 0.638898
    9 1.706794 -0.000006 0.000000 3.036021 1.434016 3.039811
    10 0.995784 0.000001 0.000000 0.026837 -0.314590 -0.022355
    11 4.329579 -0.047878 0.601895 1.141283 -0.111227 1.109616
    12 1.571783 0.000002 0.000005 0.269056 1.478394 0.281975
    13 1.038471 0.000006 0.000000 0.006016 -0.410155 0.011865
    14 3.871905 0.337152 1.438553 1.121923 0.266193 1.782702
    15 1.197247 -0.000007 -0.000013 0.081066 0.567625 0.082907
    16 0.862615 0.000000 0.000000 -0.008129 -0.487940 -0.000955
    17 1.188218 1.062015 -1.188354 3.072296 0.219014 0.151813
    18 1.984254 -0.000001 0.000000 -0.026018 0.059248 -0.091181
    19 1.217773 0.000003 0.000002 -0.020700 -0.169366 0.027834
    20 9.582013 0.082096 -0.005725 1.606992 0.307518 1.519215
    21 -1.511719 11.007813 -4.187500 1.244308 0.425693 -2.037295
    22 0.000000 0.000000 0.000000 2.753657 -0.407438 -0.313180
    23 10.859730 0.000013 -0.000005 -0.279018 0.007353 -2.091553
    24 11.118959 0.012915 -0.055609 -0.851834 -0.748114 1.359794
    25 4.462496 -0.096127 -1.190239 -1.692327 0.052480 -0.517339
    26 1.533207 0.000003 0.000000 -0.001689 0.150425 -0.007557
    27 0.922219 0.000000 0.000000 -0.000168 0.591517 -0.001706
    28 3.871094 -0.338867 1.439453 -1.480019 0.189903 -1.416936
    29 1.197266 0.000004 -0.000018 -0.127146 1.001777 -0.146524
    30 0.866211 -0.000001 -0.000002 0.009351 0.733784 0.001142
    31 4.582031 0.205322 -0.326172 -1.539698 0.007204 -1.420212
    32 1.709961 0.000006 -0.000003 -0.026879 1.095842 -0.020771
    33 0.998047 -0.000001 0.000001 -0.016608 0.557664 0.006715
    34 4.332031 0.048065 0.604980 -1.502394 0.106974 -1.508525
    35 1.571289 0.000006 -0.000001 -0.060351 1.044535 -0.069431
    36 1.039063 -0.000008 0.000002 -0.009609 0.637010 -0.018240
    37 1.191406 -1.063477 -1.191406 2.688815 0.147029 -0.438545
    38 1.987305 0.000003 0.000002 0.027278 0.315271 0.098085
    39 1.217773 -0.000005 0.000003 0.021152 0.266873 -0.018769
    40 9.578125 -0.084412 -0.006870 -1.606853 -0.254477 -1.498648
    41 -0.871094 11.210938 -11.585938 0.000000 0.000000 -0.000001
    42 -2.413503 -6.173863 -3.599008 0.068966 0.107995 -0.023794
    43 -2.737598 -17.067789 -4.222932 0.068966 0.107995 -0.023794
    44 0.000000 0.000000 0.000000 0.000000 0.000000 0.000000
    45 0.000000 0.000000 0.000000 0.000000 0.000000 0.000000
    46 0.000000 0.000000 0.000000 0.000000 0.000000 0.000000
    47 0.000000 0.000000 0.000000 -1.570796 0.000000 0.000000
    48 0.000000 0.000000 0.000000 -1.570796 0.000000 0.000000
    49 0.000000 0.000000 0.000000 -1.570796 0.000000 0.000000
    50 0.000000 0.000000 0.000000 1.570796 0.000000 0.000000
    51 0.000000 0.000000 0.000000 1.570796 0.000000 0.000000
    52 0.000000 0.000000 0.000000 1.570796 0.000000 0.000000
    53 0.000000 0.000000 0.000000 1.570796 0.000000 0.000000
    54 0.000000 0.000000 0.000000 1.570796 0.000000 0.000000
    55 0.000000 0.000000 0.000000 1.570796 0.000000 0.000000
    56 0.000000 0.000000 0.000000 1.570796 0.000000 0.000000
    57 0.000000 0.000000 0.000000 1.570796 0.000000 0.000000
    58 0.000000 0.000000 0.000000 1.570796 0.000000 0.000000
    59 0.000000 0.000000 0.000000 1.570796 0.000000 0.000000
    60 0.000000 0.000000 0.000000 1.570796 0.000000 0.000000
    61 0.000000 0.000000 0.000000 1.570796 0.000000 0.000000
    62 0.000000 0.000001 0.000000 0.000000 0.000000 0.000000
    63 0.000000 0.000000 0.000000 0.000000 0.000000 0.000000
    64 0.000000 0.000000 0.000000 -3.141593 0.000000 0.000000
    65 0.000000 0.000000 0.000000 -1.570796 0.000000 0.000000
    66 0.000000 0.000000 0.000000 -1.570796 0.000000 0.000000
    67 0.000000 0.000000 0.000000 -1.570796 0.000000 0.000000
    68 0.000000 0.000000 0.000000 1.570796 0.000000 0.000000
    69 0.000000 0.000000 0.000000 1.570796 0.000000 0.000000
    70 0.000000 0.000000 0.000000 1.570796 0.000000 0.000000
    71 0.000000 0.000000 0.000001 1.570796 0.000000 0.000000
    72 0.000000 0.000000 0.000000 1.570796 0.000000 0.000000
    73 0.000000 0.000000 0.000000 1.570796 0.000000 0.000000
    74 0.000000 0.000000 0.000000 1.570796 0.000000 0.000000
    75 0.000000 0.000000 0.000000 1.570796 0.000000 0.000000
    76 -0.000001 0.000000 0.000000 1.570796 0.000000 0.000000
    77 0.000000 0.000000 0.000000 1.570796 0.000000 0.000000
    78 0.000000 0.000000 0.000000 1.570796 0.000000 0.000000
    79 0.000000 0.000000 0.000000 1.570796 0.000000 0.000000
  time 28
    0 -2.338150 -3.192366 -3.624227 0.046834 0.062199 -0.020508
    1 7.195313 4.312500 -6.410156 -0.275968 0.424923 -1.104175
    2 0.000000 0.000000 0.000000 2.518927 0.233262 -0.631608
    3 10.859747 -0.000001 -0.000001 0.262989 0.006398 0.929278
    4 11.118949 -0.012917 -0.055607 -0.532733 -0.066844 -0.446552
    5 4.462505 0.096129 -1.190233 1.700635 -0.250355 0.126839
    6 1.533205 -0.000001 -0.000001 0.009042 0.848532 0.011307
    7 0.922225 0.000000 0.000000 0.002587 1.010089 0.003177
    8 4.581339 -0.202365 -0.322599 1.346533 -0.259536 0.638898
    9 1.706794 -0.000006 0.000000 3.036021 1.434016 3.039811
    10 0.995784 0.000001 0.000000 0.026837 -0.314590 -0.022355
    11 4.329579 -0.047878 0.601895 1.141283 -0.111227 1.109616
    12 1.571783 0.000002 0.000005 0.269056 1.478394 0.281975
    13 1.038471 0.000006 0.000000 0.006016 -0.410155 0.011865
    14 3.871905 0.337152 1.438553 1.121923 0.266193 1.782702
    15 1.197247 -0.000007 -0.000013 0.081066 0.567625 0.082907
    16 0.862615 0.000000 0.000000 -0.008129 -0.487940 -0.000955
    17 1.188218 1.062015 -1.188354 3.072296 0.219014 0.151813
    18 1.984254 -0.000001 0.000000 -0.026006 0.057858 -0.091133
    19 1.217773 0.000003 0.000002 -0.020700 -0.169366 0.027834
    20 9.582013 0.082096 -0.005725 1.606992 0.279087 1.517824
    21 -1.511719 11.007813 -4.187500 1.244308 0.425693 -2.037295
    22 0.000000 0.000000 0.000000 2.761723 -0.400105 -0.334997
    23 10.859730 0.000013 -0.000005 -0.279054 0.007329 -2.094219
    24 11.118959 0.012915 -0.055609 -0.790494 -0.739064 1.308696
    25 4.462496 -0.096127 -1.190239 -1.692327 0.052480 -0.517339
    26 1.533207 0.000003 0.000000 -0.001689 0.150425 -0.007557
    27 0.922219 0.000000 0.000000 -0.000168 0.591517 -0.001706
    28 3.871094 -0.338867 1.439453 -1.480019 0.189903 -1.416936
    29 1.197266 0.000004 -0.000018 -0.127146 1.001777 -0.146524
    30 0.866211 -0.000001 -0.000002 0.009351 0.733784 0.001142
    31 4.582031 0.205322 -0.326172 -1.539698 0.007204 -1.420212
    32 1.709961 0.000006 -0.000003 -0.026879 1.095842 -0.020771
    33 0.998047 -0.000001 0.000001 -0.016608 0.557664 0.006715
    34 4.332031 0.048065 0.604980 -1.502394 0.106974 -1.508525
    35 1.571289 0.000006 -0.000001 -0.060351 1.044535 -0.069431
    36 1.039063 -0.000008 0.000002 -0.009609 0.637010 -0.018240
    37 1.191406 -1.063477 -1.191406 2.688815 0.147029 -0.438545
    38 1.987305 0.000003 0.000002 0.027278 0.315271 0.098085
    39 1.217773 -0.000005 0.000003 0.021152 0.266873 -0.018769
    40 9.578125 -0.084412 -0.006870 -1.606853 -0.254477 -1.498648
    41 -0.871094 11.210938 -11.585938 0.000000 0.000000 -0.000001
    42 -2.401784 -6.181675 -3.571663 0.046834 0.062199 -0.020508
    43 -2.643846 -17.087321 -3.953392 0.046834 0.062199 -0.020508
    44 0.000000 0.000000 0.000000 0.000000 0.000000 0.000000
    45 0.000000 0.000000 0.000000 0.000000 0.000000 0.000000
    46 0.000000 0.000000 0.000000 0.000000 0.000000 0.000000
    47 0.000000 0.000000 0.000000 -1.570796 0.000000 0.000000
    48 0.000000 0.000000 0.000000 -1.570796 0.000000 0.000000
    49 0.000000 0.000000 0.000000 -1.570796 0.000000 0.000000
    50 0.000000 0.000000 0.000000 1.570796 0.000000 0.000000
    51 0.000000 0.000000 0.000000 1.570796 0.000000 0.000000
    52 0.000000 0.000000 0.000000 1.570796 0.000000 0.000000
    53 0.000000 0.000000 0.000000 1.570796 0.000000 0.000000
    54 0.000000 0.000000 0.000000 1.570796 0.000000 0.000000
    55 0.000000 0.000000 0.000000 1.570796 0.000000 0.000000
    56 0.000000 0.000000 0.000000 1.570796 0.000000 0.000000
    57 0.000000 0.000000 0.000000 1.570796 0.000000 0.000000
    58 0.000000 0.000000 0.000000 1.570796 0.000000 0.000000
    59 0.000000 0.000000 0.000000 1.570796 0.000000 0.000000
    60 0.000000 0.000000 0.000000 1.570796 0.000000 0.000000
    61 0.000000 0.000000 0.000000 1.570796 0.000000 0.000000
    62 0.000000 0.000001 0.000000 0.000000 0.000000 0.000000
    63 0.000000 0.000000 0.000000 0.000000 0.000000 0.000000
    64 0.000000 0.000000 0.000000 -3.141593 0.000000 0.000000
    65 0.000000 0.000000 0.000000 -1.570796 0.000000 0.000000
    66 0.000000 0.000000 0.000000 -1.570796 0.000000 0.000000
    67 0.000000 0.000000 0.000000 -1.570796 0.000000 0.000000
    68 0.000000 0.000000 0.000000 1.570796 0.000000 0.000000
    69 0.000000 0.000000 0.000000 1.570796 0.000000 0.000000
    70 0.000000 0.000000 0.000000 1.570796 0.000000 0.000000
    71 0.000000 0.000000 0.000001 1.570796 0.000000 0.000000
    72 0.000000 0.000000 0.000000 1.570796 0.000000 0.000000
    73 0.000000 0.000000 0.000000 1.570796 0.000000 0.000000
    74 0.000000 0.000000 0.000000 1.570796 0.000000 0.000000
    75 0.000000 0.000000 0.000000 1.570796 0.000000 0.000000
    76 -0.000001 0.000000 0.000000 1.570796 0.000000 0.000000
    77 0.000000 0.000000 0.000000 1.570796 0.000000 0.000000
    78 0.000000 0.000000 0.000000 1.570796 0.000000 0.000000
    79 0.000000 0.000000 0.000000 1.570796 0.000000 0.000000
  time 29
    0 -2.338150 -3.192366 -3.643759 0.030877 0.035011 -0.016043
    1 7.195313 4.312500 -6.410156 -0.275968 0.424923 -1.104175
    2 0.000000 0.000000 0.000000 2.512345 0.225327 -0.631826
    3 10.859747 -0.000001 -0.000001 0.263025 0.006410 0.931878
    4 11.118949 -0.012917 -0.055607 -0.497739 -0.071867 -0.450104
    5 4.462505 0.096129 -1.190233 1.700635 -0.250355 0.126839
    6 1.533205 -0.000001 -0.000001 0.009042 0.848532 0.011307
    7 0.922225 0.000000 0.000000 0.002623 1.015039 0.003200
    8 4.581339 -0.202365 -0.322599 1.346533 -0.259536 0.638898
    9 1.706794 -0.000006 0.000000 3.036021 1.434016 3.039811
    10 0.995784 0.000001 0.000000 0.026837 -0.314590 -0.022355
    11 4.329579 -0.047878 0.601895 1.141283 -0.111227 1.109616
    12 1.571783 0.000002 0.000005 0.269056 1.478394 0.281975
    13 1.038471 0.000006 0.000000 0.006016 -0.410155 0.011865
    14 3.871905 0.337152 1.438553 1.121923 0.266193 1.782702
    15 1.197247 -0.000007 -0.000013 0.081066 0.567625 0.082907
    16 0.862615 0.000000 0.000000 -0.008129 -0.487940 -0.000955
    17 1.188218 1.062015 -1.188354 3.072296 0.219014 0.151813
    18 1.984254 -0.000001 0.000000 -0.025994 0.056676 -0.091097
    19 1.217773 0.000003 0.000002 -0.020700 -0.169366 0.027834
    20 9.582013 0.082096 -0.005725 1.606992 0.268796 1.517345
    21 -1.511719 11.007813 -4.187500 1.244308 0.425693 -2.037295
    22 0.000000 0.000000 0.000000 2.767152 -0.395503 -0.348705
    23 10.859730 0.000013 -0.000005 -0.279078 0.007317 -2.095767
    24 11.118959 0.012915 -0.055609 -0.752843 -0.732267 1.273727
    25 4.462496 -0.096127 -1.190239 -1.692327 0.052480 -0.517339
    26 1.533207 0.000003 0.000000 -0.001689 0.150425 -0.007557
    27 0.922219 0.000000 0.000000 -0.000168 0.591517 -0.001706
    28 3.871094 -0.338867 1.439453 -1.480019 0.189903 -1.416936
    29 1.197266 0.000004 -0.000018 -0.127146 1.001777 -0.146524
    30 0.866211 -0.000001 -0.000002 0.009351 0.733784 0.001142
    31 4.582031 0.205322 -0.326172 -1.539698 0.007204 -1.420212
    32 1.709961 0.000006 -0.000003 -0.026879 1.095842 -0.020771
    33 0.998047 -0.000001 0.000001 -0.016608 0.557664 0.006715
    34 4.332031 0.048065 0.604980 -1.502394 0.106974 -1.508525
    35 1.571289 0.000006 -0.000001 -0.060351 1.044535 -0.069431
    36 1.039063 -0.000008 0.000002 -0.009609 0.637010 -0.018240
    37 1.191406 -1.063477 -1.191406 2.688815 0.147029 -0.438545
    38 1.987305 0.000003 0.000002 0.027278 0.315271 0.098085
    39 1.217773 -0.000005 0.000003 0.021152 0.266873 -0.018769
    40 9.578125 -0.084412 -0.006870 -1.606853 -0.254477 -1.498648
    41 -0.871094 11.210938 -11.585938 0.000000 0.000000 -0.000001
    42 -2.386158 -6.181675 -3.540412 0.030877 0.035011 -0.016043
    43 -2.565718 -17.095134 -3.750261 0.030877 0.035011 -0.016043
    44 0.000000 0.000000 0.000000 0.000000 0.000000 0.000000
    45 0.000000 0.000000 0.000000 0.000000 0.000000 0.000000
    46 0.000000 0.000000 0.000000 0.000000 0.000000 0.000000
    47 0.000000 0.000000 0.000000 -1.570796 0.000000 0.000000
    48 0.000000 0.000000 0.000000 -1.570796 0.000000 0.000000
    49 0.000000 0.000000 0.000000 -1.570796 0.000000 0.000000
    50 0.000000 0.000000 0.000000 1.570796 0.000000 0.000000
    51 0.000000 0.000000 0.000000 1.570796 0.000000 0.000000
    52 0.000000 0.000000 0.000000 1.570796 0.000000 0.000000
    53 0.000000 0.000000 0.000000 1.570796 0.000000 0.000000
    54 0.000000 0.000000 0.000000 1.570796 0.000000 0.000000
    55 0.000000 0.000000 0.000000 1.570796 0.000000 0.000000
    56 0.000000 0.000000 0.000000 1.570796 0.000000 0.000000
    57 0.000000 0.000000 0.000000 1.570796 0.000000 0.000000
    58 0.000000 0.000000 0.000000 1.570796 0.000000 0.000000
    59 0.000000 0.000000 0.000000 1.570796 0.000000 0.000000
    60 0.000000 0.000000 0.000000 1.570796 0.000000 0.000000
    61 0.000000 0.000000 0.000000 1.570796 0.000000 0.000000
    62 0.000000 0.000001 0.000000 0.000000 0.000000 0.000000
    63 0.000000 0.000000 0.000000 0.000000 0.000000 0.000000
    64 0.000000 0.000000 0.000000 -3.141593 0.000000 0.000000
    65 0.000000 0.000000 0.000000 -1.570796 0.000000 0.000000
    66 0.000000 0.000000 0.000000 -1.570796 0.000000 0.000000
    67 0.000000 0.000000 0.000000 -1.570796 0.000000 0.000000
    68 0.000000 0.000000 0.000000 1.570796 0.000000 0.000000
    69 0.000000 0.000000 0.000000 1.570796 0.000000 0.000000
    70 0.000000 0.000000 0.000000 1.570796 0.000000 0.000000
    71 0.000000 0.000000 0.000001 1.570796 0.000000 0.000000
    72 0.000000 0.000000 0.000000 1.570796 0.000000 0.000000
    73 0.000000 0.000000 0.000000 1.570796 0.000000 0.000000
    74 0.000000 0.000000 0.000000 1.570796 0.000000 0.000000
    75 0.000000 0.000000 0.000000 1.570796 0.000000 0.000000
    76 -0.000001 0.000000 0.000000 1.570796 0.000000 0.000000
    77 0.000000 0.000000 0.000000 1.570796 0.000000 0.000000
    78 0.000000 0.000000 0.000000 1.570796 0.000000 0.000000
    79 0.000000 0.000000 0.000000 1.570796 0.000000 0.000000
  time 30
    0 -2.338150 -3.176740 -3.639852 0.020502 0.021113 -0.010736
    1 7.195313 4.312500 -6.410156 -0.275968 0.424923 -1.104175
    2 0.000000 0.000000 0.000000 2.507989 0.221061 -0.630463
    3 10.859747 -0.000001 -0.000001 0.263097 0.006470 0.938030
    4 11.118949 -0.012917 -0.055607 -0.477683 -0.073477 -0.455205
    5 4.462505 0.096129 -1.190233 1.700635 -0.250355 0.126839
    6 1.533205 -0.000001 -0.000001 0.009042 0.848532 0.011307
    7 0.922225 0.000000 0.000000 0.002659 1.019125 0.003224
    8 4.581339 -0.202365 -0.322599 1.346533 -0.259536 0.638898
    9 1.706794 -0.000006 0.000000 3.036021 1.434016 3.039811
    10 0.995784 0.000001 0.000000 0.026837 -0.314590 -0.022355
    11 4.329579 -0.047878 0.601895 1.141283 -0.111227 1.109616
    12 1.571783 0.000002 0.000005 0.269056 1.478394 0.281975
    13 1.038471 0.000006 0.000000 0.006016 -0.410155 0.011865
    14 3.871905 0.337152 1.438553 1.121923 0.266193 1.782702
    15 1.197247 -0.000007 -0.000013 0.081066 0.567625 0.082907
    16 0.862615 0.000000 0.000000 -0.008129 -0.487940 -0.000955
    17 1.188218 1.062015 -1.188354 3.072296 0.219014 0.151813
    18 1.984254 -0.000001 0.000000 -0.025982 0.055686 -0.091073
    19 1.217773 0.000003 0.000002 -0.020700 -0.169366 0.027834
    20 9.582013 0.082096 -0.005725 1.606992 0.268796 1.517345
    21 -1.511719 11.007813 -4.187500 1.244308 0.425693 -2.037295
    22 0.000000 0.000000 0.000000 2.771634 -0.393363 -0.356714
    23 10.859730 0.000013 -0.000005 -0.279102 0.007305 -2.097658
    24 11.118959 0.012915 -0.055609 -0.733035 -0.729755 1.252109
    25 4.462496 -0.096127 -1.190239 -1.692327 0.052480 -0.517339
    26 1.533207 0.000003 0.000000 -0.001689 0.150425 -0.007557
    27 0.922219 0.000000 0.000000 -0.000168 0.591517 -0.001706
    28 3.871094 -0.338867 1.439453 -1.480019 0.189903 -1.416936
    29 1.197266 0.000004 -0.000018 -0.127146 1.001777 -0.146524
    30 0.866211 -0.000001 -0.000002 0.009351 0.733784 0.001142
    31 4.582031 0.205322 -0.326172 -1.539698 0.007204 -1.420212
    32 1.709961 0.000006 -0.000003 -0.026879 1.095842 -0.020771
    33 0.998047 -0.000001 0.000001 -0.016608 0.557664 0.006715
    34 4.332031 0.048065 0.604980 -1.502394 0.106974 -1.508525
    35 1.571289 0.000006 -0.000001 -0.060351 1.044535 -0.069431
    36 1.039063 -0.000008 0.000002 -0.009609 0.637010 -0.018240
    37 1.191406 -1.063477 -1.191406 2.688815 0.147029 -0.438545
    38 1.987305 0.000003 0.000002 0.027278 0.315271 0.098085
    39 1.217773 -0.000005 0.000003 0.021152 0.266873 -0.018769
    40 9.578125 -0.084412 -0.006870 -1.606853 -0.254477 -1.498648
    41 -0.871094 11.210938 -11.585938 0.000000 0.000000 -0.000001
    42 -2.366626 -6.169956 -3.505255 0.020502 0.021113 -0.010736
    43 -2.483684 -17.079508 -3.601819 0.020502 0.021113 -0.010736
    44 0.000000 0.000000 0.000000 0.000000 0.000000 0.000000
    45 0.000000 0.000000 0.000000 0.000000 0.000000 0.000000
    46 0.000000 0.000000 0.000000 0.000000 0.000000 0.000000
    47 0.000000 0.000000 0.000000 -1.570796 0.000000 0.000000
    48 0.000000 0.000000 0.000000 -1.570796 0.000000 0.000000
    49 0.000000 0.000000 0.000000 -1.570796 0.000000 0.000000
    50 0.000000 0.000000 0.000000 1.570796 0.000000 0.000000
    51 0.000000 0.000000 0.000000 1.570796 0.000000 0.000000
    52 0.000000 0.000000 0.000000 1.570796 0.000000 0.000000
    53 0.000000 0.000000 0.000000 1.570796 0.000000 0.000000
    54 0.000000 0.000000 0.000000 1.570796 0.000000 0.000000
    55 0.000000 0.000000 0.000000 1.570796 0.000000 0.000000
    56 0.000000 0.000000 0.000000 1.570796 0.000000 0.000000
    57 0.000000 0.000000 0.000000 1.570796 0.000000 0.000000
    58 0.000000 0.000000 0.000000 1.570796 0.000000 0.000000
    59 0.000000 0.000000 0.000000 1.570796 0.000000 0.000000
    60 0.000000 0.000000 0.000000 1.570796 0.000000 0.000000
    61 0.000000 0.000000 0.000000 1.570796 0.000000 0.000000
    62 0.000000 0.000001 0.000000 0.000000 0.000000 0.000000
    63 0.000000 0.000000 0.000000 0.000000 0.000000 0.000000
    64 0.000000 0.000000 0.000000 -3.141593 0.000000 0.000000
    65 0.000000 0.000000 0.000000 -1.570796 0.000000 0.000000
    66 0.000000 0.000000 0.000000 -1.570796 0.000000 0.000000
    67 0.000000 0.000000 0.000000 -1.570796 0.000000 0.000000
    68 0.000000 0.000000 0.000000 1.570796 0.000000 0.000000
    69 0.000000 0.000000 0.000000 1.570796 0.000000 0.000000
    70 0.000000 0.000000 0.000000 1.570796 0.000000 0.000000
    71 0.000000 0.000000 0.000001 1.570796 0.000000 0.000000
    72 0.000000 0.000000 0.000000 1.570796 0.000000 0.000000
    73 0.000000 0.000000 0.000000 1.570796 0.000000 0.000000
    74 0.000000 0.000000 0.000000 1.570796 0.000000 0.000000
    75 0.000000 0.000000 0.000000 1.570796 0.000000 0.000000
    76 -0.000001 0.000000 0.000000 1.570796 0.000000 0.000000
    77 0.000000 0.000000 0.000000 1.570796 0.000000 0.000000
    78 0.000000 0.000000 0.000000 1.570796 0.000000 0.000000
    79 0.000000 0.000000 0.000000 1.570796 0.000000 0.000000
  time 31
    0 -2.338150 -3.141583 -3.628133 0.012598 0.011468 -0.006692
    1 7.195313 4.312500 -6.410156 -0.275968 0.424923 -1.104175
    2 0.000000 0.000000 0.000000 2.504698 0.219271 -0.628556
    3 10.859747 -0.000001 -0.000001 0.263192 0.006542 0.947004
    4 11.118949 -0.012917 -0.055607 -0.462507 -0.074667 -0.461591
    5 4.462505 0.096129 -1.190233 1.700635 -0.250355 0.126839
    6 1.533205 -0.000001 -0.000001 0.009042 0.848532 0.011307
    7 0.922225 0.000000 0.000000 0.002671 1.022344 0.003236
    8 4.581339 -0.202365 -0.322599 1.346533 -0.259536 0.638898
    9 1.706794 -0.000006 0.000000 3.036021 1.434016 3.039811
    10 0.995784 0.000001 0.000000 0.026837 -0.314590 -0.022355
    11 4.329579 -0.047878 0.601895 1.141283 -0.111227 1.109616
    12 1.571783 0.000002 0.000005 0.269056 1.478394 0.281975
    13 1.038471 0.000006 0.000000 0.006016 -0.410155 0.011865
    14 3.871905 0.337152 1.438553 1.121923 0.266193 1.782702
    15 1.197247 -0.000007 -0.000013 0.081066 0.567625 0.082907
    16 0.862615 0.000000 0.000000 -0.008129 -0.487940 -0.000955
    17 1.188218 1.062015 -1.188354 3.072296 0.219014 0.151813
    18 1.984254 -0.000001 0.000000 -0.025982 0.054919 -0.091049
    19 1.217773 0.000003 0.000002 -0.020700 -0.169366 0.027834
    20 9.582013 0.082096 -0.005725 1.606992 0.268796 1.517345
    21 -1.511719 11.007813 -4.187500 1.244308 0.425693 -2.037295
    22 0.000000 0.000000 0.000000 2.775781 -0.392973 -0.363289
    23 10.859730 0.000013 -0.000005 -0.279150 0.007269 -2.101571
    24 11.118959 0.012915 -0.055609 -0.719073 -0.728573 1.237471
    25 4.462496 -0.096127 -1.190239 -1.692327 0.052480 -0.517339
    26 1.533207 0.000003 0.000000 -0.001689 0.150425 -0.007557
    27 0.922219 0.000000 0.000000 -0.000168 0.591517 -0.001706
    28 3.871094 -0.338867 1.439453 -1.480019 0.189903 -1.416936
    29 1.197266 0.000004 -0.000018 -0.127146 1.001777 -0.146524
    30 0.866211 -0.000001 -0.000002 0.009351 0.733784 0.001142
    31 4.582031 0.205322 -0.326172 -1.539698 0.007204 -1.420212
    32 1.709961 0.000006 -0.000003 -0.026879 1.095842 -0.020771
    33 0.998047 -0.000001 0.000001 -0.016608 0.557664 0.006715
    34 4.332031 0.048065 0.604980 -1.502394 0.106974 -1.508525
    35 1.571289 0.000006 -0.000001 -0.060351 1.044535 -0.069431
    36 1.039063 -0.000008 0.000002 -0.009609 0.637010 -0.018240
    37 1.191406 -1.063477 -1.191406 2.688815 0.147029 -0.438545
    38 1.987305 0.000003 0.000002 0.027278 0.315271 0.098085
    39 1.217773 -0.000005 0.000003 0.021152 0.266873 -0.018769
    40 9.578125 -0.084412 -0.006870 -1.606853 -0.254477 -1.498648
    41 -0.871094 11.210938 -11.585938 0.000000 0.000000 -0.000001
    42 -2.358814 -6.130893 -3.474004 0.012598 0.011468 -0.006692
    43 -2.428995 -17.044351 -3.480722 0.012598 0.011468 -0.006692
    44 0.000000 0.000000 0.000000 0.000000 0.000000 0.000000
    45 0.000000 0.000000 0.000000 0.000000 0.000000 0.000000
    46 0.000000 0.000000 0.000000 0.000000 0.000000 0.000000
    47 0.000000 0.000000 0.000000 -1.570796 0.000000 0.000000
    48 0.000000 0.000000 0.000000 -1.570796 0.000000 0.000000
    49 0.000000 0.000000 0.000000 -1.570796 0.000000 0.000000
    50 0.000000 0.000000 0.000000 1.570796 0.000000 0.000000
    51 0.000000 0.000000 0.000000 1.570796 0.000000 0.000000
    52 0.000000 0.000000 0.000000 1.570796 0.000000 0.000000
    53 0.000000 0.000000 0.000000 1.570796 0.000000 0.000000
    54 0.000000 0.000000 0.000000 1.570796 0.000000 0.000000
    55 0.000000 0.000000 0.000000 1.570796 0.000000 0.000000
    56 0.000000 0.000000 0.000000 1.570796 0.000000 0.000000
    57 0.000000 0.000000 0.000000 1.570796 0.000000 0.000000
    58 0.000000 0.000000 0.000000 1.570796 0.000000 0.000000
    59 0.000000 0.000000 0.000000 1.570796 0.000000 0.000000
    60 0.000000 0.000000 0.000000 1.570796 0.000000 0.000000
    61 0.000000 0.000000 0.000000 1.570796 0.000000 0.000000
    62 0.000000 0.000001 0.000000 0.000000 0.000000 0.000000
    63 0.000000 0.000000 0.000000 0.000000 0.000000 0.000000
    64 0.000000 0.000000 0.000000 -3.141593 0.000000 0.000000
    65 0.000000 0.000000 0.000000 -1.570796 0.000000 0.000000
    66 0.000000 0.000000 0.000000 -1.570796 0.000000 0.000000
    67 0.000000 0.000000 0.000000 -1.570796 0.000000 0.000000
    68 0.000000 0.000000 0.000000 1.570796 0.000000 0.000000
    69 0.000000 0.000000 0.000000 1.570796 0.000000 0.000000
    70 0.000000 0.000000 0.000000 1.570796 0.000000 0.000000
    71 0.000000 0.000000 0.000001 1.570796 0.000000 0.000000
    72 0.000000 0.000000 0.000000 1.570796 0.000000 0.000000
    73 0.000000 0.000000 0.000000 1.570796 0.000000 0.000000
    74 0.000000 0.000000 0.000000 1.570796 0.000000 0.000000
    75 0.000000 0.000000 0.000000 1.570796 0.000000 0.000000
    76 -0.000001 0.000000 0.000000 1.570796 0.000000 0.000000
    77 0.000000 0.000000 0.000000 1.570796 0.000000 0.000000
    78 0.000000 0.000000 0.000000 1.570796 0.000000 0.000000
    79 0.000000 0.000000 0.000000 1.570796 0.000000 0.000000
  time 32
    0 -2.338150 -3.094706 -3.616414 0.006719 0.005240 -0.003575
    1 7.195313 4.312500 -6.410156 -0.275968 0.424923 -1.104175
    2 0.000000 0.000000 0.000000 2.502423 0.219006 -0.626485
    3 10.859747 -0.000001 -0.000001 0.263312 0.006638 0.957025
    4 11.118949 -0.012917 -0.055607 -0.451617 -0.075437 -0.468241
    5 4.462505 0.096129 -1.190233 1.700635 -0.250355 0.126839
    6 1.533205 -0.000001 -0.000001 0.009042 0.848532 0.011307
    7 0.922225 0.000000 0.000000 0.002695 1.024802 0.003248
    8 4.581339 -0.202365 -0.322599 1.346533 -0.259536 0.638898
    9 1.706794 -0.000006 0.000000 3.036021 1.434016 3.039811
    10 0.995784 0.000001 0.000000 0.026837 -0.314590 -0.022355
    11 4.329579 -0.047878 0.601895 1.141283 -0.111227 1.109616
    12 1.571783 0.000002 0.000005 0.269056 1.478394 0.281975
    13 1.038471 0.000006 0.000000 0.006016 -0.410155 0.011865
    14 3.871905 0.337152 1.438553 1.121923 0.266193 1.782702
    15 1.197247 -0.000007 -0.000013 0.081066 0.567625 0.082907
    16 0.862615 0.000000 0.000000 -0.008129 -0.487940 -0.000955
    17 1.188218 1.062015 -1.188354 3.072296 0.219014 0.151813
    18 1.984254 -0.000001 0.000000 -0.025970 0.054312 -0.091025
    19 1.217773 0.000003 0.000002 -0.020700 -0.169366 0.027834
    20 9.582013 0.082096 -0.005725 1.606992 0.268796 1.517345
    21 -1.511719 11.007813 -4.187500 1.244308 0.425693 -2.037295
    22 0.000000 0.000000 0.000000 2.779304 -0.393821 -0.368430
    23 10.859730 0.000013 -0.000005 -0.279210 0.007233 -2.106472
    24 11.118959 0.012915 -0.055609 -0.709648 -0.728499 1.228322
    25 4.462496 -0.096127 -1.190239 -1.692327 0.052480 -0.517339
    26 1.533207 0.000003 0.000000 -0.001689 0.150425 -0.007557
    27 0.922219 0.000000 0.000000 -0.000168 0.591517 -0.001706
    28 3.871094 -0.338867 1.439453 -1.480019 0.189903 -1.416936
    29 1.197266 0.000004 -0.000018 -0.127146 1.001777 -0.146524
    30 0.866211 -0.000001 -0.000002 0.009351 0.733784 0.001142
    31 4.582031 0.205322 -0.326172 -1.539698 0.007204 -1.420212
    32 1.709961 0.000006 -0.000003 -0.026879 1.095842 -0.020771
    33 0.998047 -0.000001 0.000001 -0.016608 0.557664 0.006715
    34 4.332031 0.048065 0.604980 -1.502394 0.106974 -1.508525
    35 1.571289 0.000006 -0.000001 -0.060351 1.044535 -0.069431
    36 1.039063 -0.000008 0.000002 -0.009609 0.637010 -0.018240
    37 1.191406 -1.063477 -1.191406 2.688815 0.147029 -0.438545
    38 1.987305 0.000003 0.000002 0.027278 0.315271 0.098085
    39 1.217773 -0.000005 0.000003 0.021152 0.266873 -0.018769
    40 9.578125 -0.084412 -0.006870 -1.606853 -0.254477 -1.498648
    41 -0.871094 11.210938 -11.585938 0.000000 0.000000 -0.000001
    42 -2.351001 -6.080110 -3.438847 0.006719 0.005240 -0.003575
    43 -2.386025 -16.997474 -3.386969 0.006719 0.005240 -0.003575
    44 0.000000 0.000000 0.000000 0.000000 0.000000 0.000000
    45 0.000000 0.000000 0.000000 0.000000 0.000000 0.000000
    46 0.000000 0.000000 0.000000 0.000000 0.000000 0.000000
    47 0.000000 0.000000 0.000000 -1.570796 0.000000 0.000000
    48 0.000000 0.000000 0.000000 -1.570796 0.000000 0.000000
    49 0.000000 0.000000 0.000000 -1.570796 0.000000 0.000000
    50 0.000000 0.000000 0.000000 1.570796 0.000000 0.000000
    51 0.000000 0.000000 0.000000 1.570796 0.000000 0.000000
    52 0.000000 0.000000 0.000000 1.570796 0.000000 0.000000
    53 0.000000 0.000000 0.000000 1.570796 0.000000 0.000000
    54 0.000000 0.000000 0.000000 1.570796 0.000000 0.000000
    55 0.000000 0.000000 0.000000 1.570796 0.000000 0.000000
    56 0.000000 0.000000 0.000000 1.570796 0.000000 0.000000
    57 0.000000 0.000000 0.000000 1.570796 0.000000 0.000000
    58 0.000000 0.000000 0.000000 1.570796 0.000000 0.000000
    59 0.000000 0.000000 0.000000 1.570796 0.000000 0.000000
    60 0.000000 0.000000 0.000000 1.570796 0.000000 0.000000
    61 0.000000 0.000000 0.000000 1.570796 0.000000 0.000000
    62 0.000000 0.000001 0.000000 0.000000 0.000000 0.000000
    63 0.000000 0.000000 0.000000 0.000000 0.000000 0.000000
    64 0.000000 0.000000 0.000000 -3.141593 0.000000 0.000000
    65 0.000000 0.000000 0.000000 -1.570796 0.000000 0.000000
    66 0.000000 0.000000 0.000000 -1.570796 0.000000 0.000000
    67 0.000000 0.000000 0.000000 -1.570796 0.000000 0.000000
    68 0.000000 0.000000 0.000000 1.570796 0.000000 0.000000
    69 0.000000 0.000000 0.000000 1.570796 0.000000 0.000000
    70 0.000000 0.000000 0.000000 1.570796 0.000000 0.000000
    71 0.000000 0.000000 0.000001 1.570796 0.000000 0.000000
    72 0.000000 0.000000 0.000000 1.570796 0.000000 0.000000
    73 0.000000 0.000000 0.000000 1.570796 0.000000 0.000000
    74 0.000000 0.000000 0.000000 1.570796 0.000000 0.000000
    75 0.000000 0.000000 0.000000 1.570796 0.000000 0.000000
    76 -0.000001 0.000000 0.000000 1.570796 0.000000 0.000000
    77 0.000000 0.000000 0.000000 1.570796 0.000000 0.000000
    78 0.000000 0.000000 0.000000 1.570796 0.000000 0.000000
    79 0.000000 0.000000 0.000000 1.570796 0.000000 0.000000
  time 33
    0 -2.338150 -3.047830 -3.600789 0.002816 0.001823 -0.001553
    1 7.195313 4.312500 -6.410156 -0.275968 0.424923 -1.104175
    2 0.000000 0.000000 0.000000 2.500874 0.219735 -0.624523
    3 10.859747 -0.000001 -0.000001 0.263420 0.006722 0.966316
    4 11.118949 -0.012917 -0.055607 -0.444654 -0.075927 -0.474173
    5 4.462505 0.096129 -1.190233 1.700635 -0.250355 0.126839
    6 1.533205 -0.000001 -0.000001 0.009042 0.848532 0.011307
    7 0.922225 0.000000 0.000000 0.002695 1.026533 0.003260
    8 4.581339 -0.202365 -0.322599 1.346533 -0.259536 0.638898
    9 1.706794 -0.000006 0.000000 3.036021 1.434016 3.039811
    10 0.995784 0.000001 0.000000 0.026837 -0.314590 -0.022355
    11 4.329579 -0.047878 0.601895 1.141283 -0.111227 1.109616
    12 1.571783 0.000002 0.000005 0.269056 1.478394 0.281975
    13 1.038471 0.000006 0.000000 0.006016 -0.410155 0.011865
    14 3.871905 0.337152 1.438553 1.121923 0.266193 1.782702
    15 1.197247 -0.000007 -0.000013 0.081066 0.567625 0.082907
    16 0.862615 0.000000 0.000000 -0.008129 -0.487940 -0.000955
    17 1.188218 1.062015 -1.188354 3.072296 0.219014 0.151813
    18 1.984254 -0.000001 0.000000 -0.025970 0.053865 -0.091013
    19 1.217773 0.000003 0.000002 -0.020700 -0.169366 0.027834
    20 9.582013 0.082096 -0.005725 1.606992 0.268796 1.517345
    21 -1.511719 11.007813 -4.187500 1.244308 0.425693 -2.037295
    22 0.000000 0.000000 0.000000 2.782396 -0.394857 -0.372255
    23 10.859730 0.000013 -0.000005 -0.279270 0.007197 -2.111244
    24 11.118959 0.012915 -0.055609 -0.704658 -0.728980 1.223646
    25 4.462496 -0.096127 -1.190239 -1.692327 0.052480 -0.517339
    26 1.533207 0.000003 0.000000 -0.001689 0.150425 -0.007557
    27 0.922219 0.000000 0.000000 -0.000168 0.591517 -0.001706
    28 3.871094 -0.338867 1.439453 -1.480019 0.189903 -1.416936
    29 1.197266 0.000004 -0.000018 -0.127146 1.001777 -0.146524
    30 0.866211 -0.000001 -0.000002 0.009351 0.733784 0.001142
    31 4.582031 0.205322 -0.326172 -1.539698 0.007204 -1.420212
    32 1.709961 0.000006 -0.000003 -0.026879 1.095842 -0.020771
    33 0.998047 -0.000001 0.000001 -0.016608 0.557664 0.006715
    34 4.332031 0.048065 0.604980 -1.502394 0.106974 -1.508525
    35 1.571289 0.000006 -0.000001 -0.060351 1.044535 -0.069431
    36 1.039063 -0.000008 0.000002 -0.009609 0.637010 -0.018240
    37 1.191406 -1.063477 -1.191406 2.688815 0.147029 -0.438545
    38 1.987305 0.000003 0.000002 0.027278 0.315271 0.098085
    39 1.217773 -0.000005 0.000003 0.021152 0.266873 -0.018769
    40 9.578125 -0.084412 -0.006870 -1.606853 -0.254477 -1.498648
    41 -0.871094 11.210938 -11.585938 0.000000 0.000000 -0.000001
    42 -2.343188 -6.033233 -3.415408 0.002816 0.001823 -0.001553
    43 -2.358681 -16.946692 -3.316654 0.002816 0.001823 -0.001553
    44 0.000000 0.000000 0.000000 0.000000 0.000000 0.000000
    45 0.000000 0.000000 0.000000 0.000000 0.000000 0.000000
    46 0.000000 0.000000 0.000000 0.000000 0.000000 0.000000
    47 0.000000 0.000000 0.000000 -1.570796 0.000000 0.000000
    48 0.000000 0.000000 0.000000 -1.570796 0.000000 0.000000
    49 0.000000 0.000000 0.000000 -1.570796 0.000000 0.000000
    50 0.000000 0.000000 0.000000 1.570796 0.000000 0.000000
    51 0.000000 0.000000 0.000000 1.570796 0.000000 0.000000
    52 0.000000 0.000000 0.000000 1.570796 0.000000 0.000000
    53 0.000000 0.000000 0.000000 1.570796 0.000000 0.000000
    54 0.000000 0.000000 0.000000 1.570796 0.000000 0.000000
    55 0.000000 0.000000 0.000000 1.570796 0.000000 0.000000
    56 0.000000 0.000000 0.000000 1.570796 0.000000 0.000000
    57 0.000000 0.000000 0.000000 1.570796 0.000000 0.000000
    58 0.000000 0.000000 0.000000 1.570796 0.000000 0.000000
    59 0.000000 0.000000 0.000000 1.570796 0.000000 0.000000
    60 0.000000 0.000000 0.000000 1.570796 0.000000 0.000000
    61 0.000000 0.000000 0.000000 1.570796 0.000000 0.000000
    62 0.000000 0.000001 0.000000 0.000000 0.000000 0.000000
    63 0.000000 0.000000 0.000000 0.000000 0.000000 0.000000
    64 0.000000 0.000000 0.000000 -3.141593 0.000000 0.000000
    65 0.000000 0.000000 0.000000 -1.570796 0.000000 0.000000
    66 0.000000 0.000000 0.000000 -1.570796 0.000000 0.000000
    67 0.000000 0.000000 0.000000 -1.570796 0.000000 0.000000
    68 0.000000 0.000000 0.000000 1.570796 0.000000 0.000000
    69 0.000000 0.000000 0.000000 1.570796 0.000000 0.000000
    70 0.000000 0.000000 0.000000 1.570796 0.000000 0.000000
    71 0.000000 0.000000 0.000001 1.570796 0.000000 0.000000
    72 0.000000 0.000000 0.000000 1.570796 0.000000 0.000000
    73 0.000000 0.000000 0.000000 1.570796 0.000000 0.000000
    74 0.000000 0.000000 0.000000 1.570796 0.000000 0.000000
    75 0.000000 0.000000 0.000000 1.570796 0.000000 0.000000
    76 -0.000001 0.000000 0.000000 1.570796 0.000000 0.000000
    77 0.000000 0.000000 0.000000 1.570796 0.000000 0.000000
    78 0.000000 0.000000 0.000000 1.570796 0.000000 0.000000
    79 0.000000 0.000000 0.000000 1.570796 0.000000 0.000000
  time 34
    0 -2.338150 -3.008766 -3.589069 0.000593 0.000304 -0.000458
    1 7.195313 4.312500 -6.410156 -0.275968 0.424923 -1.104175
    2 0.000000 0.000000 0.000000 2.500390 0.220486 -0.622997
    3 10.859747 -0.000001 -0.000001 0.263516 0.006782 0.973134
    4 11.118949 -0.012917 -0.055607 -0.441083 -0.076137 -0.478443
    5 4.462505 0.096129 -1.190233 1.700635 -0.250355 0.126839
    6 1.533205 -0.000001 -0.000001 0.009042 0.848532 0.011307
    7 0.922225 0.000000 0.000000 0.002695 1.027537 0.003260
    8 4.581339 -0.202365 -0.322599 1.346533 -0.259536 0.638898
    9 1.706794 -0.000006 0.000000 3.036021 1.434016 3.039811
    10 0.995784 0.000001 0.000000 0.026837 -0.314590 -0.022355
    11 4.329579 -0.047878 0.601895 1.141283 -0.111227 1.109616
    12 1.571783 0.000002 0.000005 0.269056 1.478394 0.281975
    13 1.038471 0.000006 0.000000 0.006016 -0.410155 0.011865
    14 3.871905 0.337152 1.438553 1.121923 0.266193 1.782702
    15 1.197247 -0.000007 -0.000013 0.081066 0.567625 0.082907
    16 0.862615 0.000000 0.000000 -0.008129 -0.487940 -0.000955
    17 1.188218 1.062015 -1.188354 3.072296 0.219014 0.151813
    18 1.984254 -0.000001 0.000000 -0.025970 0.053641 -0.091013
    19 1.217773 0.000003 0.000002 -0.020700 -0.169366 0.027834
    20 9.582013 0.082096 -0.005725 1.606992 0.268796 1.517345
    21 -1.511719 11.007813 -4.187500 1.244308 0.425693 -2.037295
    22 0.000000 0.000000 0.000000 2.784518 -0.395839 -0.374606
    23 10.859730 0.000013 -0.000005 -0.279318 0.007173 -2.114898
    24 11.118959 0.012915 -0.055609 -0.702390 -0.729645 1.221816
    25 4.462496 -0.096127 -1.190239 -1.692327 0.052480 -0.517339
    26 1.533207 0.000003 0.000000 -0.001689 0.150425 -0.007557
    27 0.922219 0.000000 0.000000 -0.000168 0.591517 -0.001706
    28 3.871094 -0.338867 1.439453 -1.480019 0.189903 -1.416936
    29 1.197266 0.000004 -0.000018 -0.127146 1.001777 -0.146524
    30 0.866211 -0.000001 -0.000002 0.009351 0.733784 0.001142
    31 4.582031 0.205322 -0.326172 -1.539698 0.007204 -1.420212
    32 1.709961 0.000006 -0.000003 -0.026879 1.095842 -0.020771
    33 0.998047 -0.000001 0.000001 -0.016608 0.557664 0.006715
    34 4.332031 0.048065 0.604980 -1.502394 0.106974 -1.508525
    35 1.571289 0.000006 -0.000001 -0.060351 1.044535 -0.069431
    36 1.039063 -0.000008 0.000002 -0.009609 0.637010 -0.018240
    37 1.191406 -1.063477 -1.191406 2.688815 0.147029 -0.438545
    38 1.987305 0.000003 0.000002 0.027278 0.315271 0.098085
    39 1.217773 -0.000005 0.000003 0.021152 0.266873 -0.018769
    40 9.578125 -0.084412 -0.006870 -1.606853 -0.254477 -1.498648
    41 -0.871094 11.210938 -11.585938 0.000000 0.000000 -0.000001
    42 -2.339282 -5.994170 -3.399783 0.000593 0.000304 -0.000458
    43 -2.343055 -16.907628 -3.273684 0.000593 0.000304 -0.000458
    44 0.000000 0.000000 0.000000 0.000000 0.000000 0.000000
    45 0.000000 0.000000 0.000000 0.000000 0.000000 0.000000
    46 0.000000 0.000000 0.000000 0.000000 0.000000 0.000000
    47 0.000000 0.000000 0.000000 -1.570796 0.000000 0.000000
    48 0.000000 0.000000 0.000000 -1.570796 0.000000 0.000000
    49 0.000000 0.000000 0.000000 -1.570796 0.000000 0.000000
    50 0.000000 0.000000 0.000000 1.570796 0.000000 0.000000
    51 0.000000 0.000000 0.000000 1.570796 0.000000 0.000000
    52 0.000000 0.000000 0.000000 1.570796 0.000000 0.000000
    53 0.000000 0.000000 0.000000 1.570796 0.000000 0.000000
    54 0.000000 0.000000 0.000000 1.570796 0.000000 0.000000
    55 0.000000 0.000000 0.000000 1.570796 0.000000 0.000000
    56 0.000000 0.000000 0.000000 1.570796 0.000000 0.000000
    57 0.000000 0.000000 0.000000 1.570796 0.000000 0.000000
    58 0.000000 0.000000 0.000000 1.570796 0.000000 0.000000
    59 0.000000 0.000000 0.000000 1.570796 0.000000 0.000000
    60 0.000000 0.000000 0.000000 1.570796 0.000000 0.000000
    61 0.000000 0.000000 0.000000 1.570796 0.000000 0.000000
    62 0.000000 0.000001 0.000000 0.000000 0.000000 0.000000
    63 0.000000 0.000000 0.000000 0.000000 0.000000 0.000000
    64 0.000000 0.000000 0.000000 -3.141593 0.000000 0.000000
    65 0.000000 0.000000 0.000000 -1.570796 0.000000 0.000000
    66 0.000000 0.000000 0.000000 -1.570796 0.000000 0.000000
    67 0.000000 0.000000 0.000000 -1.570796 0.000000 0.000000
    68 0.000000 0.000000 0.000000 1.570796 0.000000 0.000000
    69 0.000000 0.000000 0.000000 1.570796 0.000000 0.000000
    70 0.000000 0.000000 0.000000 1.570796 0.000000 0.000000
    71 0.000000 0.000000 0.000001 1.570796 0.000000 0.000000
    72 0.000000 0.000000 0.000000 1.570796 0.000000 0.000000
    73 0.000000 0.000000 0.000000 1.570796 0.000000 0.000000
    74 0.000000 0.000000 0.000000 1.570796 0.000000 0.000000
    75 0.000000 0.000000 0.000000 1.570796 0.000000 0.000000
    76 -0.000001 0.000000 0.000000 1.570796 0.000000 0.000000
    77 0.000000 0.000000 0.000000 1.570796 0.000000 0.000000
    78 0.000000 0.000000 0.000000 1.570796 0.000000 0.000000
    79 0.000000 0.000000 0.000000 1.570796 0.000000 0.000000
  time 35
    0 -2.338150 -2.993141 -3.589069 0.000000 0.000000 -0.000121
    1 7.195313 4.312500 -6.410156 -0.275968 0.424923 -1.104175
    2 0.000000 0.000000 0.000000 2.499906 0.221061 -0.622615
    3 10.859747 -0.000001 -0.000001 0.263528 0.006782 0.975798
    4 11.118949 -0.012917 -0.055607 -0.439714 -0.076172 -0.480030
    5 4.462505 0.096129 -1.190233 1.700635 -0.250355 0.126839
    6 1.533205 -0.000001 -0.000001 0.009042 0.848532 0.011307
    7 0.922225 0.000000 0.000000 0.002695 1.027849 0.003260
    8 4.581339 -0.202365 -0.322599 1.346533 -0.259536 0.638898
    9 1.706794 -0.000006 0.000000 3.036021 1.434016 3.039811
    10 0.995784 0.000001 0.000000 0.026837 -0.314590 -0.022355
    11 4.329579 -0.047878 0.601895 1.141283 -0.111227 1.109616
    12 1.571783 0.000002 0.000005 0.269056 1.478394 0.281975
    13 1.038471 0.000006 0.000000 0.006016 -0.410155 0.011865
    14 3.871905 0.337152 1.438553 1.121923 0.266193 1.782702
    15 1.197247 -0.000007 -0.000013 0.081066 0.567625 0.082907
    16 0.862615 0.000000 0.000000 -0.008129 -0.487940 -0.000955
    17 1.188218 1.062015 -1.188354 3.072296 0.219014 0.151813
    18 1.984254 -0.000001 0.000000 -0.025970 0.053561 -0.091013
    19 1.217773 0.000003 0.000002 -0.020700 -0.169366 0.027834
    20 9.582013 0.082096 -0.005725 1.606992 0.268796 1.517345
    21 -1.511719 11.007813 -4.187500 1.244308 0.425693 -2.037295
    22 0.000000 0.000000 0.000000 2.785285 -0.396270 -0.375403
    23 10.859730 0.000013 -0.000005 -0.279330 0.007173 -2.116317
    24 11.118959 0.012915 -0.055609 -0.701936 -0.729903 1.221545
    25 4.462496 -0.096127 -1.190239 -1.692327 0.052480 -0.517339
    26 1.533207 0.000003 0.000000 -0.001689 0.150425 -0.007557
    27 0.922219 0.000000 0.000000 -0.000168 0.591517 -0.001706
    28 3.871094 -0.338867 1.439453 -1.480019 0.189903 -1.416936
    29 1.197266 0.000004 -0.000018 -0.127146 1.001777 -0.146524
    30 0.866211 -0.000001 -0.000002 0.009351 0.733784 0.001142
    31 4.582031 0.205322 -0.326172 -1.539698 0.007204 -1.420212
    32 1.709961 0.000006 -0.000003 -0.026879 1.095842 -0.020771
    33 0.998047 -0.000001 0.000001 -0.016608 0.557664 0.006715
    34 4.332031 0.048065 0.604980 -1.502394 0.106974 -1.508525
    35 1.571289 0.000006 -0.000001 -0.060351 1.044535 -0.069431
    36 1.039063 -0.000008 0.000002 -0.009609 0.637010 -0.018240
    37 1.191406 -1.063477 -1.191406 2.688815 0.147029 -0.438545
    38 1.987305 0.000003 0.000002 0.027278 0.315271 0.098085
    39 1.217773 -0.000005 0.000003 0.021152 0.266873 -0.018769
    40 9.578125 -0.084412 -0.006870 -1.606853 -0.254477 -1.498648
    41 -0.871094 11.210938 -11.585938 0.000000 0.000000 -0.000001
    42 -2.339282 -5.982450 -3.391970 0.000000 0.000000 -0.000121
    43 -2.335242 -16.892002 -3.265871 0.000000 0.000000 -0.000121
    44 0.000000 0.000000 0.000000 0.000000 0.000000 0.000000
    45 0.000000 0.000000 0.000000 0.000000 0.000000 0.000000
    46 0.000000 0.000000 0.000000 0.000000 0.000000 0.000000
    47 0.000000 0.000000 0.000000 -1.570796 0.000000 0.000000
    48 0.000000 0.000000 0.000000 -1.570796 0.000000 0.000000
    49 0.000000 0.000000 0.000000 -1.570796 0.000000 0.000000
    50 0.000000 0.000000 0.000000 1.570796 0.000000 0.000000
    51 0.000000 0.000000 0.000000 1.570796 0.000000 0.000000
    52 0.000000 0.000000 0.000000 1.570796 0.000000 0.000000
    53 0.000000 0.000000 0.000000 1.570796 0.000000 0.000000
    54 0.000000 0.000000 0.000000 1.570796 0.000000 0.000000
    55 0.000000 0.000000 0.000000 1.570796 0.000000 0.000000
    56 0.000000 0.000000 0.000000 1.570796 0.000000 0.000000
    57 0.000000 0.000000 0.000000 1.570796 0.000000 0.000000
    58 0.000000 0.000000 0.000000 1.570796 0.000000 0.000000
    59 0.000000 0.000000 0.000000 1.570796 0.000000 0.000000
    60 0.000000 0.000000 0.000000 1.570796 0.000000 0.000000
    61 0.000000 0.000000 0.000000 1.570796 0.000000 0.000000
    62 0.000000 0.000001 0.000000 0.000000 0.000000 0.000000
    63 0.000000 0.000000 0.000000 0.000000 0.000000 0.000000
    64 0.000000 0.000000 0.000000 -3.141593 0.000000 0.000000
    65 0.000000 0.000000 0.000000 -1.570796 0.000000 0.000000
    66 0.000000 0.000000 0.000000 -1.570796 0.000000 0.000000
    67 0.000000 0.000000 0.000000 -1.570796 0.000000 0.000000
    68 0.000000 0.000000 0.000000 1.570796 0.000000 0.000000
    69 0.000000 0.000000 0.000000 1.570796 0.000000 0.000000
    70 0.000000 0.000000 0.000000 1.570796 0.000000 0.000000
    71 0.000000 0.000000 0.000001 1.570796 0.000000 0.000000
    72 0.000000 0.000000 0.000000 1.570796 0.000000 0.000000
    73 0.000000 0.000000 0.000000 1.570796 0.000000 0.000000
    74 0.000000 0.000000 0.000000 1.570796 0.000000 0.000000
    75 0.000000 0.000000 0.000000 1.570796 0.000000 0.000000
    76 -0.000001 0.000000 0.000000 1.570796 0.000000 0.000000
    77 0.000000 0.000000 0.000000 1.570796 0.000000 0.000000
    78 0.000000 0.000000 0.000000 1.570796 0.000000 0.000000
    79 0.000000 0.000000 0.000000 1.570796 0.000000 0.000000
end
