// Created by Crowbar 0.74
version 1
nodes
  0 "body" -1
  1 "l-upperarm-movement" -1
  2 "l-upperarm" 1
  3 "l-forearm" 2
  4 "lwrist" 3
  5 "l-index-low" 4
  6 "l-index-mid" 5
  7 "l-index-tip" 6
  8 "l-middle-low" 4
  9 "l-middle-mid" 8
  10 "l-middle-tip" 9
  11 "l-ring-low" 4
  12 "l-ring-mid" 11
  13 "l-ring-tip" 12
  14 "l-pinky-low" 4
  15 "l-pinky-mid" 14
  16 "l-pinky-tip" 15
  17 "l-thumb-low" 4
  18 "l-thumb-mid" 17
  19 "l-thumb-tip" 18
  20 "l-forearm-twist" 3
  21 "r-upperarm-movement" -1
  22 "r-upperarm" 21
  23 "r-forearm" 22
  24 "r-rist" 23
  25 "r-index-low" 24
  26 "r-index-mid" 25
  27 "r-index-tip" 26
  28 "r-pinky-low" 24
  29 "r-pinky-mid" 28
  30 "r-pinky-tip" 29
  31 "r-middle-low" 24
  32 "r-middle-mid" 31
  33 "r-middle-tip" 32
  34 "r-ring-low" 24
  35 "r-ring-mid" 34
  36 "r-ring-tip" 35
  37 "r-thumb-low" 24
  38 "r-thumb-mid" 37
  39 "r-thumb-tip" 38
  40 "r-forearm-twist" 23
  41 "Shell" -1
  42 "trigger" -1
  43 "pump." -1
  44 "ValveBiped.Bip01_R_UpperArm" 22
  45 "ValveBiped.Bip01_R_Forearm" 23
  46 "ValveBiped.Bip01_R_Hand" 24
  47 "ValveBiped.Bip01_R_Finger0" 37
  48 "ValveBiped.Bip01_R_Finger01" 38
  49 "ValveBiped.Bip01_R_Finger02" 39
  50 "ValveBiped.Bip01_R_Finger1" 25
  51 "ValveBiped.Bip01_R_Finger11" 26
  52 "ValveBiped.Bip01_R_Finger12" 27
  53 "ValveBiped.Bip01_R_Finger2" 31
  54 "ValveBiped.Bip01_R_Finger21" 32
  55 "ValveBiped.Bip01_R_Finger22" 33
  56 "ValveBiped.Bip01_R_Finger3" 34
  57 "ValveBiped.Bip01_R_Finger31" 35
  58 "ValveBiped.Bip01_R_Finger32" 36
  59 "ValveBiped.Bip01_R_Finger4" 28
  60 "ValveBiped.Bip01_R_Finger41" 29
  61 "ValveBiped.Bip01_R_Finger42" 30
  62 "ValveBiped.Bip01_L_UpperArm" 2
  63 "ValveBiped.Bip01_L_Forearm" 3
  64 "ValveBiped.Bip01_L_Hand" 4
  65 "ValveBiped.Bip01_L_Finger0" 17
  66 "ValveBiped.Bip01_L_Finger01" 18
  67 "ValveBiped.Bip01_L_Finger02" 19
  68 "ValveBiped.Bip01_L_Finger1" 5
  69 "ValveBiped.Bip01_L_Finger11" 6
  70 "ValveBiped.Bip01_L_Finger12" 7
  71 "ValveBiped.Bip01_L_Finger2" 8
  72 "ValveBiped.Bip01_L_Finger21" 9
  73 "ValveBiped.Bip01_L_Finger22" 10
  74 "ValveBiped.Bip01_L_Finger3" 11
  75 "ValveBiped.Bip01_L_Finger31" 12
  76 "ValveBiped.Bip01_L_Finger32" 13
  77 "ValveBiped.Bip01_L_Finger4" 14
  78 "ValveBiped.Bip01_L_Finger41" 15
  79 "ValveBiped.Bip01_L_Finger42" 16
end
skeleton
  time 0
    0 -4.049140 1.006981 -10.386152 0.596239 0.120677 0.658933
    1 7.195313 4.312500 -6.410156 -0.275968 0.424923 -1.104175
    2 0.000000 0.000000 0.000000 3.510791 0.736941 0.429674
    3 10.859747 -0.000001 -0.000001 0.271618 0.009287 1.562996
    4 11.118949 -0.012917 -0.055607 -1.359665 0.485194 -1.044516
    5 4.460938 0.096558 -1.193359 1.700635 -0.250355 0.126839
    6 1.534180 -0.000001 0.000000 0.009042 0.848532 0.011307
    7 0.923828 0.000000 0.000000 0.002695 1.027849 0.003260
    8 4.582031 -0.205322 -0.326172 1.346533 -0.259536 0.638898
    9 1.709961 -0.000008 0.000000 3.036021 1.434016 3.039811
    10 0.998047 0.000000 -0.000001 0.026837 -0.314590 -0.022355
    11 4.332031 -0.048065 0.604980 1.141283 -0.111227 1.109616
    12 1.571289 0.000003 0.000002 0.269056 1.478394 0.281975
    13 1.039063 0.000006 -0.000001 0.006016 -0.410155 0.011865
    14 3.871094 0.338867 1.439453 1.121923 0.266193 1.782702
    15 1.197266 -0.000007 -0.000016 0.081066 0.567625 0.082907
    16 0.866211 0.000000 -0.000002 -0.008129 -0.487940 -0.000955
    17 1.188218 1.062015 -1.188354 3.065328 0.480110 0.131619
    18 1.984254 -0.000001 0.000000 -0.026497 -0.208146 -0.084158
    19 1.217773 0.000006 0.000002 -0.020700 -0.169366 0.027834
    20 9.578125 0.084412 -0.006870 1.606992 0.268796 1.517345
    21 -1.511719 11.007813 -4.187500 1.244308 0.425693 -2.037295
    22 0.000000 0.000000 0.000000 3.166778 -0.060541 -1.028281
    23 10.859730 0.000013 -0.000005 -0.279773 0.006886 -2.154065
    24 11.118959 0.012915 -0.055609 -2.353536 -1.012967 1.740994
    25 4.460938 -0.096558 -1.193359 -1.692327 0.052480 -0.517339
    26 1.534180 0.000004 0.000000 -0.001689 0.150425 -0.007557
    27 0.923828 0.000000 0.000000 -0.000168 0.591517 -0.001706
    28 3.871094 -0.338867 1.439453 -1.480019 0.189903 -1.416936
    29 1.197266 0.000004 -0.000018 -0.127146 1.001777 -0.146524
    30 0.866211 -0.000002 -0.000003 0.009351 0.733784 0.001142
    31 4.582031 0.205322 -0.326172 -1.539698 0.007204 -1.420212
    32 1.709961 0.000006 -0.000003 -0.026879 1.095842 -0.020771
    33 0.998047 -0.000001 0.000001 -0.016608 0.557664 0.006715
    34 4.332031 0.048065 0.604980 -1.502394 0.106974 -1.508525
    35 1.571289 0.000007 -0.000001 -0.060351 1.044535 -0.069431
    36 1.039063 -0.000009 0.000001 -0.009609 0.637010 -0.018240
    37 1.188212 -1.062016 -1.188357 2.614942 0.533676 -0.654951
    38 1.984257 0.000003 0.000002 0.027278 0.315271 0.098085
    39 1.214575 -0.000004 0.000002 0.015903 -0.169156 -0.034169
    40 9.578125 -0.084412 -0.006870 -1.606853 -0.254477 -1.498648
    41 -0.871094 11.210938 -11.585938 0.000000 0.000000 -0.000001
    42 -2.624447 -1.142459 -11.892230 0.596239 0.120677 0.658933
    43 2.375839 -8.778473 -17.871786 0.596239 0.120677 0.658933
    44 0.000000 0.000000 0.000000 0.000000 0.000000 0.000000
    45 0.000000 0.000000 0.000000 0.000000 0.000000 0.000000
    46 0.000000 0.000000 0.000000 0.000000 0.000000 0.000000
    47 0.000000 0.000000 0.000000 -1.570796 0.000000 0.000000
    48 0.000000 0.000000 0.000000 -1.570796 0.000000 0.000000
    49 0.000000 0.000000 0.000000 -1.570796 0.000000 0.000000
    50 0.000000 0.000000 0.000000 1.570796 0.000000 0.000000
    51 0.000000 0.000000 0.000000 1.570796 0.000000 0.000000
    52 0.000000 0.000000 0.000000 1.570796 0.000000 0.000000
    53 0.000000 0.000000 0.000000 1.570796 0.000000 0.000000
    54 0.000000 0.000000 0.000000 1.570796 0.000000 0.000000
    55 0.000000 0.000000 0.000000 1.570796 0.000000 0.000000
    56 0.000000 0.000000 0.000000 1.570796 0.000000 0.000000
    57 0.000000 0.000000 0.000000 1.570796 0.000000 0.000000
    58 0.000000 0.000000 0.000000 1.570796 0.000000 0.000000
    59 0.000000 0.000000 0.000000 1.570796 0.000000 0.000000
    60 0.000000 0.000000 0.000000 1.570796 0.000000 0.000000
    61 0.000000 0.000000 0.000000 1.570796 0.000000 0.000000
    62 0.000000 0.000001 0.000000 0.000000 0.000000 0.000000
    63 0.000000 0.000000 0.000000 0.000000 0.000000 0.000000
    64 0.000000 0.000000 0.000000 -3.141593 0.000000 0.000000
    65 0.000000 0.000000 0.000000 -1.570796 0.000000 0.000000
    66 0.000000 0.000000 0.000000 -1.570796 0.000000 0.000000
    67 0.000000 0.000000 0.000000 -1.570796 0.000000 0.000000
    68 0.000000 0.000000 0.000000 1.570796 0.000000 0.000000
    69 0.000000 0.000000 0.000000 1.570796 0.000000 0.000000
    70 0.000000 0.000000 0.000000 1.570796 0.000000 0.000000
    71 0.000000 0.000000 0.000001 1.570796 0.000000 0.000000
    72 0.000000 0.000000 0.000000 1.570796 0.000000 0.000000
    73 0.000000 0.000000 0.000000 1.570796 0.000000 0.000000
    74 0.000000 0.000000 0.000000 1.570796 0.000000 0.000000
    75 0.000000 0.000000 0.000000 1.570796 0.000000 0.000000
    76 -0.000001 0.000000 0.000000 1.570796 0.000000 0.000000
    77 0.000000 0.000000 0.000000 1.570796 0.000000 0.000000
    78 0.000000 0.000000 0.000000 1.570796 0.000000 0.000000
    79 0.000000 0.000000 0.000000 1.570796 0.000000 0.000000
  time 1
    0 -4.013982 0.674940 -9.968170 0.595943 0.116349 0.648992
    1 7.195313 4.312500 -6.410156 -0.275968 0.424923 -1.104175
    2 0.000000 0.000000 0.000000 3.471152 0.723923 0.398554
    3 10.859747 -0.000001 -0.000001 0.271749 0.009287 1.573049
    4 11.118949 -0.012917 -0.055607 -1.335205 0.450473 -1.052829
    5 4.460938 0.096558 -1.193359 1.700635 -0.250355 0.126839
    6 1.534180 -0.000001 0.000000 0.009042 0.848532 0.011307
    7 0.923828 0.000000 0.000000 0.002695 1.027849 0.003260
    8 4.582031 -0.205322 -0.326172 1.346533 -0.259536 0.638898
    9 1.709961 -0.000008 0.000000 3.036021 1.434016 3.039811
    10 0.998047 0.000000 -0.000001 0.026837 -0.314590 -0.022355
    11 4.332031 -0.048065 0.604980 1.141283 -0.111227 1.109616
    12 1.571289 0.000003 0.000002 0.269056 1.478394 0.281975
    13 1.039063 0.000006 -0.000001 0.006016 -0.410155 0.011865
    14 3.871094 0.338867 1.439453 1.121923 0.266193 1.782702
    15 1.197266 -0.000007 -0.000016 0.081066 0.567625 0.082907
    16 0.866211 0.000000 -0.000002 -0.008129 -0.487940 -0.000955
    17 1.188218 1.062015 -1.188354 3.065347 0.480110 0.131619
    18 1.984254 -0.000001 0.000000 -0.026485 -0.208146 -0.084158
    19 1.217773 0.000006 0.000002 -0.020700 -0.169366 0.027834
    20 9.578125 0.084412 -0.006870 1.606992 0.268796 1.517345
    21 -1.511719 11.007813 -4.187500 1.244308 0.425693 -2.037295
    22 0.000000 0.000000 0.000000 3.144583 -0.098137 -0.973828
    23 10.859730 0.000013 -0.000005 -0.279630 0.006981 -2.141554
    24 11.118959 0.012915 -0.055609 -2.307669 -1.034982 1.760918
    25 4.460938 -0.096558 -1.193359 -1.692327 0.052480 -0.517339
    26 1.534180 0.000004 0.000000 -0.001689 0.150425 -0.007557
    27 0.923828 0.000000 0.000000 -0.000168 0.591517 -0.001706
    28 3.871094 -0.338867 1.439453 -1.480019 0.189903 -1.416936
    29 1.197266 0.000004 -0.000018 -0.127146 1.001777 -0.146524
    30 0.866211 -0.000002 -0.000003 0.009351 0.733784 0.001142
    31 4.582031 0.205322 -0.326172 -1.539698 0.007204 -1.420212
    32 1.709961 0.000006 -0.000003 -0.026879 1.095842 -0.020771
    33 0.998047 -0.000001 0.000001 -0.016608 0.557664 0.006715
    34 4.332031 0.048065 0.604980 -1.502394 0.106974 -1.508525
    35 1.571289 0.000007 -0.000001 -0.060351 1.044535 -0.069431
    36 1.039063 -0.000009 0.000001 -0.009609 0.637010 -0.018240
    37 1.188212 -1.062016 -1.188357 2.614942 0.533676 -0.654951
    38 1.984257 0.000003 0.000002 0.027278 0.315271 0.098085
    39 1.214575 -0.000004 0.000002 0.015903 -0.169156 -0.034169
    40 9.578125 -0.084412 -0.006870 -1.606853 -0.254477 -1.498648
    41 -0.871094 11.210938 -11.585938 0.000000 0.000000 -0.000001
    42 -2.601009 -1.490126 -11.474248 0.595943 0.116349 0.648992
    43 2.344588 -9.165204 -17.453804 0.595943 0.116349 0.648992
    44 0.000000 0.000000 0.000000 0.000000 0.000000 0.000000
    45 0.000000 0.000000 0.000000 0.000000 0.000000 0.000000
    46 0.000000 0.000000 0.000000 0.000000 0.000000 0.000000
    47 0.000000 0.000000 0.000000 -1.570796 0.000000 0.000000
    48 0.000000 0.000000 0.000000 -1.570796 0.000000 0.000000
    49 0.000000 0.000000 0.000000 -1.570796 0.000000 0.000000
    50 0.000000 0.000000 0.000000 1.570796 0.000000 0.000000
    51 0.000000 0.000000 0.000000 1.570796 0.000000 0.000000
    52 0.000000 0.000000 0.000000 1.570796 0.000000 0.000000
    53 0.000000 0.000000 0.000000 1.570796 0.000000 0.000000
    54 0.000000 0.000000 0.000000 1.570796 0.000000 0.000000
    55 0.000000 0.000000 0.000000 1.570796 0.000000 0.000000
    56 0.000000 0.000000 0.000000 1.570796 0.000000 0.000000
    57 0.000000 0.000000 0.000000 1.570796 0.000000 0.000000
    58 0.000000 0.000000 0.000000 1.570796 0.000000 0.000000
    59 0.000000 0.000000 0.000000 1.570796 0.000000 0.000000
    60 0.000000 0.000000 0.000000 1.570796 0.000000 0.000000
    61 0.000000 0.000000 0.000000 1.570796 0.000000 0.000000
    62 0.000000 0.000001 0.000000 0.000000 0.000000 0.000000
    63 0.000000 0.000000 0.000000 0.000000 0.000000 0.000000
    64 0.000000 0.000000 0.000000 -3.141593 0.000000 0.000000
    65 0.000000 0.000000 0.000000 -1.570796 0.000000 0.000000
    66 0.000000 0.000000 0.000000 -1.570796 0.000000 0.000000
    67 0.000000 0.000000 0.000000 -1.570796 0.000000 0.000000
    68 0.000000 0.000000 0.000000 1.570796 0.000000 0.000000
    69 0.000000 0.000000 0.000000 1.570796 0.000000 0.000000
    70 0.000000 0.000000 0.000000 1.570796 0.000000 0.000000
    71 0.000000 0.000000 0.000001 1.570796 0.000000 0.000000
    72 0.000000 0.000000 0.000000 1.570796 0.000000 0.000000
    73 0.000000 0.000000 0.000000 1.570796 0.000000 0.000000
    74 0.000000 0.000000 0.000000 1.570796 0.000000 0.000000
    75 0.000000 0.000000 0.000000 1.570796 0.000000 0.000000
    76 -0.000001 0.000000 0.000000 1.570796 0.000000 0.000000
    77 0.000000 0.000000 0.000000 1.570796 0.000000 0.000000
    78 0.000000 0.000000 0.000000 1.570796 0.000000 0.000000
    79 0.000000 0.000000 0.000000 1.570796 0.000000 0.000000
  time 2
    0 -3.916323 -0.157117 -8.925170 0.594510 0.105488 0.623718
    1 7.195313 4.312500 -6.410156 -0.275968 0.424923 -1.104175
    2 0.000000 0.000000 0.000000 3.368543 0.690592 0.318003
    3 10.859747 -0.000001 -0.000001 0.271953 0.009287 1.586906
    4 11.118949 -0.012917 -0.055607 -1.273193 0.364510 -1.070059
    5 4.460938 0.096558 -1.193359 1.700635 -0.250355 0.126839
    6 1.534180 -0.000001 0.000000 0.009042 0.848532 0.011307
    7 0.923828 0.000000 0.000000 0.002695 1.027849 0.003260
    8 4.582031 -0.205322 -0.326172 1.346533 -0.259536 0.638898
    9 1.709961 -0.000008 0.000000 3.036021 1.434016 3.039811
    10 0.998047 0.000000 -0.000001 0.026837 -0.314590 -0.022355
    11 4.332031 -0.048065 0.604980 1.141283 -0.111227 1.109616
    12 1.571289 0.000003 0.000002 0.269056 1.478394 0.281975
    13 1.039063 0.000006 -0.000001 0.006016 -0.410155 0.011865
    14 3.871094 0.338867 1.439453 1.121923 0.266193 1.782702
    15 1.197266 -0.000007 -0.000016 0.081066 0.567625 0.082907
    16 0.866211 0.000000 -0.000002 -0.008129 -0.487940 -0.000955
    17 1.188218 1.062015 -1.188354 3.065328 0.480110 0.131619
    18 1.984254 -0.000001 0.000000 -0.026485 -0.208130 -0.084158
    19 1.217773 0.000006 0.000002 -0.020700 -0.169366 0.027834
    20 9.578125 0.084412 -0.006870 1.606992 0.268796 1.517345
    21 -1.511719 11.007813 -4.187500 1.244308 0.425693 -2.037295
    22 0.000000 0.000000 0.000000 3.088087 -0.185050 -0.834557
    23 10.859730 0.000013 -0.000005 -0.279126 0.007293 -2.099722
    24 11.118959 0.012915 -0.055609 -2.202983 -1.095267 1.804087
    25 4.460938 -0.096558 -1.193359 -1.692327 0.052480 -0.517339
    26 1.534180 0.000004 0.000000 -0.001689 0.150425 -0.007557
    27 0.923828 0.000000 0.000000 -0.000168 0.591517 -0.001706
    28 3.871094 -0.338867 1.439453 -1.480019 0.189903 -1.416936
    29 1.197266 0.000004 -0.000018 -0.127146 1.001777 -0.146524
    30 0.866211 -0.000002 -0.000003 0.009351 0.733784 0.001142
    31 4.582031 0.205322 -0.326172 -1.539698 0.007204 -1.420212
    32 1.709961 0.000006 -0.000003 -0.026879 1.095842 -0.020771
    33 0.998047 -0.000001 0.000001 -0.016608 0.557664 0.006715
    34 4.332031 0.048065 0.604980 -1.502394 0.106974 -1.508525
    35 1.571289 0.000007 -0.000001 -0.060351 1.044535 -0.069431
    36 1.039063 -0.000009 0.000001 -0.009609 0.637010 -0.018240
    37 1.188212 -1.062016 -1.188357 2.614942 0.533676 -0.654951
    38 1.984257 0.000003 0.000002 0.027278 0.315271 0.098085
    39 1.214575 -0.000004 0.000002 0.015903 -0.169156 -0.034169
    40 9.578125 -0.084412 -0.006870 -1.606853 -0.254477 -1.498648
    41 -0.871094 11.210938 -11.585938 0.000000 0.000000 -0.000001
    42 -2.546319 -2.349527 -10.431247 0.594510 0.105488 0.623718
    43 2.262554 -10.110545 -16.406897 0.594510 0.105488 0.623718
    44 0.000000 0.000000 0.000000 0.000000 0.000000 0.000000
    45 0.000000 0.000000 0.000000 0.000000 0.000000 0.000000
    46 0.000000 0.000000 0.000000 0.000000 0.000000 0.000000
    47 0.000000 0.000000 0.000000 -1.570796 0.000000 0.000000
    48 0.000000 0.000000 0.000000 -1.570796 0.000000 0.000000
    49 0.000000 0.000000 0.000000 -1.570796 0.000000 0.000000
    50 0.000000 0.000000 0.000000 1.570796 0.000000 0.000000
    51 0.000000 0.000000 0.000000 1.570796 0.000000 0.000000
    52 0.000000 0.000000 0.000000 1.570796 0.000000 0.000000
    53 0.000000 0.000000 0.000000 1.570796 0.000000 0.000000
    54 0.000000 0.000000 0.000000 1.570796 0.000000 0.000000
    55 0.000000 0.000000 0.000000 1.570796 0.000000 0.000000
    56 0.000000 0.000000 0.000000 1.570796 0.000000 0.000000
    57 0.000000 0.000000 0.000000 1.570796 0.000000 0.000000
    58 0.000000 0.000000 0.000000 1.570796 0.000000 0.000000
    59 0.000000 0.000000 0.000000 1.570796 0.000000 0.000000
    60 0.000000 0.000000 0.000000 1.570796 0.000000 0.000000
    61 0.000000 0.000000 0.000000 1.570796 0.000000 0.000000
    62 0.000000 0.000001 0.000000 0.000000 0.000000 0.000000
    63 0.000000 0.000000 0.000000 0.000000 0.000000 0.000000
    64 0.000000 0.000000 0.000000 -3.141593 0.000000 0.000000
    65 0.000000 0.000000 0.000000 -1.570796 0.000000 0.000000
    66 0.000000 0.000000 0.000000 -1.570796 0.000000 0.000000
    67 0.000000 0.000000 0.000000 -1.570796 0.000000 0.000000
    68 0.000000 0.000000 0.000000 1.570796 0.000000 0.000000
    69 0.000000 0.000000 0.000000 1.570796 0.000000 0.000000
    70 0.000000 0.000000 0.000000 1.570796 0.000000 0.000000
    71 0.000000 0.000000 0.000001 1.570796 0.000000 0.000000
    72 0.000000 0.000000 0.000000 1.570796 0.000000 0.000000
    73 0.000000 0.000000 0.000000 1.570796 0.000000 0.000000
    74 0.000000 0.000000 0.000000 1.570796 0.000000 0.000000
    75 0.000000 0.000000 0.000000 1.570796 0.000000 0.000000
    76 -0.000001 0.000000 0.000000 1.570796 0.000000 0.000000
    77 0.000000 0.000000 0.000000 1.570796 0.000000 0.000000
    78 0.000000 0.000000 0.000000 1.570796 0.000000 0.000000
    79 0.000000 0.000000 0.000000 1.570796 0.000000 0.000000
  time 3
    0 -3.787413 -1.227462 -7.585285 0.591052 0.091325 0.590104
    1 7.195313 4.312500 -6.410156 -0.275968 0.424923 -1.104175
    2 0.000000 0.000000 0.000000 3.230748 0.644087 0.208349
    3 10.859747 -0.000001 -0.000001 0.271857 0.009287 1.580628
    4 11.118949 -0.012917 -0.055607 -1.190708 0.256444 -1.084644
    5 4.460938 0.096558 -1.193359 1.700635 -0.250355 0.126839
    6 1.534180 -0.000001 0.000000 0.009042 0.848532 0.011307
    7 0.923828 0.000000 0.000000 0.002695 1.027849 0.003260
    8 4.582031 -0.205322 -0.326172 1.346533 -0.259536 0.638898
    9 1.709961 -0.000008 0.000000 3.036021 1.434016 3.039811
    10 0.998047 0.000000 -0.000001 0.026837 -0.314590 -0.022355
    11 4.332031 -0.048065 0.604980 1.141283 -0.111227 1.109616
    12 1.571289 0.000003 0.000002 0.269056 1.478394 0.281975
    13 1.039063 0.000006 -0.000001 0.006016 -0.410155 0.011865
    14 3.871094 0.338867 1.439453 1.121923 0.266193 1.782702
    15 1.197266 -0.000007 -0.000016 0.081066 0.567625 0.082907
    16 0.866211 0.000000 -0.000002 -0.008129 -0.487940 -0.000955
    17 1.188218 1.062015 -1.188354 3.065347 0.480110 0.131619
    18 1.984254 -0.000001 0.000000 -0.026485 -0.208146 -0.084158
    19 1.217773 0.000006 0.000002 -0.020700 -0.169366 0.027834
    20 9.578125 0.084412 -0.006870 1.606992 0.268796 1.517345
    21 -1.511719 11.007813 -4.187500 1.244308 0.425693 -2.037295
    22 0.000000 0.000000 0.000000 3.014610 -0.274802 -0.651513
    23 10.859730 0.000013 -0.000005 -0.278155 0.007796 -2.024914
    24 11.118959 0.012915 -0.055609 -2.096481 -1.174612 1.851051
    25 4.460938 -0.096558 -1.193359 -1.692327 0.052480 -0.517339
    26 1.534180 0.000004 0.000000 -0.001689 0.150425 -0.007557
    27 0.923828 0.000000 0.000000 -0.000168 0.591517 -0.001706
    28 3.871094 -0.338867 1.439453 -1.480019 0.189903 -1.416936
    29 1.197266 0.000004 -0.000018 -0.127146 1.001777 -0.146524
    30 0.866211 -0.000002 -0.000003 0.009351 0.733784 0.001142
    31 4.582031 0.205322 -0.326172 -1.539698 0.007204 -1.420212
    32 1.709961 0.000006 -0.000003 -0.026879 1.095842 -0.020771
    33 0.998047 -0.000001 0.000001 -0.016608 0.557664 0.006715
    34 4.332031 0.048065 0.604980 -1.502394 0.106974 -1.508525
    35 1.571289 0.000007 -0.000001 -0.060351 1.044535 -0.069431
    36 1.039063 -0.000009 0.000001 -0.009609 0.637010 -0.018240
    37 1.188212 -1.062016 -1.188357 2.614942 0.533676 -0.654951
    38 1.984257 0.000003 0.000002 0.027278 0.315271 0.098085
    39 1.214575 -0.000004 0.000002 0.015903 -0.169156 -0.034169
    40 9.578125 -0.084412 -0.006870 -1.606853 -0.254477 -1.498648
    41 -0.871094 11.210938 -11.585938 0.000000 0.000000 -0.000001
    42 -2.472098 -3.458936 -9.083550 0.591052 0.091325 0.590104
    43 2.160989 -11.348864 -15.035762 0.591052 0.091325 0.590104
    44 0.000000 0.000000 0.000000 0.000000 0.000000 0.000000
    45 0.000000 0.000000 0.000000 0.000000 0.000000 0.000000
    46 0.000000 0.000000 0.000000 0.000000 0.000000 0.000000
    47 0.000000 0.000000 0.000000 -1.570796 0.000000 0.000000
    48 0.000000 0.000000 0.000000 -1.570796 0.000000 0.000000
    49 0.000000 0.000000 0.000000 -1.570796 0.000000 0.000000
    50 0.000000 0.000000 0.000000 1.570796 0.000000 0.000000
    51 0.000000 0.000000 0.000000 1.570796 0.000000 0.000000
    52 0.000000 0.000000 0.000000 1.570796 0.000000 0.000000
    53 0.000000 0.000000 0.000000 1.570796 0.000000 0.000000
    54 0.000000 0.000000 0.000000 1.570796 0.000000 0.000000
    55 0.000000 0.000000 0.000000 1.570796 0.000000 0.000000
    56 0.000000 0.000000 0.000000 1.570796 0.000000 0.000000
    57 0.000000 0.000000 0.000000 1.570796 0.000000 0.000000
    58 0.000000 0.000000 0.000000 1.570796 0.000000 0.000000
    59 0.000000 0.000000 0.000000 1.570796 0.000000 0.000000
    60 0.000000 0.000000 0.000000 1.570796 0.000000 0.000000
    61 0.000000 0.000000 0.000000 1.570796 0.000000 0.000000
    62 0.000000 0.000001 0.000000 0.000000 0.000000 0.000000
    63 0.000000 0.000000 0.000000 0.000000 0.000000 0.000000
    64 0.000000 0.000000 0.000000 -3.141593 0.000000 0.000000
    65 0.000000 0.000000 0.000000 -1.570796 0.000000 0.000000
    66 0.000000 0.000000 0.000000 -1.570796 0.000000 0.000000
    67 0.000000 0.000000 0.000000 -1.570796 0.000000 0.000000
    68 0.000000 0.000000 0.000000 1.570796 0.000000 0.000000
    69 0.000000 0.000000 0.000000 1.570796 0.000000 0.000000
    70 0.000000 0.000000 0.000000 1.570796 0.000000 0.000000
    71 0.000000 0.000000 0.000001 1.570796 0.000000 0.000000
    72 0.000000 0.000000 0.000000 1.570796 0.000000 0.000000
    73 0.000000 0.000000 0.000000 1.570796 0.000000 0.000000
    74 0.000000 0.000000 0.000000 1.570796 0.000000 0.000000
    75 0.000000 0.000000 0.000000 1.570796 0.000000 0.000000
    76 -0.000001 0.000000 0.000000 1.570796 0.000000 0.000000
    77 0.000000 0.000000 0.000000 1.570796 0.000000 0.000000
    78 0.000000 0.000000 0.000000 1.570796 0.000000 0.000000
    79 0.000000 0.000000 0.000000 1.570796 0.000000 0.000000
  time 4
    0 -3.658503 -2.282182 -6.272745 0.584580 0.077009 0.555142
    1 7.195313 4.312500 -6.410156 -0.275968 0.424923 -1.104175
    2 0.000000 0.000000 0.000000 3.093001 0.591682 0.095152
    3 10.859747 -0.000001 -0.000001 0.271378 0.009287 1.546696
    4 11.118949 -0.012917 -0.055607 -1.106021 0.155851 -1.088914
    5 4.460938 0.096558 -1.193359 1.700635 -0.250355 0.126839
    6 1.534180 -0.000001 0.000000 0.009042 0.848532 0.011307
    7 0.923828 0.000000 0.000000 0.002695 1.027849 0.003260
    8 4.582031 -0.205322 -0.326172 1.346533 -0.259536 0.638898
    9 1.709961 -0.000008 0.000000 3.036021 1.434016 3.039811
    10 0.998047 0.000000 -0.000001 0.026837 -0.314590 -0.022355
    11 4.332031 -0.048065 0.604980 1.141283 -0.111227 1.109616
    12 1.571289 0.000003 0.000002 0.269056 1.478394 0.281975
    13 1.039063 0.000006 -0.000001 0.006016 -0.410155 0.011865
    14 3.871094 0.338867 1.439453 1.121923 0.266193 1.782702
    15 1.197266 -0.000007 -0.000016 0.081066 0.567625 0.082907
    16 0.866211 0.000000 -0.000002 -0.008129 -0.487940 -0.000955
    17 1.188218 1.062015 -1.188354 3.065347 0.480110 0.131619
    18 1.984254 -0.000001 0.000000 -0.026485 -0.208146 -0.084158
    19 1.217773 0.000006 0.000002 -0.020700 -0.169366 0.027834
    20 9.578125 0.084412 -0.006870 1.606992 0.268796 1.517345
    21 -1.511719 11.007813 -4.187500 1.244308 0.425693 -2.037295
    22 0.000000 0.000000 0.000000 2.942043 -0.336996 -0.473391
    23 10.859730 0.000013 -0.000005 -0.276909 0.008348 -1.931404
    24 11.118959 0.012915 -0.055609 -2.016190 -1.247123 1.884596
    25 4.460938 -0.096558 -1.193359 -1.692327 0.052480 -0.517339
    26 1.534180 0.000004 0.000000 -0.001689 0.150425 -0.007557
    27 0.923828 0.000000 0.000000 -0.000168 0.591517 -0.001706
    28 3.871094 -0.338867 1.439453 -1.480019 0.189903 -1.416936
    29 1.197266 0.000004 -0.000018 -0.127146 1.001777 -0.146524
    30 0.866211 -0.000002 -0.000003 0.009351 0.733784 0.001142
    31 4.582031 0.205322 -0.326172 -1.539698 0.007204 -1.420212
    32 1.709961 0.000006 -0.000003 -0.026879 1.095842 -0.020771
    33 0.998047 -0.000001 0.000001 -0.016608 0.557664 0.006715
    34 4.332031 0.048065 0.604980 -1.502394 0.106974 -1.508525
    35 1.571289 0.000007 -0.000001 -0.060351 1.044535 -0.069431
    36 1.039063 -0.000009 0.000001 -0.009609 0.637010 -0.018240
    37 1.188212 -1.062016 -1.188357 2.614942 0.533676 -0.654951
    38 1.984257 0.000003 0.000002 0.027278 0.315271 0.098085
    39 1.214575 -0.000004 0.000002 0.015903 -0.169156 -0.034169
    40 9.578125 -0.084412 -0.006870 -1.606853 -0.254477 -1.498648
    41 -0.871094 11.210938 -11.585938 0.000000 0.000000 -0.000001
    42 -2.397877 -4.552719 -7.751478 0.584580 0.077009 0.555142
    43 2.055517 -12.587183 -13.652907 0.584580 0.077009 0.555142
    44 0.000000 0.000000 0.000000 0.000000 0.000000 0.000000
    45 0.000000 0.000000 0.000000 0.000000 0.000000 0.000000
    46 0.000000 0.000000 0.000000 0.000000 0.000000 0.000000
    47 0.000000 0.000000 0.000000 -1.570796 0.000000 0.000000
    48 0.000000 0.000000 0.000000 -1.570796 0.000000 0.000000
    49 0.000000 0.000000 0.000000 -1.570796 0.000000 0.000000
    50 0.000000 0.000000 0.000000 1.570796 0.000000 0.000000
    51 0.000000 0.000000 0.000000 1.570796 0.000000 0.000000
    52 0.000000 0.000000 0.000000 1.570796 0.000000 0.000000
    53 0.000000 0.000000 0.000000 1.570796 0.000000 0.000000
    54 0.000000 0.000000 0.000000 1.570796 0.000000 0.000000
    55 0.000000 0.000000 0.000000 1.570796 0.000000 0.000000
    56 0.000000 0.000000 0.000000 1.570796 0.000000 0.000000
    57 0.000000 0.000000 0.000000 1.570796 0.000000 0.000000
    58 0.000000 0.000000 0.000000 1.570796 0.000000 0.000000
    59 0.000000 0.000000 0.000000 1.570796 0.000000 0.000000
    60 0.000000 0.000000 0.000000 1.570796 0.000000 0.000000
    61 0.000000 0.000000 0.000000 1.570796 0.000000 0.000000
    62 0.000000 0.000001 0.000000 0.000000 0.000000 0.000000
    63 0.000000 0.000000 0.000000 0.000000 0.000000 0.000000
    64 0.000000 0.000000 0.000000 -3.141593 0.000000 0.000000
    65 0.000000 0.000000 0.000000 -1.570796 0.000000 0.000000
    66 0.000000 0.000000 0.000000 -1.570796 0.000000 0.000000
    67 0.000000 0.000000 0.000000 -1.570796 0.000000 0.000000
    68 0.000000 0.000000 0.000000 1.570796 0.000000 0.000000
    69 0.000000 0.000000 0.000000 1.570796 0.000000 0.000000
    70 0.000000 0.000000 0.000000 1.570796 0.000000 0.000000
    71 0.000000 0.000000 0.000001 1.570796 0.000000 0.000000
    72 0.000000 0.000000 0.000000 1.570796 0.000000 0.000000
    73 0.000000 0.000000 0.000000 1.570796 0.000000 0.000000
    74 0.000000 0.000000 0.000000 1.570796 0.000000 0.000000
    75 0.000000 0.000000 0.000000 1.570796 0.000000 0.000000
    76 -0.000001 0.000000 0.000000 1.570796 0.000000 0.000000
    77 0.000000 0.000000 0.000000 1.570796 0.000000 0.000000
    78 0.000000 0.000000 0.000000 1.570796 0.000000 0.000000
    79 0.000000 0.000000 0.000000 1.570796 0.000000 0.000000
  time 5
    0 -3.549124 -3.055643 -5.303966 0.574453 0.065769 0.525403
    1 7.195313 4.312500 -6.410156 -0.275968 0.424923 -1.104175
    2 0.000000 0.000000 0.000000 2.989715 0.546282 0.007080
    3 10.859747 -0.000001 -0.000001 0.270719 0.009251 1.501413
    4 11.118949 -0.012917 -0.055607 -1.037462 0.086881 -1.081546
    5 4.460938 0.096558 -1.193359 1.700635 -0.250355 0.126839
    6 1.534180 -0.000001 0.000000 0.009042 0.848532 0.011307
    7 0.923828 0.000000 0.000000 0.002695 1.027849 0.003260
    8 4.582031 -0.205322 -0.326172 1.346533 -0.259536 0.638898
    9 1.709961 -0.000008 0.000000 3.036021 1.434016 3.039811
    10 0.998047 0.000000 -0.000001 0.026837 -0.314590 -0.022355
    11 4.332031 -0.048065 0.604980 1.141283 -0.111227 1.109616
    12 1.571289 0.000003 0.000002 0.269056 1.478394 0.281975
    13 1.039063 0.000006 -0.000001 0.006016 -0.410155 0.011865
    14 3.871094 0.338867 1.439453 1.121923 0.266193 1.782702
    15 1.197266 -0.000007 -0.000016 0.081066 0.567625 0.082907
    16 0.866211 0.000000 -0.000002 -0.008129 -0.487940 -0.000955
    17 1.188218 1.062015 -1.188354 3.065347 0.480110 0.131619
    18 1.984254 -0.000001 0.000000 -0.026485 -0.208146 -0.084158
    19 1.217773 0.000006 0.000002 -0.020700 -0.169366 0.027834
    20 9.578125 0.084412 -0.006870 1.606992 0.268796 1.517345
    21 -1.511719 11.007813 -4.187500 1.244308 0.425693 -2.037295
    22 0.000000 0.000000 0.000000 2.889347 -0.367003 -0.346832
    23 10.859730 0.000013 -0.000005 -0.275818 0.008707 -1.852812
    24 11.118959 0.012915 -0.055609 -1.951624 -1.294479 1.886290
    25 4.460938 -0.096558 -1.193359 -1.692327 0.052480 -0.517339
    26 1.534180 0.000004 0.000000 -0.001689 0.150425 -0.007557
    27 0.923828 0.000000 0.000000 -0.000168 0.591517 -0.001706
    28 3.871094 -0.338867 1.439453 -1.480019 0.189903 -1.416936
    29 1.197266 0.000004 -0.000018 -0.127146 1.001777 -0.146524
    30 0.866211 -0.000002 -0.000003 0.009351 0.733784 0.001142
    31 4.582031 0.205322 -0.326172 -1.539698 0.007204 -1.420212
    32 1.709961 0.000006 -0.000003 -0.026879 1.095842 -0.020771
    33 0.998047 -0.000001 0.000001 -0.016608 0.557664 0.006715
    34 4.332031 0.048065 0.604980 -1.502394 0.106974 -1.508525
    35 1.571289 0.000007 -0.000001 -0.060351 1.044535 -0.069431
    36 1.039063 -0.000009 0.000001 -0.009609 0.637010 -0.018240
    37 1.188212 -1.062016 -1.188357 2.614942 0.533676 -0.654951
    38 1.984257 0.000003 0.000002 0.027146 0.305145 0.097450
    39 1.214575 -0.000004 0.000002 0.015903 -0.169156 -0.034169
    40 9.578125 -0.084412 -0.006870 -1.606853 -0.254477 -1.498648
    41 -0.871094 11.210938 -11.585938 0.000000 0.000000 -0.000001
    42 -2.331469 -5.369151 -6.759260 0.574453 0.065769 0.525403
    43 1.973483 -13.540338 -12.570843 0.574453 0.065769 0.525403
    44 0.000000 0.000000 0.000000 0.000000 0.000000 0.000000
    45 0.000000 0.000000 0.000000 0.000000 0.000000 0.000000
    46 0.000000 0.000000 0.000000 0.000000 0.000000 0.000000
    47 0.000000 0.000000 0.000000 -1.570796 0.000000 0.000000
    48 0.000000 0.000000 0.000000 -1.570796 0.000000 0.000000
    49 0.000000 0.000000 0.000000 -1.570796 0.000000 0.000000
    50 0.000000 0.000000 0.000000 1.570796 0.000000 0.000000
    51 0.000000 0.000000 0.000000 1.570796 0.000000 0.000000
    52 0.000000 0.000000 0.000000 1.570796 0.000000 0.000000
    53 0.000000 0.000000 0.000000 1.570796 0.000000 0.000000
    54 0.000000 0.000000 0.000000 1.570796 0.000000 0.000000
    55 0.000000 0.000000 0.000000 1.570796 0.000000 0.000000
    56 0.000000 0.000000 0.000000 1.570796 0.000000 0.000000
    57 0.000000 0.000000 0.000000 1.570796 0.000000 0.000000
    58 0.000000 0.000000 0.000000 1.570796 0.000000 0.000000
    59 0.000000 0.000000 0.000000 1.570796 0.000000 0.000000
    60 0.000000 0.000000 0.000000 1.570796 0.000000 0.000000
    61 0.000000 0.000000 0.000000 1.570796 0.000000 0.000000
    62 0.000000 0.000001 0.000000 0.000000 0.000000 0.000000
    63 0.000000 0.000000 0.000000 0.000000 0.000000 0.000000
    64 0.000000 0.000000 0.000000 -3.141593 0.000000 0.000000
    65 0.000000 0.000000 0.000000 -1.570796 0.000000 0.000000
    66 0.000000 0.000000 0.000000 -1.570796 0.000000 0.000000
    67 0.000000 0.000000 0.000000 -1.570796 0.000000 0.000000
    68 0.000000 0.000000 0.000000 1.570796 0.000000 0.000000
    69 0.000000 0.000000 0.000000 1.570796 0.000000 0.000000
    70 0.000000 0.000000 0.000000 1.570796 0.000000 0.000000
    71 0.000000 0.000000 0.000001 1.570796 0.000000 0.000000
    72 0.000000 0.000000 0.000000 1.570796 0.000000 0.000000
    73 0.000000 0.000000 0.000000 1.570796 0.000000 0.000000
    74 0.000000 0.000000 0.000000 1.570796 0.000000 0.000000
    75 0.000000 0.000000 0.000000 1.570796 0.000000 0.000000
    76 -0.000001 0.000000 0.000000 1.570796 0.000000 0.000000
    77 0.000000 0.000000 0.000000 1.570796 0.000000 0.000000
    78 0.000000 0.000000 0.000000 1.570796 0.000000 0.000000
    79 0.000000 0.000000 0.000000 1.570796 0.000000 0.000000
  time 6
    0 -3.463184 -3.555658 -4.678946 0.554099 0.059883 0.503247
    1 7.195313 4.312500 -6.410156 -0.275968 0.424923 -1.104175
    2 0.000000 0.000000 0.000000 2.915760 0.508553 -0.056849
    3 10.859747 -0.000001 -0.000001 0.270084 0.009203 1.457937
    4 11.118949 -0.012917 -0.055607 -0.983543 0.048834 -1.064920
    5 4.460938 0.096558 -1.193359 1.700635 -0.250355 0.126839
    6 1.534180 -0.000001 0.000000 0.009042 0.848532 0.011307
    7 0.923828 0.000000 0.000000 0.002695 1.027849 0.003260
    8 4.582031 -0.205322 -0.326172 1.346533 -0.259536 0.638898
    9 1.709961 -0.000008 0.000000 3.036021 1.434016 3.039811
    10 0.998047 0.000000 -0.000001 0.026837 -0.314590 -0.022355
    11 4.332031 -0.048065 0.604980 1.141283 -0.111227 1.109616
    12 1.571289 0.000003 0.000002 0.269056 1.478394 0.281975
    13 1.039063 0.000006 -0.000001 0.006016 -0.410155 0.011865
    14 3.871094 0.338867 1.439453 1.121923 0.266193 1.782702
    15 1.197266 -0.000007 -0.000016 0.081066 0.567625 0.082907
    16 0.866211 0.000000 -0.000002 -0.008129 -0.487940 -0.000955
    17 1.188218 1.062015 -1.188354 3.065328 0.480110 0.131619
    18 1.984254 -0.000001 0.000000 -0.026485 -0.208146 -0.084158
    19 1.217773 0.000006 0.000002 -0.020700 -0.169366 0.027834
    20 9.578125 0.084412 -0.006870 1.606992 0.268796 1.517345
    21 -1.511719 11.007813 -4.187500 1.244308 0.425693 -2.037295
    22 0.000000 0.000000 0.000000 2.857923 -0.379544 -0.271697
    23 10.859730 0.000013 -0.000005 -0.275087 0.008899 -1.801865
    24 11.118959 0.012915 -0.055609 -1.857874 -1.321888 1.827670
    25 4.460938 -0.096558 -1.193359 -1.692327 0.052480 -0.517339
    26 1.534180 0.000004 0.000000 -0.001689 0.150425 -0.007557
    27 0.923828 0.000000 0.000000 -0.000168 0.591517 -0.001706
    28 3.871094 -0.338867 1.439453 -1.480019 0.189903 -1.416936
    29 1.197266 0.000004 -0.000018 -0.127146 1.001777 -0.146524
    30 0.866211 -0.000002 -0.000003 0.009351 0.733784 0.001142
    31 4.582031 0.205322 -0.326172 -1.539698 0.007204 -1.420212
    32 1.709961 0.000006 -0.000003 -0.026879 1.095842 -0.020771
    33 0.998047 -0.000001 0.000001 -0.016608 0.557664 0.006715
    34 4.332031 0.048065 0.604980 -1.502394 0.106974 -1.508525
    35 1.571289 0.000007 -0.000001 -0.060351 1.044535 -0.069431
    36 1.039063 -0.000009 0.000001 -0.009609 0.637010 -0.018240
    37 1.188212 -1.062016 -1.188357 2.614942 0.533676 -0.654951
    38 1.984257 0.000003 0.000002 0.026775 0.277344 0.095664
    39 1.214575 -0.000004 0.000002 0.015903 -0.169156 -0.034169
    40 9.578125 -0.084412 -0.006870 -1.606853 -0.254477 -1.498648
    41 -0.871094 11.210938 -11.585938 0.000000 0.000000 -0.000001
    42 -2.280686 -5.912136 -6.083459 0.554099 0.059883 0.503247
    43 1.938326 -14.259109 -11.707535 0.554099 0.059883 0.503247
    44 0.000000 0.000000 0.000000 0.000000 0.000000 0.000000
    45 0.000000 0.000000 0.000000 0.000000 0.000000 0.000000
    46 0.000000 0.000000 0.000000 0.000000 0.000000 0.000000
    47 0.000000 0.000000 0.000000 -1.570796 0.000000 0.000000
    48 0.000000 0.000000 0.000000 -1.570796 0.000000 0.000000
    49 0.000000 0.000000 0.000000 -1.570796 0.000000 0.000000
    50 0.000000 0.000000 0.000000 1.570796 0.000000 0.000000
    51 0.000000 0.000000 0.000000 1.570796 0.000000 0.000000
    52 0.000000 0.000000 0.000000 1.570796 0.000000 0.000000
    53 0.000000 0.000000 0.000000 1.570796 0.000000 0.000000
    54 0.000000 0.000000 0.000000 1.570796 0.000000 0.000000
    55 0.000000 0.000000 0.000000 1.570796 0.000000 0.000000
    56 0.000000 0.000000 0.000000 1.570796 0.000000 0.000000
    57 0.000000 0.000000 0.000000 1.570796 0.000000 0.000000
    58 0.000000 0.000000 0.000000 1.570796 0.000000 0.000000
    59 0.000000 0.000000 0.000000 1.570796 0.000000 0.000000
    60 0.000000 0.000000 0.000000 1.570796 0.000000 0.000000
    61 0.000000 0.000000 0.000000 1.570796 0.000000 0.000000
    62 0.000000 0.000001 0.000000 0.000000 0.000000 0.000000
    63 0.000000 0.000000 0.000000 0.000000 0.000000 0.000000
    64 0.000000 0.000000 0.000000 -3.141593 0.000000 0.000000
    65 0.000000 0.000000 0.000000 -1.570796 0.000000 0.000000
    66 0.000000 0.000000 0.000000 -1.570796 0.000000 0.000000
    67 0.000000 0.000000 0.000000 -1.570796 0.000000 0.000000
    68 0.000000 0.000000 0.000000 1.570796 0.000000 0.000000
    69 0.000000 0.000000 0.000000 1.570796 0.000000 0.000000
    70 0.000000 0.000000 0.000000 1.570796 0.000000 0.000000
    71 0.000000 0.000000 0.000001 1.570796 0.000000 0.000000
    72 0.000000 0.000000 0.000000 1.570796 0.000000 0.000000
    73 0.000000 0.000000 0.000000 1.570796 0.000000 0.000000
    74 0.000000 0.000000 0.000000 1.570796 0.000000 0.000000
    75 0.000000 0.000000 0.000000 1.570796 0.000000 0.000000
    76 -0.000001 0.000000 0.000000 1.570796 0.000000 0.000000
    77 0.000000 0.000000 0.000000 1.570796 0.000000 0.000000
    78 0.000000 0.000000 0.000000 1.570796 0.000000 0.000000
    79 0.000000 0.000000 0.000000 1.570796 0.000000 0.000000
  time 7
    0 -3.392870 -3.950201 -4.182838 0.520851 0.057149 0.483870
    1 7.195313 4.312500 -6.410156 -0.275968 0.424923 -1.104175
    2 0.000000 0.000000 0.000000 2.848532 0.468768 -0.115818
    3 10.859747 -0.000001 -0.000001 0.269376 0.009107 1.409989
    4 11.118949 -0.012917 -0.055607 -0.930934 0.026084 -1.038848
    5 4.460938 0.096558 -1.193359 1.700635 -0.250355 0.126839
    6 1.534180 -0.000001 0.000000 0.009042 0.848532 0.011307
    7 0.923828 0.000000 0.000000 0.002695 1.027849 0.003260
    8 4.582031 -0.205322 -0.326172 1.346533 -0.259536 0.638898
    9 1.709961 -0.000008 0.000000 3.036021 1.434016 3.039811
    10 0.998047 0.000000 -0.000001 0.026837 -0.314590 -0.022355
    11 4.332031 -0.048065 0.604980 1.141283 -0.111227 1.109616
    12 1.571289 0.000003 0.000002 0.269056 1.478394 0.281975
    13 1.039063 0.000006 -0.000001 0.006016 -0.410155 0.011865
    14 3.871094 0.338867 1.439453 1.121923 0.266193 1.782702
    15 1.197266 -0.000007 -0.000016 0.081066 0.567625 0.082907
    16 0.866211 0.000000 -0.000002 -0.008129 -0.487940 -0.000955
    17 1.188218 1.062015 -1.188354 3.065347 0.480110 0.131619
    18 1.984254 -0.000001 0.000000 -0.026485 -0.208146 -0.084158
    19 1.217773 0.000006 0.000002 -0.020700 -0.169366 0.027834
    20 9.578125 0.084412 -0.006870 1.606992 0.268796 1.517345
    21 -1.511719 11.007813 -4.187500 1.244308 0.425693 -2.037295
    22 0.000000 0.000000 0.000000 2.835944 -0.386312 -0.218998
    23 10.859730 0.000013 -0.000005 -0.274560 0.009019 -1.764289
    24 11.118959 0.012915 -0.055609 -1.702936 -1.339544 1.695589
    25 4.460938 -0.096558 -1.193359 -1.692327 0.052480 -0.517339
    26 1.534180 0.000004 0.000000 -0.001689 0.150425 -0.007557
    27 0.923828 0.000000 0.000000 -0.000168 0.591517 -0.001706
    28 3.871094 -0.338867 1.439453 -1.480019 0.189903 -1.416936
    29 1.197266 0.000004 -0.000018 -0.127146 1.001777 -0.146524
    30 0.866211 -0.000002 -0.000003 0.009351 0.733784 0.001142
    31 4.582031 0.205322 -0.326172 -1.539698 0.007204 -1.420212
    32 1.709961 0.000006 -0.000003 -0.026879 1.095842 -0.020771
    33 0.998047 -0.000001 0.000001 -0.016608 0.557664 0.006715
    34 4.332031 0.048065 0.604980 -1.502394 0.106974 -1.508525
    35 1.571289 0.000007 -0.000001 -0.060351 1.044535 -0.069431
    36 1.039063 -0.000009 0.000001 -0.009609 0.637010 -0.018240
    37 1.188212 -1.062016 -1.188357 2.614942 0.533676 -0.654951
    38 1.984257 0.000003 0.000002 0.026187 0.235789 0.093016
    39 1.214575 -0.000004 0.000002 0.015903 -0.169156 -0.034169
    40 9.578125 -0.084412 -0.006870 -1.606853 -0.254477 -1.498648
    41 -0.871094 11.210938 -11.585938 0.000000 0.000000 -0.000001
    42 -2.222091 -6.365275 -5.497503 0.520851 0.057149 0.483870
    43 1.946138 -14.942724 -10.812977 0.520851 0.057149 0.483870
    44 0.000000 0.000000 0.000000 0.000000 0.000000 0.000000
    45 0.000000 0.000000 0.000000 0.000000 0.000000 0.000000
    46 0.000000 0.000000 0.000000 0.000000 0.000000 0.000000
    47 0.000000 0.000000 0.000000 -1.570796 0.000000 0.000000
    48 0.000000 0.000000 0.000000 -1.570796 0.000000 0.000000
    49 0.000000 0.000000 0.000000 -1.570796 0.000000 0.000000
    50 0.000000 0.000000 0.000000 1.570796 0.000000 0.000000
    51 0.000000 0.000000 0.000000 1.570796 0.000000 0.000000
    52 0.000000 0.000000 0.000000 1.570796 0.000000 0.000000
    53 0.000000 0.000000 0.000000 1.570796 0.000000 0.000000
    54 0.000000 0.000000 0.000000 1.570796 0.000000 0.000000
    55 0.000000 0.000000 0.000000 1.570796 0.000000 0.000000
    56 0.000000 0.000000 0.000000 1.570796 0.000000 0.000000
    57 0.000000 0.000000 0.000000 1.570796 0.000000 0.000000
    58 0.000000 0.000000 0.000000 1.570796 0.000000 0.000000
    59 0.000000 0.000000 0.000000 1.570796 0.000000 0.000000
    60 0.000000 0.000000 0.000000 1.570796 0.000000 0.000000
    61 0.000000 0.000000 0.000000 1.570796 0.000000 0.000000
    62 0.000000 0.000001 0.000000 0.000000 0.000000 0.000000
    63 0.000000 0.000000 0.000000 0.000000 0.000000 0.000000
    64 0.000000 0.000000 0.000000 -3.141593 0.000000 0.000000
    65 0.000000 0.000000 0.000000 -1.570796 0.000000 0.000000
    66 0.000000 0.000000 0.000000 -1.570796 0.000000 0.000000
    67 0.000000 0.000000 0.000000 -1.570796 0.000000 0.000000
    68 0.000000 0.000000 0.000000 1.570796 0.000000 0.000000
    69 0.000000 0.000000 0.000000 1.570796 0.000000 0.000000
    70 0.000000 0.000000 0.000000 1.570796 0.000000 0.000000
    71 0.000000 0.000000 0.000001 1.570796 0.000000 0.000000
    72 0.000000 0.000000 0.000000 1.570796 0.000000 0.000000
    73 0.000000 0.000000 0.000000 1.570796 0.000000 0.000000
    74 0.000000 0.000000 0.000000 1.570796 0.000000 0.000000
    75 0.000000 0.000000 0.000000 1.570796 0.000000 0.000000
    76 -0.000001 0.000000 0.000000 1.570796 0.000000 0.000000
    77 0.000000 0.000000 0.000000 1.570796 0.000000 0.000000
    78 0.000000 0.000000 0.000000 1.570796 0.000000 0.000000
    79 0.000000 0.000000 0.000000 1.570796 0.000000 0.000000
  time 8
    0 -3.322555 -4.243179 -3.823452 0.479254 0.054263 0.464325
    1 7.195313 4.312500 -6.410156 -0.275968 0.424923 -1.104175
    2 0.000000 0.000000 0.000000 2.790162 0.429911 -0.168356
    3 10.859747 -0.000001 -0.000001 0.268669 0.008975 1.360837
    4 11.118949 -0.012917 -0.055607 -0.878622 0.014026 -1.004803
    5 4.460938 0.096558 -1.193359 1.700635 -0.250355 0.126839
    6 1.534180 -0.000001 0.000000 0.009042 0.848532 0.011307
    7 0.923828 0.000000 0.000000 0.002695 1.027849 0.003260
    8 4.582031 -0.205322 -0.326172 1.346533 -0.259536 0.638898
    9 1.709961 -0.000008 0.000000 3.036021 1.434016 3.039811
    10 0.998047 0.000000 -0.000001 0.026837 -0.314590 -0.022355
    11 4.332031 -0.048065 0.604980 1.141283 -0.111227 1.109616
    12 1.571289 0.000003 0.000002 0.269056 1.478394 0.281975
    13 1.039063 0.000006 -0.000001 0.006016 -0.410155 0.011865
    14 3.871094 0.338867 1.439453 1.121923 0.266193 1.782702
    15 1.197266 -0.000007 -0.000016 0.081066 0.567625 0.082907
    16 0.866211 0.000000 -0.000002 -0.008129 -0.487940 -0.000955
    17 1.188218 1.062015 -1.188354 3.065347 0.480110 0.131619
    18 1.984254 -0.000001 0.000000 -0.026485 -0.208146 -0.084158
    19 1.217773 0.000006 0.000002 -0.020700 -0.169366 0.027834
    20 9.578125 0.084412 -0.006870 1.606992 0.268796 1.517345
    21 -1.511719 11.007813 -4.187500 1.244308 0.425693 -2.037295
    22 0.000000 0.000000 0.000000 2.822245 -0.389582 -0.187438
    23 10.859730 0.000013 -0.000005 -0.274237 0.009079 -1.742234
    24 11.118959 0.012915 -0.055609 -1.502283 -1.342943 1.514036
    25 4.460938 -0.096558 -1.193359 -1.692327 0.052480 -0.517339
    26 1.534180 0.000004 0.000000 -0.001689 0.150425 -0.007557
    27 0.923828 0.000000 0.000000 -0.000168 0.591517 -0.001706
    28 3.871094 -0.338867 1.439453 -1.480019 0.189903 -1.416936
    29 1.197266 0.000004 -0.000018 -0.127146 1.001777 -0.146524
    30 0.866211 -0.000002 -0.000003 0.009351 0.733784 0.001142
    31 4.582031 0.205322 -0.326172 -1.539698 0.007204 -1.420212
    32 1.709961 0.000006 -0.000003 -0.026879 1.095842 -0.020771
    33 0.998047 -0.000001 0.000001 -0.016608 0.557664 0.006715
    34 4.332031 0.048065 0.604980 -1.502394 0.106974 -1.508525
    35 1.571289 0.000007 -0.000001 -0.060351 1.044535 -0.069431
    36 1.039063 -0.000009 0.000001 -0.009609 0.637010 -0.018240
    37 1.188212 -1.062016 -1.188357 2.614942 0.533676 -0.654951
    38 1.984257 0.000003 0.000002 0.025480 0.184413 0.089744
    39 1.214575 -0.000004 0.000002 0.015903 -0.169169 -0.034169
    40 9.578125 -0.084412 -0.006870 -1.606853 -0.254477 -1.498648
    41 -0.871094 11.210938 -11.585938 0.000000 0.000000 -0.000001
    42 -2.167402 -6.720754 -5.024832 0.479254 0.054263 0.464325
    43 1.957857 -15.552118 -9.937950 0.479254 0.054263 0.464325
    44 0.000000 0.000000 0.000000 0.000000 0.000000 0.000000
    45 0.000000 0.000000 0.000000 0.000000 0.000000 0.000000
    46 0.000000 0.000000 0.000000 0.000000 0.000000 0.000000
    47 0.000000 0.000000 0.000000 -1.570796 0.000000 0.000000
    48 0.000000 0.000000 0.000000 -1.570796 0.000000 0.000000
    49 0.000000 0.000000 0.000000 -1.570796 0.000000 0.000000
    50 0.000000 0.000000 0.000000 1.570796 0.000000 0.000000
    51 0.000000 0.000000 0.000000 1.570796 0.000000 0.000000
    52 0.000000 0.000000 0.000000 1.570796 0.000000 0.000000
    53 0.000000 0.000000 0.000000 1.570796 0.000000 0.000000
    54 0.000000 0.000000 0.000000 1.570796 0.000000 0.000000
    55 0.000000 0.000000 0.000000 1.570796 0.000000 0.000000
    56 0.000000 0.000000 0.000000 1.570796 0.000000 0.000000
    57 0.000000 0.000000 0.000000 1.570796 0.000000 0.000000
    58 0.000000 0.000000 0.000000 1.570796 0.000000 0.000000
    59 0.000000 0.000000 0.000000 1.570796 0.000000 0.000000
    60 0.000000 0.000000 0.000000 1.570796 0.000000 0.000000
    61 0.000000 0.000000 0.000000 1.570796 0.000000 0.000000
    62 0.000000 0.000001 0.000000 0.000000 0.000000 0.000000
    63 0.000000 0.000000 0.000000 0.000000 0.000000 0.000000
    64 0.000000 0.000000 0.000000 -3.141593 0.000000 0.000000
    65 0.000000 0.000000 0.000000 -1.570796 0.000000 0.000000
    66 0.000000 0.000000 0.000000 -1.570796 0.000000 0.000000
    67 0.000000 0.000000 0.000000 -1.570796 0.000000 0.000000
    68 0.000000 0.000000 0.000000 1.570796 0.000000 0.000000
    69 0.000000 0.000000 0.000000 1.570796 0.000000 0.000000
    70 0.000000 0.000000 0.000000 1.570796 0.000000 0.000000
    71 0.000000 0.000000 0.000001 1.570796 0.000000 0.000000
    72 0.000000 0.000000 0.000000 1.570796 0.000000 0.000000
    73 0.000000 0.000000 0.000000 1.570796 0.000000 0.000000
    74 0.000000 0.000000 0.000000 1.570796 0.000000 0.000000
    75 0.000000 0.000000 0.000000 1.570796 0.000000 0.000000
    76 -0.000001 0.000000 0.000000 1.570796 0.000000 0.000000
    77 0.000000 0.000000 0.000000 1.570796 0.000000 0.000000
    78 0.000000 0.000000 0.000000 1.570796 0.000000 0.000000
    79 0.000000 0.000000 0.000000 1.570796 0.000000 0.000000
  time 9
    0 -3.260053 -4.418965 -3.600789 0.433952 0.047808 0.441579
    1 7.195313 4.312500 -6.410156 -0.275968 0.424923 -1.104175
    2 0.000000 0.000000 0.000000 2.742488 0.394988 -0.213101
    3 10.859747 -0.000001 -0.000001 0.267998 0.008795 1.314316
    4 11.118949 -0.012917 -0.055607 -0.826013 0.007586 -0.965392
    5 4.460938 0.096558 -1.193359 1.700635 -0.250355 0.126839
    6 1.534180 -0.000001 0.000000 0.009042 0.848532 0.011307
    7 0.923828 0.000000 0.000000 0.002695 1.027849 0.003260
    8 4.582031 -0.205322 -0.326172 1.346533 -0.259536 0.638898
    9 1.709961 -0.000008 0.000000 3.036021 1.434016 3.039811
    10 0.998047 0.000000 -0.000001 0.026837 -0.314590 -0.022355
    11 4.332031 -0.048065 0.604980 1.141283 -0.111227 1.109616
    12 1.571289 0.000003 0.000002 0.269056 1.478394 0.281975
    13 1.039063 0.000006 -0.000001 0.006016 -0.410155 0.011865
    14 3.871094 0.338867 1.439453 1.121923 0.266193 1.782702
    15 1.197266 -0.000007 -0.000016 0.081066 0.567625 0.082907
    16 0.866211 0.000000 -0.000002 -0.008129 -0.487940 -0.000955
    17 1.188218 1.062015 -1.188354 3.065328 0.480110 0.131619
    18 1.984254 -0.000001 0.000000 -0.026485 -0.208146 -0.084158
    19 1.217773 0.000006 0.000002 -0.020700 -0.169366 0.027834
    20 9.578125 0.084412 -0.006870 1.606992 0.268796 1.517345
    21 -1.511719 11.007813 -4.187500 1.244308 0.425693 -2.037295
    22 0.000000 0.000000 0.000000 2.815893 -0.390605 -0.176101
    23 10.859730 0.000013 -0.000005 -0.274177 0.009091 -1.736903
    24 11.118959 0.012915 -0.055609 -1.296639 -1.329756 1.330992
    25 4.460938 -0.096558 -1.193359 -1.692327 0.052480 -0.517339
    26 1.534180 0.000004 0.000000 -0.001689 0.150425 -0.007557
    27 0.923828 0.000000 0.000000 -0.000168 0.591517 -0.001706
    28 3.871094 -0.338867 1.439453 -1.480019 0.189903 -1.416936
    29 1.197266 0.000004 -0.000018 -0.127146 1.001777 -0.146524
    30 0.866211 -0.000002 -0.000003 0.009351 0.733784 0.001142
    31 4.582031 0.205322 -0.326172 -1.539698 0.007204 -1.420212
    32 1.709961 0.000006 -0.000003 -0.026879 1.095842 -0.020771
    33 0.998047 -0.000001 0.000001 -0.016608 0.557664 0.006715
    34 4.332031 0.048065 0.604980 -1.502394 0.106974 -1.508525
    35 1.571289 0.000007 -0.000001 -0.060351 1.044535 -0.069431
    36 1.039063 -0.000009 0.000001 -0.009609 0.637010 -0.018240
    37 1.188212 -1.062016 -1.188357 2.614942 0.533676 -0.654951
    38 1.984257 0.000003 0.000002 0.024677 0.127177 0.086089
    39 1.214575 -0.000004 0.000002 0.015903 -0.169156 -0.034169
    40 9.578125 -0.084412 -0.006870 -1.606853 -0.254477 -1.498648
    41 -0.871094 11.210938 -11.585938 0.000000 0.000000 -0.000001
    42 -2.124431 -6.966856 -4.677166 0.433952 0.047808 0.441579
    43 1.946138 -16.056039 -9.148863 0.433952 0.047808 0.441579
    44 0.000000 0.000000 0.000000 0.000000 0.000000 0.000000
    45 0.000000 0.000000 0.000000 0.000000 0.000000 0.000000
    46 0.000000 0.000000 0.000000 0.000000 0.000000 0.000000
    47 0.000000 0.000000 0.000000 -1.570796 0.000000 0.000000
    48 0.000000 0.000000 0.000000 -1.570796 0.000000 0.000000
    49 0.000000 0.000000 0.000000 -1.570796 0.000000 0.000000
    50 0.000000 0.000000 0.000000 1.570796 0.000000 0.000000
    51 0.000000 0.000000 0.000000 1.570796 0.000000 0.000000
    52 0.000000 0.000000 0.000000 1.570796 0.000000 0.000000
    53 0.000000 0.000000 0.000000 1.570796 0.000000 0.000000
    54 0.000000 0.000000 0.000000 1.570796 0.000000 0.000000
    55 0.000000 0.000000 0.000000 1.570796 0.000000 0.000000
    56 0.000000 0.000000 0.000000 1.570796 0.000000 0.000000
    57 0.000000 0.000000 0.000000 1.570796 0.000000 0.000000
    58 0.000000 0.000000 0.000000 1.570796 0.000000 0.000000
    59 0.000000 0.000000 0.000000 1.570796 0.000000 0.000000
    60 0.000000 0.000000 0.000000 1.570796 0.000000 0.000000
    61 0.000000 0.000000 0.000000 1.570796 0.000000 0.000000
    62 0.000000 0.000001 0.000000 0.000000 0.000000 0.000000
    63 0.000000 0.000000 0.000000 0.000000 0.000000 0.000000
    64 0.000000 0.000000 0.000000 -3.141593 0.000000 0.000000
    65 0.000000 0.000000 0.000000 -1.570796 0.000000 0.000000
    66 0.000000 0.000000 0.000000 -1.570796 0.000000 0.000000
    67 0.000000 0.000000 0.000000 -1.570796 0.000000 0.000000
    68 0.000000 0.000000 0.000000 1.570796 0.000000 0.000000
    69 0.000000 0.000000 0.000000 1.570796 0.000000 0.000000
    70 0.000000 0.000000 0.000000 1.570796 0.000000 0.000000
    71 0.000000 0.000000 0.000001 1.570796 0.000000 0.000000
    72 0.000000 0.000000 0.000000 1.570796 0.000000 0.000000
    73 0.000000 0.000000 0.000000 1.570796 0.000000 0.000000
    74 0.000000 0.000000 0.000000 1.570796 0.000000 0.000000
    75 0.000000 0.000000 0.000000 1.570796 0.000000 0.000000
    76 -0.000001 0.000000 0.000000 1.570796 0.000000 0.000000
    77 0.000000 0.000000 0.000000 1.570796 0.000000 0.000000
    78 0.000000 0.000000 0.000000 1.570796 0.000000 0.000000
    79 0.000000 0.000000 0.000000 1.570796 0.000000 0.000000
  time 10
    0 -3.189738 -4.481467 -3.530474 0.389292 0.034517 0.412851
    1 7.195313 4.312500 -6.410156 -0.275968 0.424923 -1.104175
    2 0.000000 0.000000 0.000000 2.706865 0.367117 -0.249289
    3 10.859747 -0.000001 -0.000001 0.267447 0.008639 1.274233
    4 11.118949 -0.012917 -0.055607 -0.772332 0.001793 -0.923449
    5 4.460938 0.096558 -1.193359 1.700635 -0.250355 0.126839
    6 1.534180 -0.000001 0.000000 0.009042 0.848532 0.011307
    7 0.923828 0.000000 0.000000 0.002695 1.027849 0.003260
    8 4.582031 -0.205322 -0.326172 1.346533 -0.259536 0.638898
    9 1.709961 -0.000008 0.000000 3.036021 1.434016 3.039811
    10 0.998047 0.000000 -0.000001 0.026837 -0.314590 -0.022355
    11 4.332031 -0.048065 0.604980 1.141283 -0.111227 1.109616
    12 1.571289 0.000003 0.000002 0.269056 1.478394 0.281975
    13 1.039063 0.000006 -0.000001 0.006016 -0.410155 0.011865
    14 3.871094 0.338867 1.439453 1.121923 0.266193 1.782702
    15 1.197266 -0.000007 -0.000016 0.081066 0.567625 0.082907
    16 0.866211 0.000000 -0.000002 -0.008129 -0.487940 -0.000955
    17 1.188218 1.062015 -1.188354 3.065328 0.480110 0.131619
    18 1.984254 -0.000001 0.000000 -0.026485 -0.208146 -0.084158
    19 1.217773 0.000006 0.000002 -0.020700 -0.169366 0.027834
    20 9.578125 0.084412 -0.006870 1.606992 0.268796 1.517345
    21 -1.511719 11.007813 -4.187500 1.244308 0.425693 -2.037295
    22 0.000000 0.000000 0.000000 2.816193 -0.389555 -0.184310
    23 10.859730 0.000013 -0.000005 -0.274332 0.009055 -1.749113
    24 11.118959 0.012915 -0.055609 -1.126479 -1.301719 1.192811
    25 4.460938 -0.096558 -1.193359 -1.692327 0.052480 -0.517339
    26 1.534180 0.000004 0.000000 -0.001689 0.150425 -0.007557
    27 0.923828 0.000000 0.000000 -0.000168 0.591517 -0.001706
    28 3.871094 -0.338867 1.439453 -1.480019 0.189903 -1.416936
    29 1.197266 0.000004 -0.000018 -0.127146 1.001777 -0.146524
    30 0.866211 -0.000002 -0.000003 0.009351 0.733784 0.001142
    31 4.582031 0.205322 -0.326172 -1.539698 0.007204 -1.420212
    32 1.709961 0.000006 -0.000003 -0.026879 1.095842 -0.020771
    33 0.998047 -0.000001 0.000001 -0.016608 0.557664 0.006715
    34 4.332031 0.048065 0.604980 -1.502394 0.106974 -1.508525
    35 1.571289 0.000007 -0.000001 -0.060351 1.044535 -0.069431
    36 1.039063 -0.000009 0.000001 -0.009609 0.637010 -0.018240
    37 1.188212 -1.062016 -1.188357 2.614942 0.533676 -0.654951
    38 1.984257 0.000003 0.000002 0.023862 0.067948 0.082314
    39 1.214575 -0.000004 0.000002 0.015903 -0.169156 -0.034169
    40 9.578125 -0.084412 -0.006870 -1.606853 -0.254477 -1.498648
    41 -0.871094 11.210938 -11.585938 0.000000 0.000000 -0.000001
    42 -2.093181 -7.091859 -4.481847 0.389292 0.034517 0.412851
    43 1.856292 -16.438864 -8.500406 0.389292 0.034517 0.412851
    44 0.000000 0.000000 0.000000 0.000000 0.000000 0.000000
    45 0.000000 0.000000 0.000000 0.000000 0.000000 0.000000
    46 0.000000 0.000000 0.000000 0.000000 0.000000 0.000000
    47 0.000000 0.000000 0.000000 -1.570796 0.000000 0.000000
    48 0.000000 0.000000 0.000000 -1.570796 0.000000 0.000000
    49 0.000000 0.000000 0.000000 -1.570796 0.000000 0.000000
    50 0.000000 0.000000 0.000000 1.570796 0.000000 0.000000
    51 0.000000 0.000000 0.000000 1.570796 0.000000 0.000000
    52 0.000000 0.000000 0.000000 1.570796 0.000000 0.000000
    53 0.000000 0.000000 0.000000 1.570796 0.000000 0.000000
    54 0.000000 0.000000 0.000000 1.570796 0.000000 0.000000
    55 0.000000 0.000000 0.000000 1.570796 0.000000 0.000000
    56 0.000000 0.000000 0.000000 1.570796 0.000000 0.000000
    57 0.000000 0.000000 0.000000 1.570796 0.000000 0.000000
    58 0.000000 0.000000 0.000000 1.570796 0.000000 0.000000
    59 0.000000 0.000000 0.000000 1.570796 0.000000 0.000000
    60 0.000000 0.000000 0.000000 1.570796 0.000000 0.000000
    61 0.000000 0.000000 0.000000 1.570796 0.000000 0.000000
    62 0.000000 0.000001 0.000000 0.000000 0.000000 0.000000
    63 0.000000 0.000000 0.000000 0.000000 0.000000 0.000000
    64 0.000000 0.000000 0.000000 -3.141593 0.000000 0.000000
    65 0.000000 0.000000 0.000000 -1.570796 0.000000 0.000000
    66 0.000000 0.000000 0.000000 -1.570796 0.000000 0.000000
    67 0.000000 0.000000 0.000000 -1.570796 0.000000 0.000000
    68 0.000000 0.000000 0.000000 1.570796 0.000000 0.000000
    69 0.000000 0.000000 0.000000 1.570796 0.000000 0.000000
    70 0.000000 0.000000 0.000000 1.570796 0.000000 0.000000
    71 0.000000 0.000000 0.000001 1.570796 0.000000 0.000000
    72 0.000000 0.000000 0.000000 1.570796 0.000000 0.000000
    73 0.000000 0.000000 0.000000 1.570796 0.000000 0.000000
    74 0.000000 0.000000 0.000000 1.570796 0.000000 0.000000
    75 0.000000 0.000000 0.000000 1.570796 0.000000 0.000000
    76 -0.000001 0.000000 0.000000 1.570796 0.000000 0.000000
    77 0.000000 0.000000 0.000000 1.570796 0.000000 0.000000
    78 0.000000 0.000000 0.000000 1.570796 0.000000 0.000000
    79 0.000000 0.000000 0.000000 1.570796 0.000000 0.000000
  time 11
    0 -3.119424 -4.454123 -3.534380 0.341520 -0.002164 0.374014
    1 7.195313 4.312500 -6.410156 -0.275968 0.424923 -1.104175
    2 0.000000 0.000000 0.000000 2.675502 0.341831 -0.280245
    3 10.859747 -0.000001 -0.000001 0.267004 0.008508 1.241983
    4 11.118949 -0.012917 -0.055607 -0.695560 -0.012243 -0.884832
    5 4.460938 0.096558 -1.193359 1.700635 -0.250355 0.126839
    6 1.534180 -0.000001 0.000000 0.009042 0.848532 0.011307
    7 0.923828 0.000000 0.000000 0.002695 1.027849 0.003260
    8 4.582031 -0.205322 -0.326172 1.346533 -0.259536 0.638898
    9 1.709961 -0.000008 0.000000 3.036021 1.434016 3.039811
    10 0.998047 0.000000 -0.000001 0.026837 -0.314590 -0.022355
    11 4.332031 -0.048065 0.604980 1.141283 -0.111227 1.109616
    12 1.571289 0.000003 0.000002 0.269056 1.478394 0.281975
    13 1.039063 0.000006 -0.000001 0.006016 -0.410155 0.011865
    14 3.871094 0.338867 1.439453 1.121923 0.266193 1.782702
    15 1.197266 -0.000007 -0.000016 0.081066 0.567625 0.082907
    16 0.866211 0.000000 -0.000002 -0.008129 -0.487940 -0.000955
    17 1.188218 1.062015 -1.188354 3.065424 0.476790 0.131883
    18 1.984254 -0.000001 0.000000 -0.026485 -0.204807 -0.084254
    19 1.217773 0.000006 0.000002 -0.020700 -0.169366 0.027834
    20 9.578125 0.084412 -0.006870 1.606992 0.268796 1.517345
    21 -1.511719 11.007813 -4.187500 1.244308 0.425693 -2.037295
    22 0.000000 0.000000 0.000000 2.821946 -0.387577 -0.208378
    23 10.859730 0.000013 -0.000005 -0.274716 0.008995 -1.774522
    24 11.118959 0.012915 -0.055609 -0.954757 -1.267883 1.074690
    25 4.460938 -0.096558 -1.193359 -1.692327 0.052480 -0.517339
    26 1.534180 0.000004 0.000000 -0.001689 0.150425 -0.007557
    27 0.923828 0.000000 0.000000 -0.000168 0.591517 -0.001706
    28 3.871094 -0.338867 1.439453 -1.480019 0.189903 -1.416936
    29 1.197266 0.000004 -0.000018 -0.127146 1.001777 -0.146524
    30 0.866211 -0.000002 -0.000003 0.009351 0.733784 0.001142
    31 4.582031 0.205322 -0.326172 -1.539698 0.007204 -1.420212
    32 1.709961 0.000006 -0.000003 -0.026879 1.095842 -0.020771
    33 0.998047 -0.000001 0.000001 -0.016608 0.557664 0.006715
    34 4.332031 0.048065 0.604980 -1.502394 0.106974 -1.508525
    35 1.571289 0.000007 -0.000001 -0.060351 1.044535 -0.069431
    36 1.039063 -0.000009 0.000001 -0.009609 0.637010 -0.018240
    37 1.188212 -1.062016 -1.188357 2.617028 0.522854 -0.648911
    38 1.984257 0.000003 0.000002 0.023071 0.010685 0.078658
    39 1.214575 -0.000004 0.000002 0.016047 -0.156940 -0.033737
    40 9.578125 -0.084412 -0.006870 -1.606853 -0.254477 -1.498648
    41 -0.871094 11.210938 -11.585938 0.000000 0.000000 -0.000001
    42 -2.073649 -7.134829 -4.349031 0.341520 -0.002164 0.374014
    43 1.711756 -16.739654 -7.883200 0.341520 -0.002164 0.374014
    44 0.000000 0.000000 0.000000 0.000000 0.000000 0.000000
    45 0.000000 0.000000 0.000000 0.000000 0.000000 0.000000
    46 0.000000 0.000000 0.000000 0.000000 0.000000 0.000000
    47 0.000000 0.000000 0.000000 -1.570796 0.000000 0.000000
    48 0.000000 0.000000 0.000000 -1.570796 0.000000 0.000000
    49 0.000000 0.000000 0.000000 -1.570796 0.000000 0.000000
    50 0.000000 0.000000 0.000000 1.570796 0.000000 0.000000
    51 0.000000 0.000000 0.000000 1.570796 0.000000 0.000000
    52 0.000000 0.000000 0.000000 1.570796 0.000000 0.000000
    53 0.000000 0.000000 0.000000 1.570796 0.000000 0.000000
    54 0.000000 0.000000 0.000000 1.570796 0.000000 0.000000
    55 0.000000 0.000000 0.000000 1.570796 0.000000 0.000000
    56 0.000000 0.000000 0.000000 1.570796 0.000000 0.000000
    57 0.000000 0.000000 0.000000 1.570796 0.000000 0.000000
    58 0.000000 0.000000 0.000000 1.570796 0.000000 0.000000
    59 0.000000 0.000000 0.000000 1.570796 0.000000 0.000000
    60 0.000000 0.000000 0.000000 1.570796 0.000000 0.000000
    61 0.000000 0.000000 0.000000 1.570796 0.000000 0.000000
    62 0.000000 0.000001 0.000000 0.000000 0.000000 0.000000
    63 0.000000 0.000000 0.000000 0.000000 0.000000 0.000000
    64 0.000000 0.000000 0.000000 -3.141593 0.000000 0.000000
    65 0.000000 0.000000 0.000000 -1.570796 0.000000 0.000000
    66 0.000000 0.000000 0.000000 -1.570796 0.000000 0.000000
    67 0.000000 0.000000 0.000000 -1.570796 0.000000 0.000000
    68 0.000000 0.000000 0.000000 1.570796 0.000000 0.000000
    69 0.000000 0.000000 0.000000 1.570796 0.000000 0.000000
    70 0.000000 0.000000 0.000000 1.570796 0.000000 0.000000
    71 0.000000 0.000000 0.000001 1.570796 0.000000 0.000000
    72 0.000000 0.000000 0.000000 1.570796 0.000000 0.000000
    73 0.000000 0.000000 0.000000 1.570796 0.000000 0.000000
    74 0.000000 0.000000 0.000000 1.570796 0.000000 0.000000
    75 0.000000 0.000000 0.000000 1.570796 0.000000 0.000000
    76 -0.000001 0.000000 0.000000 1.570796 0.000000 0.000000
    77 0.000000 0.000000 0.000000 1.570796 0.000000 0.000000
    78 0.000000 0.000000 0.000000 1.570796 0.000000 0.000000
    79 0.000000 0.000000 0.000000 1.570796 0.000000 0.000000
  time 12
    0 -3.041296 -4.383808 -3.550006 0.287523 -0.063984 0.327089
    1 7.195313 4.312500 -6.410156 -0.275968 0.424923 -1.104175
    2 0.000000 0.000000 0.000000 2.640702 0.313628 -0.315343
    3 10.859747 -0.000001 -0.000001 0.266536 0.008340 1.209447
    4 11.118949 -0.012917 -0.055607 -0.589687 -0.035588 -0.848746
    5 4.460938 0.096558 -1.193359 1.700635 -0.250355 0.126839
    6 1.534180 -0.000001 0.000000 0.009042 0.848532 0.011307
    7 0.923828 0.000000 0.000000 0.002695 1.027849 0.003260
    8 4.582031 -0.205322 -0.326172 1.346533 -0.259536 0.638898
    9 1.709961 -0.000008 0.000000 3.036021 1.434016 3.039811
    10 0.998047 0.000000 -0.000001 0.026837 -0.314590 -0.022355
    11 4.332031 -0.048065 0.604980 1.141283 -0.111227 1.109616
    12 1.571289 0.000003 0.000002 0.269056 1.478394 0.281975
    13 1.039063 0.000006 -0.000001 0.006016 -0.410155 0.011865
    14 3.871094 0.338867 1.439453 1.121923 0.266193 1.782702
    15 1.197266 -0.000007 -0.000016 0.081066 0.567625 0.082907
    16 0.866211 0.000000 -0.000002 -0.008129 -0.487940 -0.000955
    17 1.188218 1.062015 -1.188354 3.065672 0.467431 0.132602
    18 1.984254 -0.000001 0.000000 -0.026461 -0.195415 -0.084481
    19 1.217773 0.000006 0.000002 -0.020700 -0.169366 0.027834
    20 9.578125 0.084412 -0.006870 1.606992 0.268796 1.517345
    21 -1.511719 11.007813 -4.187500 1.244308 0.425693 -2.037295
    22 0.000000 0.000000 0.000000 2.831150 -0.384038 -0.241931
    23 10.859730 0.000013 -0.000005 -0.275171 0.008887 -1.807455
    24 11.118959 0.012915 -0.055609 -0.769224 -1.225846 0.964362
    25 4.460938 -0.096558 -1.193359 -1.692327 0.052480 -0.517339
    26 1.534180 0.000004 0.000000 -0.001689 0.150425 -0.007557
    27 0.923828 0.000000 0.000000 -0.000168 0.591517 -0.001706
    28 3.871094 -0.338867 1.439453 -1.480019 0.189903 -1.416936
    29 1.197266 0.000004 -0.000018 -0.127146 1.001777 -0.146524
    30 0.866211 -0.000002 -0.000003 0.009351 0.733784 0.001142
    31 4.582031 0.205322 -0.326172 -1.539698 0.007204 -1.420212
    32 1.709961 0.000006 -0.000003 -0.026879 1.095842 -0.020771
    33 0.998047 -0.000001 0.000001 -0.016608 0.557664 0.006715
    34 4.332031 0.048065 0.604980 -1.502394 0.106974 -1.508525
    35 1.571289 0.000007 -0.000001 -0.060351 1.044535 -0.069431
    36 1.039063 -0.000009 0.000001 -0.009609 0.637010 -0.018240
    37 1.188212 -1.062016 -1.188357 2.622624 0.493456 -0.632456
    38 1.984257 0.000003 0.000002 0.022364 -0.040664 0.075375
    39 1.214575 -0.000004 0.000002 0.016442 -0.123819 -0.032551
    40 9.578125 -0.084412 -0.006870 -1.606853 -0.254477 -1.498648
    41 -0.871094 11.210938 -11.585938 0.000000 0.000000 -0.000001
    42 -2.077555 -7.134829 -4.204495 0.287523 -0.063984 0.327089
    43 1.481280 -17.017006 -7.172241 0.287523 -0.063984 0.327089
    44 0.000000 0.000000 0.000000 0.000000 0.000000 0.000000
    45 0.000000 0.000000 0.000000 0.000000 0.000000 0.000000
    46 0.000000 0.000000 0.000000 0.000000 0.000000 0.000000
    47 0.000000 0.000000 0.000000 -1.570796 0.000000 0.000000
    48 0.000000 0.000000 0.000000 -1.570796 0.000000 0.000000
    49 0.000000 0.000000 0.000000 -1.570796 0.000000 0.000000
    50 0.000000 0.000000 0.000000 1.570796 0.000000 0.000000
    51 0.000000 0.000000 0.000000 1.570796 0.000000 0.000000
    52 0.000000 0.000000 0.000000 1.570796 0.000000 0.000000
    53 0.000000 0.000000 0.000000 1.570796 0.000000 0.000000
    54 0.000000 0.000000 0.000000 1.570796 0.000000 0.000000
    55 0.000000 0.000000 0.000000 1.570796 0.000000 0.000000
    56 0.000000 0.000000 0.000000 1.570796 0.000000 0.000000
    57 0.000000 0.000000 0.000000 1.570796 0.000000 0.000000
    58 0.000000 0.000000 0.000000 1.570796 0.000000 0.000000
    59 0.000000 0.000000 0.000000 1.570796 0.000000 0.000000
    60 0.000000 0.000000 0.000000 1.570796 0.000000 0.000000
    61 0.000000 0.000000 0.000000 1.570796 0.000000 0.000000
    62 0.000000 0.000001 0.000000 0.000000 0.000000 0.000000
    63 0.000000 0.000000 0.000000 0.000000 0.000000 0.000000
    64 0.000000 0.000000 0.000000 -3.141593 0.000000 0.000000
    65 0.000000 0.000000 0.000000 -1.570796 0.000000 0.000000
    66 0.000000 0.000000 0.000000 -1.570796 0.000000 0.000000
    67 0.000000 0.000000 0.000000 -1.570796 0.000000 0.000000
    68 0.000000 0.000000 0.000000 1.570796 0.000000 0.000000
    69 0.000000 0.000000 0.000000 1.570796 0.000000 0.000000
    70 0.000000 0.000000 0.000000 1.570796 0.000000 0.000000
    71 0.000000 0.000000 0.000001 1.570796 0.000000 0.000000
    72 0.000000 0.000000 0.000000 1.570796 0.000000 0.000000
    73 0.000000 0.000000 0.000000 1.570796 0.000000 0.000000
    74 0.000000 0.000000 0.000000 1.570796 0.000000 0.000000
    75 0.000000 0.000000 0.000000 1.570796 0.000000 0.000000
    76 -0.000001 0.000000 0.000000 1.570796 0.000000 0.000000
    77 0.000000 0.000000 0.000000 1.570796 0.000000 0.000000
    78 0.000000 0.000000 0.000000 1.570796 0.000000 0.000000
    79 0.000000 0.000000 0.000000 1.570796 0.000000 0.000000
  time 13
    0 -2.970982 -4.290055 -3.573444 0.233180 -0.131728 0.278058
    1 7.195313 4.312500 -6.410156 -0.275968 0.424923 -1.104175
    2 0.000000 0.000000 0.000000 2.605080 0.285314 -0.358071
    3 10.859747 -0.000001 -0.000001 0.266021 0.008124 1.170347
    4 11.118949 -0.012917 -0.055607 -0.477981 -0.060964 -0.810809
    5 4.460938 0.096558 -1.193359 1.700635 -0.250355 0.126839
    6 1.534180 -0.000001 0.000000 0.009042 0.848532 0.011307
    7 0.923828 0.000000 0.000000 0.002695 1.027849 0.003260
    8 4.582031 -0.205322 -0.326172 1.346533 -0.259536 0.638898
    9 1.709961 -0.000008 0.000000 3.036021 1.434016 3.039811
    10 0.998047 0.000000 -0.000001 0.026837 -0.314590 -0.022355
    11 4.332031 -0.048065 0.604980 1.141283 -0.111227 1.109616
    12 1.571289 0.000003 0.000002 0.269056 1.478394 0.281975
    13 1.039063 0.000006 -0.000001 0.006016 -0.410155 0.011865
    14 3.871094 0.338867 1.439453 1.121923 0.266193 1.782702
    15 1.197266 -0.000007 -0.000016 0.081066 0.567625 0.082907
    16 0.866211 0.000000 -0.000002 -0.008129 -0.487940 -0.000955
    17 1.188218 1.062015 -1.188354 3.066055 0.452953 0.133716
    18 1.984254 -0.000001 0.000000 -0.026425 -0.180927 -0.084877
    19 1.217773 0.000006 0.000002 -0.020700 -0.169366 0.027834
    20 9.578125 0.084412 -0.006870 1.606992 0.268796 1.517345
    21 -1.511719 11.007813 -4.187500 1.244308 0.425693 -2.037295
    22 0.000000 0.000000 0.000000 2.839359 -0.379127 -0.278751
    23 10.859730 0.000013 -0.000005 -0.275711 0.008743 -1.844816
    24 11.118959 0.012915 -0.055609 -0.612320 -1.171287 0.889884
    25 4.460938 -0.096558 -1.193359 -1.692327 0.052480 -0.517339
    26 1.534180 0.000004 0.000000 -0.001689 0.150425 -0.007557
    27 0.923828 0.000000 0.000000 -0.000168 0.591517 -0.001706
    28 3.871094 -0.338867 1.439453 -1.480019 0.189903 -1.416936
    29 1.197266 0.000004 -0.000018 -0.127146 1.001777 -0.146524
    30 0.866211 -0.000002 -0.000003 0.009351 0.733784 0.001142
    31 4.582031 0.205322 -0.326172 -1.539698 0.007204 -1.420212
    32 1.709961 0.000006 -0.000003 -0.026879 1.095842 -0.020771
    33 0.998047 -0.000001 0.000001 -0.016608 0.557664 0.006715
    34 4.332031 0.048065 0.604980 -1.502394 0.106974 -1.508525
    35 1.571289 0.000007 -0.000001 -0.060351 1.044535 -0.069431
    36 1.039063 -0.000009 0.000001 -0.009609 0.637010 -0.018240
    37 1.188212 -1.062016 -1.188357 2.630918 0.450143 -0.608223
    38 1.984257 0.000003 0.000002 0.021801 -0.082219 0.072726
    39 1.214575 -0.000004 0.000002 0.017029 -0.074969 -0.030825
    40 9.578125 -0.084412 -0.006870 -1.606853 -0.254477 -1.498648
    41 -0.871094 11.210938 -11.585938 0.000000 0.000000 -0.000001
    42 -2.104900 -7.107485 -4.063866 0.233180 -0.131728 0.278058
    43 1.125801 -17.259201 -6.445656 0.233180 -0.131728 0.278058
    44 0.000000 0.000000 0.000000 0.000000 0.000000 0.000000
    45 0.000000 0.000000 0.000000 0.000000 0.000000 0.000000
    46 0.000000 0.000000 0.000000 0.000000 0.000000 0.000000
    47 0.000000 0.000000 0.000000 -1.570796 0.000000 0.000000
    48 0.000000 0.000000 0.000000 -1.570796 0.000000 0.000000
    49 0.000000 0.000000 0.000000 -1.570796 0.000000 0.000000
    50 0.000000 0.000000 0.000000 1.570796 0.000000 0.000000
    51 0.000000 0.000000 0.000000 1.570796 0.000000 0.000000
    52 0.000000 0.000000 0.000000 1.570796 0.000000 0.000000
    53 0.000000 0.000000 0.000000 1.570796 0.000000 0.000000
    54 0.000000 0.000000 0.000000 1.570796 0.000000 0.000000
    55 0.000000 0.000000 0.000000 1.570796 0.000000 0.000000
    56 0.000000 0.000000 0.000000 1.570796 0.000000 0.000000
    57 0.000000 0.000000 0.000000 1.570796 0.000000 0.000000
    58 0.000000 0.000000 0.000000 1.570796 0.000000 0.000000
    59 0.000000 0.000000 0.000000 1.570796 0.000000 0.000000
    60 0.000000 0.000000 0.000000 1.570796 0.000000 0.000000
    61 0.000000 0.000000 0.000000 1.570796 0.000000 0.000000
    62 0.000000 0.000001 0.000000 0.000000 0.000000 0.000000
    63 0.000000 0.000000 0.000000 0.000000 0.000000 0.000000
    64 0.000000 0.000000 0.000000 -3.141593 0.000000 0.000000
    65 0.000000 0.000000 0.000000 -1.570796 0.000000 0.000000
    66 0.000000 0.000000 0.000000 -1.570796 0.000000 0.000000
    67 0.000000 0.000000 0.000000 -1.570796 0.000000 0.000000
    68 0.000000 0.000000 0.000000 1.570796 0.000000 0.000000
    69 0.000000 0.000000 0.000000 1.570796 0.000000 0.000000
    70 0.000000 0.000000 0.000000 1.570796 0.000000 0.000000
    71 0.000000 0.000000 0.000001 1.570796 0.000000 0.000000
    72 0.000000 0.000000 0.000000 1.570796 0.000000 0.000000
    73 0.000000 0.000000 0.000000 1.570796 0.000000 0.000000
    74 0.000000 0.000000 0.000000 1.570796 0.000000 0.000000
    75 0.000000 0.000000 0.000000 1.570796 0.000000 0.000000
    76 -0.000001 0.000000 0.000000 1.570796 0.000000 0.000000
    77 0.000000 0.000000 0.000000 1.570796 0.000000 0.000000
    78 0.000000 0.000000 0.000000 1.570796 0.000000 0.000000
    79 0.000000 0.000000 0.000000 1.570796 0.000000 0.000000
  time 14
    0 -2.908480 -4.184583 -3.596882 0.184568 -0.186370 0.232650
    1 7.195313 4.312500 -6.410156 -0.275968 0.424923 -1.104175
    2 0.000000 0.000000 0.000000 2.573910 0.260338 -0.404505
    3 10.859747 -0.000001 -0.000001 0.265434 0.007860 1.126458
    4 11.118949 -0.012917 -0.055607 -0.385319 -0.082035 -0.770114
    5 4.460938 0.096558 -1.193359 1.700635 -0.250355 0.126839
    6 1.534180 -0.000001 0.000000 0.009042 0.848532 0.011307
    7 0.923828 0.000000 0.000000 0.002695 1.027849 0.003260
    8 4.582031 -0.205322 -0.326172 1.346533 -0.259536 0.638898
    9 1.709961 -0.000008 0.000000 3.036021 1.434016 3.039811
    10 0.998047 0.000000 -0.000001 0.026837 -0.314590 -0.022355
    11 4.332031 -0.048065 0.604980 1.141283 -0.111227 1.109616
    12 1.571289 0.000003 0.000002 0.269056 1.478394 0.281975
    13 1.039063 0.000006 -0.000001 0.006016 -0.410155 0.011865
    14 3.871094 0.338867 1.439453 1.121923 0.266193 1.782702
    15 1.197266 -0.000007 -0.000016 0.081066 0.567625 0.082907
    16 0.866211 0.000000 -0.000002 -0.008129 -0.487940 -0.000955
    17 1.188218 1.062015 -1.188354 3.066572 0.434305 0.135154
    18 1.984254 -0.000001 0.000000 -0.026389 -0.162239 -0.085356
    19 1.217773 0.000006 0.000002 -0.020700 -0.169366 0.027834
    20 9.578125 0.084412 -0.006870 1.606992 0.268796 1.517345
    21 -1.511719 11.007813 -4.187500 1.244308 0.425693 -2.037295
    22 0.000000 0.000000 0.000000 2.843542 -0.373758 -0.312124
    23 10.859730 0.000013 -0.000005 -0.276214 0.008575 -1.881618
    24 11.118959 0.012915 -0.055609 -0.510153 -1.109599 0.861692
    25 4.460938 -0.096558 -1.193359 -1.692327 0.052480 -0.517339
    26 1.534180 0.000004 0.000000 -0.001689 0.150425 -0.007557
    27 0.923828 0.000000 0.000000 -0.000168 0.591517 -0.001706
    28 3.871094 -0.338867 1.439453 -1.480019 0.189903 -1.416936
    29 1.197266 0.000004 -0.000018 -0.127146 1.001777 -0.146524
    30 0.866211 -0.000002 -0.000003 0.009351 0.733784 0.001142
    31 4.582031 0.205322 -0.326172 -1.539698 0.007204 -1.420212
    32 1.709961 0.000006 -0.000003 -0.026879 1.095842 -0.020771
    33 0.998047 -0.000001 0.000001 -0.016608 0.557664 0.006715
    34 4.332031 0.048065 0.604980 -1.502394 0.106974 -1.508525
    35 1.571289 0.000007 -0.000001 -0.060351 1.044535 -0.069431
    36 1.039063 -0.000009 0.000001 -0.009609 0.637010 -0.018240
    37 1.188212 -1.062016 -1.188357 2.640961 0.397579 -0.578777
    38 1.984257 0.000003 0.000002 0.021417 -0.110020 0.070952
    39 1.214575 -0.000004 0.000002 0.017748 -0.015660 -0.028740
    40 9.578125 -0.084412 -0.006870 -1.606853 -0.254477 -1.498648
    41 -0.871094 11.210938 -11.585938 0.000000 0.000000 -0.000001
    42 -2.163495 -7.064515 -3.950581 0.184568 -0.186370 0.232650
    43 0.660943 -17.442800 -5.793292 0.184568 -0.186370 0.232650
    44 0.000000 0.000000 0.000000 0.000000 0.000000 0.000000
    45 0.000000 0.000000 0.000000 0.000000 0.000000 0.000000
    46 0.000000 0.000000 0.000000 0.000000 0.000000 0.000000
    47 0.000000 0.000000 0.000000 -1.570796 0.000000 0.000000
    48 0.000000 0.000000 0.000000 -1.570796 0.000000 0.000000
    49 0.000000 0.000000 0.000000 -1.570796 0.000000 0.000000
    50 0.000000 0.000000 0.000000 1.570796 0.000000 0.000000
    51 0.000000 0.000000 0.000000 1.570796 0.000000 0.000000
    52 0.000000 0.000000 0.000000 1.570796 0.000000 0.000000
    53 0.000000 0.000000 0.000000 1.570796 0.000000 0.000000
    54 0.000000 0.000000 0.000000 1.570796 0.000000 0.000000
    55 0.000000 0.000000 0.000000 1.570796 0.000000 0.000000
    56 0.000000 0.000000 0.000000 1.570796 0.000000 0.000000
    57 0.000000 0.000000 0.000000 1.570796 0.000000 0.000000
    58 0.000000 0.000000 0.000000 1.570796 0.000000 0.000000
    59 0.000000 0.000000 0.000000 1.570796 0.000000 0.000000
    60 0.000000 0.000000 0.000000 1.570796 0.000000 0.000000
    61 0.000000 0.000000 0.000000 1.570796 0.000000 0.000000
    62 0.000000 0.000001 0.000000 0.000000 0.000000 0.000000
    63 0.000000 0.000000 0.000000 0.000000 0.000000 0.000000
    64 0.000000 0.000000 0.000000 -3.141593 0.000000 0.000000
    65 0.000000 0.000000 0.000000 -1.570796 0.000000 0.000000
    66 0.000000 0.000000 0.000000 -1.570796 0.000000 0.000000
    67 0.000000 0.000000 0.000000 -1.570796 0.000000 0.000000
    68 0.000000 0.000000 0.000000 1.570796 0.000000 0.000000
    69 0.000000 0.000000 0.000000 1.570796 0.000000 0.000000
    70 0.000000 0.000000 0.000000 1.570796 0.000000 0.000000
    71 0.000000 0.000000 0.000001 1.570796 0.000000 0.000000
    72 0.000000 0.000000 0.000000 1.570796 0.000000 0.000000
    73 0.000000 0.000000 0.000000 1.570796 0.000000 0.000000
    74 0.000000 0.000000 0.000000 1.570796 0.000000 0.000000
    75 0.000000 0.000000 0.000000 1.570796 0.000000 0.000000
    76 -0.000001 0.000000 0.000000 1.570796 0.000000 0.000000
    77 0.000000 0.000000 0.000000 1.570796 0.000000 0.000000
    78 0.000000 0.000000 0.000000 1.570796 0.000000 0.000000
    79 0.000000 0.000000 0.000000 1.570796 0.000000 0.000000
  time 15
    0 -2.845978 -4.094737 -3.628133 0.147615 -0.208812 0.196761
    1 7.195313 4.312500 -6.410156 -0.275968 0.424923 -1.104175
    2 0.000000 0.000000 0.000000 2.553195 0.242656 -0.445108
    3 10.859747 -0.000001 -0.000001 0.264882 0.007597 1.085551
    4 11.118949 -0.012917 -0.055607 -0.336340 -0.093148 -0.727755
    5 4.460938 0.096558 -1.193359 1.700635 -0.250355 0.126839
    6 1.534180 -0.000001 0.000000 0.009042 0.848532 0.011307
    7 0.923828 0.000000 0.000000 0.002695 1.027849 0.003260
    8 4.582031 -0.205322 -0.326172 1.346533 -0.259536 0.638898
    9 1.709961 -0.000008 0.000000 3.036021 1.434016 3.039811
    10 0.998047 0.000000 -0.000001 0.026837 -0.314590 -0.022355
    11 4.332031 -0.048065 0.604980 1.141283 -0.111227 1.109616
    12 1.571289 0.000003 0.000002 0.269056 1.478394 0.281975
    13 1.039063 0.000006 -0.000001 0.006016 -0.410155 0.011865
    14 3.871094 0.338867 1.439453 1.121923 0.266193 1.782702
    15 1.197266 -0.000007 -0.000016 0.081066 0.567625 0.082907
    16 0.866211 0.000000 -0.000002 -0.008129 -0.487940 -0.000955
    17 1.188218 1.062015 -1.188354 3.067127 0.412409 0.136856
    18 1.984254 -0.000001 0.000000 -0.026353 -0.140275 -0.085931
    19 1.217773 0.000006 0.000002 -0.020700 -0.169366 0.027834
    20 9.578125 0.084412 -0.006870 1.606992 0.268796 1.517345
    21 -1.511719 11.007813 -4.187500 1.244308 0.425693 -2.037295
    22 0.000000 0.000000 0.000000 2.842595 -0.369788 -0.335395
    23 10.859730 0.000013 -0.000005 -0.276645 0.008432 -1.912401
    24 11.118959 0.012915 -0.055609 -0.474670 -1.052011 0.874161
    25 4.460938 -0.096558 -1.193359 -1.692327 0.052480 -0.517339
    26 1.534180 0.000004 0.000000 -0.001689 0.150425 -0.007557
    27 0.923828 0.000000 0.000000 -0.000168 0.591517 -0.001706
    28 3.871094 -0.338867 1.439453 -1.480019 0.189903 -1.416936
    29 1.197266 0.000004 -0.000018 -0.127146 1.001777 -0.146524
    30 0.866211 -0.000002 -0.000003 0.009351 0.733784 0.001142
    31 4.582031 0.205322 -0.326172 -1.539698 0.007204 -1.420212
    32 1.709961 0.000006 -0.000003 -0.026879 1.095842 -0.020771
    33 0.998047 -0.000001 0.000001 -0.016608 0.557664 0.006715
    34 4.332031 0.048065 0.604980 -1.502394 0.106974 -1.508525
    35 1.571289 0.000007 -0.000001 -0.060351 1.044535 -0.069431
    36 1.039063 -0.000009 0.000001 -0.009609 0.637010 -0.018240
    37 1.188212 -1.062016 -1.188357 2.651891 0.340340 -0.546742
    38 1.984257 0.000003 0.000002 0.021274 -0.120186 0.070305
    39 1.214575 -0.000004 0.000002 0.018527 0.048865 -0.026463
    40 9.578125 -0.084412 -0.006870 -1.606853 -0.254477 -1.498648
    41 -0.871094 11.210938 -11.585938 0.000000 0.000000 -0.000001
    42 -2.218184 -7.009826 -3.876360 0.147615 -0.208812 0.196761
    43 0.199991 -17.556085 -5.320622 0.147615 -0.208812 0.196761
    44 0.000000 0.000000 0.000000 0.000000 0.000000 0.000000
    45 0.000000 0.000000 0.000000 0.000000 0.000000 0.000000
    46 0.000000 0.000000 0.000000 0.000000 0.000000 0.000000
    47 0.000000 0.000000 0.000000 -1.570796 0.000000 0.000000
    48 0.000000 0.000000 0.000000 -1.570796 0.000000 0.000000
    49 0.000000 0.000000 0.000000 -1.570796 0.000000 0.000000
    50 0.000000 0.000000 0.000000 1.570796 0.000000 0.000000
    51 0.000000 0.000000 0.000000 1.570796 0.000000 0.000000
    52 0.000000 0.000000 0.000000 1.570796 0.000000 0.000000
    53 0.000000 0.000000 0.000000 1.570796 0.000000 0.000000
    54 0.000000 0.000000 0.000000 1.570796 0.000000 0.000000
    55 0.000000 0.000000 0.000000 1.570796 0.000000 0.000000
    56 0.000000 0.000000 0.000000 1.570796 0.000000 0.000000
    57 0.000000 0.000000 0.000000 1.570796 0.000000 0.000000
    58 0.000000 0.000000 0.000000 1.570796 0.000000 0.000000
    59 0.000000 0.000000 0.000000 1.570796 0.000000 0.000000
    60 0.000000 0.000000 0.000000 1.570796 0.000000 0.000000
    61 0.000000 0.000000 0.000000 1.570796 0.000000 0.000000
    62 0.000000 0.000001 0.000000 0.000000 0.000000 0.000000
    63 0.000000 0.000000 0.000000 0.000000 0.000000 0.000000
    64 0.000000 0.000000 0.000000 -3.141593 0.000000 0.000000
    65 0.000000 0.000000 0.000000 -1.570796 0.000000 0.000000
    66 0.000000 0.000000 0.000000 -1.570796 0.000000 0.000000
    67 0.000000 0.000000 0.000000 -1.570796 0.000000 0.000000
    68 0.000000 0.000000 0.000000 1.570796 0.000000 0.000000
    69 0.000000 0.000000 0.000000 1.570796 0.000000 0.000000
    70 0.000000 0.000000 0.000000 1.570796 0.000000 0.000000
    71 0.000000 0.000000 0.000001 1.570796 0.000000 0.000000
    72 0.000000 0.000000 0.000000 1.570796 0.000000 0.000000
    73 0.000000 0.000000 0.000000 1.570796 0.000000 0.000000
    74 0.000000 0.000000 0.000000 1.570796 0.000000 0.000000
    75 0.000000 0.000000 0.000000 1.570796 0.000000 0.000000
    76 -0.000001 0.000000 0.000000 1.570796 0.000000 0.000000
    77 0.000000 0.000000 0.000000 1.570796 0.000000 0.000000
    78 0.000000 0.000000 0.000000 1.570796 0.000000 0.000000
    79 0.000000 0.000000 0.000000 1.570796 0.000000 0.000000
  time 16
    0 -2.791289 -4.012703 -3.675010 0.121382 -0.203344 0.169381
    1 7.195313 4.312500 -6.410156 -0.275968 0.424923 -1.104175
    2 0.000000 0.000000 0.000000 2.541675 0.232422 -0.476173
    3 10.859747 -0.000001 -0.000001 0.264475 0.007357 1.052857
    4 11.118949 -0.012917 -0.055607 -0.324973 -0.095458 -0.686493
    5 4.460938 0.096558 -1.193359 1.700635 -0.250355 0.126839
    6 1.534180 -0.000001 0.000000 0.009042 0.848532 0.011307
    7 0.923828 0.000000 0.000000 0.002695 1.027849 0.003260
    8 4.582031 -0.205322 -0.326172 1.346533 -0.259536 0.638898
    9 1.709961 -0.000008 0.000000 3.036021 1.434016 3.039811
    10 0.998047 0.000000 -0.000001 0.026837 -0.314590 -0.022355
    11 4.332031 -0.048065 0.604980 1.141283 -0.111227 1.109616
    12 1.571289 0.000003 0.000002 0.269056 1.478394 0.281975
    13 1.039063 0.000006 -0.000001 0.006016 -0.410155 0.011865
    14 3.871094 0.338867 1.439453 1.121923 0.266193 1.782702
    15 1.197266 -0.000007 -0.000016 0.081066 0.567625 0.082907
    16 0.866211 0.000000 -0.000002 -0.008129 -0.487940 -0.000955
    17 1.188218 1.062015 -1.188354 3.067778 0.388200 0.138738
    18 1.984254 -0.000001 0.000000 -0.026305 -0.116012 -0.086579
    19 1.217773 0.000006 0.000002 -0.020700 -0.169366 0.027834
    20 9.578125 0.084412 -0.006870 1.606992 0.268796 1.517345
    21 -1.511719 11.007813 -4.187500 1.244308 0.425693 -2.037295
    22 0.000000 0.000000 0.000000 2.838820 -0.367151 -0.350478
    23 10.859730 0.000013 -0.000005 -0.276993 0.008324 -1.937165
    24 11.118959 0.012915 -0.055609 -0.484750 -1.002808 0.907707
    25 4.460938 -0.096558 -1.193359 -1.692327 0.052480 -0.517339
    26 1.534180 0.000004 0.000000 -0.001689 0.150425 -0.007557
    27 0.923828 0.000000 0.000000 -0.000168 0.591517 -0.001706
    28 3.871094 -0.338867 1.439453 -1.480019 0.189903 -1.416936
    29 1.197266 0.000004 -0.000018 -0.127146 1.001777 -0.146524
    30 0.866211 -0.000002 -0.000003 0.009351 0.733784 0.001142
    31 4.582031 0.205322 -0.326172 -1.539698 0.007204 -1.420212
    32 1.709961 0.000006 -0.000003 -0.026879 1.095842 -0.020771
    33 0.998047 -0.000001 0.000001 -0.016608 0.557664 0.006715
    34 4.332031 0.048065 0.604980 -1.502394 0.106974 -1.508525
    35 1.571289 0.000007 -0.000001 -0.060351 1.044535 -0.069431
    36 1.039063 -0.000009 0.000001 -0.009609 0.637010 -0.018240
    37 1.188212 -1.062016 -1.188357 2.662833 0.283126 -0.514707
    38 1.984257 0.000003 0.000002 0.021897 -0.074897 0.073193
    39 1.214575 -0.000004 0.000002 0.019306 0.113404 -0.024186
    40 9.578125 -0.084412 -0.006870 -1.606853 -0.254477 -1.498648
    41 -0.871094 11.210938 -11.585938 0.000000 0.000000 -0.000001
    42 -2.257248 -6.951230 -3.845109 0.121382 -0.203344 0.169381
    43 -0.182833 -17.602962 -5.015925 0.121382 -0.203344 0.169381
    44 0.000000 0.000000 0.000000 0.000000 0.000000 0.000000
    45 0.000000 0.000000 0.000000 0.000000 0.000000 0.000000
    46 0.000000 0.000000 0.000000 0.000000 0.000000 0.000000
    47 0.000000 0.000000 0.000000 -1.570796 0.000000 0.000000
    48 0.000000 0.000000 0.000000 -1.570796 0.000000 0.000000
    49 0.000000 0.000000 0.000000 -1.570796 0.000000 0.000000
    50 0.000000 0.000000 0.000000 1.570796 0.000000 0.000000
    51 0.000000 0.000000 0.000000 1.570796 0.000000 0.000000
    52 0.000000 0.000000 0.000000 1.570796 0.000000 0.000000
    53 0.000000 0.000000 0.000000 1.570796 0.000000 0.000000
    54 0.000000 0.000000 0.000000 1.570796 0.000000 0.000000
    55 0.000000 0.000000 0.000000 1.570796 0.000000 0.000000
    56 0.000000 0.000000 0.000000 1.570796 0.000000 0.000000
    57 0.000000 0.000000 0.000000 1.570796 0.000000 0.000000
    58 0.000000 0.000000 0.000000 1.570796 0.000000 0.000000
    59 0.000000 0.000000 0.000000 1.570796 0.000000 0.000000
    60 0.000000 0.000000 0.000000 1.570796 0.000000 0.000000
    61 0.000000 0.000000 0.000000 1.570796 0.000000 0.000000
    62 0.000000 0.000001 0.000000 0.000000 0.000000 0.000000
    63 0.000000 0.000000 0.000000 0.000000 0.000000 0.000000
    64 0.000000 0.000000 0.000000 -3.141593 0.000000 0.000000
    65 0.000000 0.000000 0.000000 -1.570796 0.000000 0.000000
    66 0.000000 0.000000 0.000000 -1.570796 0.000000 0.000000
    67 0.000000 0.000000 0.000000 -1.570796 0.000000 0.000000
    68 0.000000 0.000000 0.000000 1.570796 0.000000 0.000000
    69 0.000000 0.000000 0.000000 1.570796 0.000000 0.000000
    70 0.000000 0.000000 0.000000 1.570796 0.000000 0.000000
    71 0.000000 0.000000 0.000001 1.570796 0.000000 0.000000
    72 0.000000 0.000000 0.000000 1.570796 0.000000 0.000000
    73 0.000000 0.000000 0.000000 1.570796 0.000000 0.000000
    74 0.000000 0.000000 0.000000 1.570796 0.000000 0.000000
    75 0.000000 0.000000 0.000000 1.570796 0.000000 0.000000
    76 -0.000001 0.000000 0.000000 1.570796 0.000000 0.000000
    77 0.000000 0.000000 0.000000 1.570796 0.000000 0.000000
    78 0.000000 0.000000 0.000000 1.570796 0.000000 0.000000
    79 0.000000 0.000000 0.000000 1.570796 0.000000 0.000000
  time 17
    0 -2.732693 -3.926763 -3.733605 0.100386 -0.188725 0.145708
    1 7.195313 4.312500 -6.410156 -0.275968 0.424923 -1.104175
    2 0.000000 0.000000 0.000000 2.534512 0.226388 -0.501025
    3 10.859747 -0.000001 -0.000001 0.264139 0.007165 1.027012
    4 11.118949 -0.012917 -0.055607 -0.327234 -0.094688 -0.648556
    5 4.460938 0.096558 -1.193359 1.700635 -0.250355 0.126839
    6 1.534180 -0.000001 0.000000 0.009042 0.848532 0.011307
    7 0.923828 0.000000 0.000000 0.002695 1.027849 0.003260
    8 4.582031 -0.205322 -0.326172 1.346533 -0.259536 0.638898
    9 1.709961 -0.000008 0.000000 3.036021 1.434016 3.039811
    10 0.998047 0.000000 -0.000001 0.026837 -0.314590 -0.022355
    11 4.332031 -0.048065 0.604980 1.141283 -0.111227 1.109616
    12 1.571289 0.000003 0.000002 0.269056 1.478394 0.281975
    13 1.039063 0.000006 -0.000001 0.006016 -0.410155 0.011865
    14 3.871094 0.338867 1.439453 1.121923 0.266193 1.782702
    15 1.197266 -0.000007 -0.000016 0.081066 0.567625 0.082907
    16 0.866211 0.000000 -0.000002 -0.008129 -0.487940 -0.000955
    17 1.188218 1.062015 -1.188354 3.068468 0.362589 0.140703
    18 1.984254 -0.000001 0.000000 -0.026257 -0.090359 -0.087250
    19 1.217773 0.000006 0.000002 -0.020700 -0.169366 0.027834
    20 9.578125 0.084412 -0.006870 1.606992 0.268796 1.517345
    21 -1.511719 11.007813 -4.187500 1.244308 0.425693 -2.037295
    22 0.000000 0.000000 0.000000 2.833703 -0.365469 -0.362970
    23 10.859730 0.000013 -0.000005 -0.277305 0.008204 -1.959693
    24 11.118959 0.012915 -0.055609 -0.505869 -0.958223 0.943557
    25 4.460938 -0.096558 -1.193359 -1.692327 0.052480 -0.517339
    26 1.534180 0.000004 0.000000 -0.001689 0.150425 -0.007557
    27 0.923828 0.000000 0.000000 -0.000168 0.591517 -0.001706
    28 3.871094 -0.338867 1.439453 -1.480019 0.189903 -1.416936
    29 1.197266 0.000004 -0.000018 -0.127146 1.001777 -0.146524
    30 0.866211 -0.000002 -0.000003 0.009351 0.733784 0.001142
    31 4.582031 0.205322 -0.326172 -1.539698 0.007204 -1.420212
    32 1.709961 0.000006 -0.000003 -0.026879 1.095842 -0.020771
    33 0.998047 -0.000001 0.000001 -0.016608 0.557664 0.006715
    34 4.332031 0.048065 0.604980 -1.502394 0.106974 -1.508525
    35 1.571289 0.000007 -0.000001 -0.060351 1.044535 -0.069431
    36 1.039063 -0.000009 0.000001 -0.009609 0.637010 -0.018240
    37 1.188212 -1.062016 -1.188357 2.672876 0.230538 -0.485285
    38 1.984257 0.000003 0.000002 0.023395 0.033117 0.080085
    39 1.214575 -0.000004 0.000002 0.020025 0.172713 -0.022088
    40 9.578125 -0.084412 -0.006870 -1.606853 -0.254477 -1.498648
    41 -0.871094 11.210938 -11.585938 0.000000 0.000000 -0.000001
    42 -2.288499 -6.884822 -3.837296 0.100386 -0.188725 0.145708
    43 -0.526593 -17.610774 -4.789355 0.100386 -0.188725 0.145708
    44 0.000000 0.000000 0.000000 0.000000 0.000000 0.000000
    45 0.000000 0.000000 0.000000 0.000000 0.000000 0.000000
    46 0.000000 0.000000 0.000000 0.000000 0.000000 0.000000
    47 0.000000 0.000000 0.000000 -1.570796 0.000000 0.000000
    48 0.000000 0.000000 0.000000 -1.570796 0.000000 0.000000
    49 0.000000 0.000000 0.000000 -1.570796 0.000000 0.000000
    50 0.000000 0.000000 0.000000 1.570796 0.000000 0.000000
    51 0.000000 0.000000 0.000000 1.570796 0.000000 0.000000
    52 0.000000 0.000000 0.000000 1.570796 0.000000 0.000000
    53 0.000000 0.000000 0.000000 1.570796 0.000000 0.000000
    54 0.000000 0.000000 0.000000 1.570796 0.000000 0.000000
    55 0.000000 0.000000 0.000000 1.570796 0.000000 0.000000
    56 0.000000 0.000000 0.000000 1.570796 0.000000 0.000000
    57 0.000000 0.000000 0.000000 1.570796 0.000000 0.000000
    58 0.000000 0.000000 0.000000 1.570796 0.000000 0.000000
    59 0.000000 0.000000 0.000000 1.570796 0.000000 0.000000
    60 0.000000 0.000000 0.000000 1.570796 0.000000 0.000000
    61 0.000000 0.000000 0.000000 1.570796 0.000000 0.000000
    62 0.000000 0.000001 0.000000 0.000000 0.000000 0.000000
    63 0.000000 0.000000 0.000000 0.000000 0.000000 0.000000
    64 0.000000 0.000000 0.000000 -3.141593 0.000000 0.000000
    65 0.000000 0.000000 0.000000 -1.570796 0.000000 0.000000
    66 0.000000 0.000000 0.000000 -1.570796 0.000000 0.000000
    67 0.000000 0.000000 0.000000 -1.570796 0.000000 0.000000
    68 0.000000 0.000000 0.000000 1.570796 0.000000 0.000000
    69 0.000000 0.000000 0.000000 1.570796 0.000000 0.000000
    70 0.000000 0.000000 0.000000 1.570796 0.000000 0.000000
    71 0.000000 0.000000 0.000001 1.570796 0.000000 0.000000
    72 0.000000 0.000000 0.000000 1.570796 0.000000 0.000000
    73 0.000000 0.000000 0.000000 1.570796 0.000000 0.000000
    74 0.000000 0.000000 0.000000 1.570796 0.000000 0.000000
    75 0.000000 0.000000 0.000000 1.570796 0.000000 0.000000
    76 -0.000001 0.000000 0.000000 1.570796 0.000000 0.000000
    77 0.000000 0.000000 0.000000 1.570796 0.000000 0.000000
    78 0.000000 0.000000 0.000000 1.570796 0.000000 0.000000
    79 0.000000 0.000000 0.000000 1.570796 0.000000 0.000000
  time 18
    0 -2.685817 -3.836916 -3.792201 0.083688 -0.167878 0.125068
    1 7.195313 4.312500 -6.410156 -0.275968 0.424923 -1.104175
    2 0.000000 0.000000 0.000000 2.530398 0.223559 -0.520754
    3 10.859747 -0.000001 -0.000001 0.263911 0.007033 1.007446
    4 11.118949 -0.012917 -0.055607 -0.338780 -0.091538 -0.614435
    5 4.460938 0.096558 -1.193359 1.700635 -0.250355 0.126839
    6 1.534180 -0.000001 0.000000 0.009042 0.848532 0.011307
    7 0.923828 0.000000 0.000000 0.002695 1.027849 0.003260
    8 4.582031 -0.205322 -0.326172 1.346533 -0.259536 0.638898
    9 1.709961 -0.000008 0.000000 3.036021 1.434016 3.039811
    10 0.998047 0.000000 -0.000001 0.026837 -0.314590 -0.022355
    11 4.332031 -0.048065 0.604980 1.141283 -0.111227 1.109616
    12 1.571289 0.000003 0.000002 0.269056 1.478394 0.281975
    13 1.039063 0.000006 -0.000001 0.006016 -0.410155 0.011865
    14 3.871094 0.338867 1.439453 1.121923 0.266193 1.782702
    15 1.197266 -0.000007 -0.000016 0.081066 0.567625 0.082907
    16 0.866211 0.000000 -0.000002 -0.008129 -0.487940 -0.000955
    17 1.188218 1.062015 -1.188354 3.069157 0.336535 0.142741
    18 1.984254 -0.000001 0.000000 -0.026209 -0.064210 -0.087933
    19 1.217773 0.000006 0.000002 -0.020700 -0.169366 0.027834
    20 9.578125 0.084412 -0.006870 1.606992 0.268796 1.517345
    21 -1.511719 11.007813 -4.187500 1.244308 0.425693 -2.037295
    22 0.000000 0.000000 0.000000 2.828345 -0.363975 -0.373451
    23 10.859730 0.000013 -0.000005 -0.277568 0.008072 -1.980072
    24 11.118959 0.012915 -0.055609 -0.534699 -0.918181 0.980017
    25 4.460938 -0.096558 -1.193359 -1.692327 0.052480 -0.517339
    26 1.534180 0.000004 0.000000 -0.001689 0.150425 -0.007557
    27 0.923828 0.000000 0.000000 -0.000168 0.591517 -0.001706
    28 3.871094 -0.338867 1.439453 -1.480019 0.189903 -1.416936
    29 1.197266 0.000004 -0.000018 -0.127146 1.001777 -0.146524
    30 0.866211 -0.000002 -0.000003 0.009351 0.733784 0.001142
    31 4.582031 0.205322 -0.326172 -1.539698 0.007204 -1.420212
    32 1.709961 0.000006 -0.000003 -0.026879 1.095842 -0.020771
    33 0.998047 -0.000001 0.000001 -0.016608 0.557664 0.006715
    34 4.332031 0.048065 0.604980 -1.502394 0.106974 -1.508525
    35 1.571289 0.000007 -0.000001 -0.060351 1.044535 -0.069431
    36 1.039063 -0.000009 0.000001 -0.009609 0.637010 -0.018240
    37 1.188212 -1.062016 -1.188357 2.681133 0.187225 -0.461040
    38 1.984257 0.000003 0.000002 0.025181 0.162008 0.088306
    39 1.214575 -0.000004 0.000002 0.020625 0.221536 -0.020363
    40 9.578125 -0.084412 -0.006870 -1.606853 -0.254477 -1.498648
    41 -0.871094 11.210938 -11.585938 0.000000 0.000000 -0.000001
    42 -2.308031 -6.810601 -3.849015 0.083688 -0.167878 0.125068
    43 -0.815665 -17.591242 -4.625288 0.083688 -0.167878 0.125068
    44 0.000000 0.000000 0.000000 0.000000 0.000000 0.000000
    45 0.000000 0.000000 0.000000 0.000000 0.000000 0.000000
    46 0.000000 0.000000 0.000000 0.000000 0.000000 0.000000
    47 0.000000 0.000000 0.000000 -1.570796 0.000000 0.000000
    48 0.000000 0.000000 0.000000 -1.570796 0.000000 0.000000
    49 0.000000 0.000000 0.000000 -1.570796 0.000000 0.000000
    50 0.000000 0.000000 0.000000 1.570796 0.000000 0.000000
    51 0.000000 0.000000 0.000000 1.570796 0.000000 0.000000
    52 0.000000 0.000000 0.000000 1.570796 0.000000 0.000000
    53 0.000000 0.000000 0.000000 1.570796 0.000000 0.000000
    54 0.000000 0.000000 0.000000 1.570796 0.000000 0.000000
    55 0.000000 0.000000 0.000000 1.570796 0.000000 0.000000
    56 0.000000 0.000000 0.000000 1.570796 0.000000 0.000000
    57 0.000000 0.000000 0.000000 1.570796 0.000000 0.000000
    58 0.000000 0.000000 0.000000 1.570796 0.000000 0.000000
    59 0.000000 0.000000 0.000000 1.570796 0.000000 0.000000
    60 0.000000 0.000000 0.000000 1.570796 0.000000 0.000000
    61 0.000000 0.000000 0.000000 1.570796 0.000000 0.000000
    62 0.000000 0.000001 0.000000 0.000000 0.000000 0.000000
    63 0.000000 0.000000 0.000000 0.000000 0.000000 0.000000
    64 0.000000 0.000000 0.000000 -3.141593 0.000000 0.000000
    65 0.000000 0.000000 0.000000 -1.570796 0.000000 0.000000
    66 0.000000 0.000000 0.000000 -1.570796 0.000000 0.000000
    67 0.000000 0.000000 0.000000 -1.570796 0.000000 0.000000
    68 0.000000 0.000000 0.000000 1.570796 0.000000 0.000000
    69 0.000000 0.000000 0.000000 1.570796 0.000000 0.000000
    70 0.000000 0.000000 0.000000 1.570796 0.000000 0.000000
    71 0.000000 0.000000 0.000001 1.570796 0.000000 0.000000
    72 0.000000 0.000000 0.000000 1.570796 0.000000 0.000000
    73 0.000000 0.000000 0.000000 1.570796 0.000000 0.000000
    74 0.000000 0.000000 0.000000 1.570796 0.000000 0.000000
    75 0.000000 0.000000 0.000000 1.570796 0.000000 0.000000
    76 -0.000001 0.000000 0.000000 1.570796 0.000000 0.000000
    77 0.000000 0.000000 0.000000 1.570796 0.000000 0.000000
    78 0.000000 0.000000 0.000000 1.570796 0.000000 0.000000
    79 0.000000 0.000000 0.000000 1.570796 0.000000 0.000000
  time 19
    0 -2.638940 -3.754883 -3.854703 0.070201 -0.143651 0.106871
    1 7.195313 4.312500 -6.410156 -0.275968 0.424923 -1.104175
    2 0.000000 0.000000 0.000000 2.528172 0.222918 -0.536341
    3 10.859747 -0.000001 -0.000001 0.263732 0.006914 0.993017
    4 11.118949 -0.012917 -0.055607 -0.355741 -0.086865 -0.584471
    5 4.460938 0.096558 -1.193359 1.700635 -0.250355 0.126839
    6 1.534180 -0.000001 0.000000 0.009042 0.848532 0.011307
    7 0.923828 0.000000 0.000000 0.002695 1.027849 0.003260
    8 4.582031 -0.205322 -0.326172 1.346533 -0.259536 0.638898
    9 1.709961 -0.000008 0.000000 3.036021 1.434016 3.039811
    10 0.998047 0.000000 -0.000001 0.026837 -0.314590 -0.022355
    11 4.332031 -0.048065 0.604980 1.141283 -0.111227 1.109616
    12 1.571289 0.000003 0.000002 0.269056 1.478394 0.281975
    13 1.039063 0.000006 -0.000001 0.006016 -0.410155 0.011865
    14 3.871094 0.338867 1.439453 1.121923 0.266193 1.782702
    15 1.197266 -0.000007 -0.000016 0.081066 0.567625 0.082907
    16 0.866211 0.000000 -0.000002 -0.008129 -0.487940 -0.000955
    17 1.188218 1.062015 -1.188354 3.069865 0.310924 0.144706
    18 1.984254 -0.000001 0.000000 -0.026150 -0.038557 -0.088604
    19 1.217773 0.000006 0.000002 -0.020700 -0.169366 0.027834
    20 9.578125 0.084412 -0.006870 1.606992 0.268796 1.517345
    21 -1.511719 11.007813 -4.187500 1.244308 0.425693 -2.037295
    22 0.000000 0.000000 0.000000 2.822820 -0.363060 -0.382018
    23 10.859730 0.000013 -0.000005 -0.277820 0.007964 -1.998602
    24 11.118959 0.012915 -0.055609 -0.566100 -0.882461 1.014782
    25 4.460938 -0.096558 -1.193359 -1.692327 0.052480 -0.517339
    26 1.534180 0.000004 0.000000 -0.001689 0.150425 -0.007557
    27 0.923828 0.000000 0.000000 -0.000168 0.591517 -0.001706
    28 3.871094 -0.338867 1.439453 -1.480019 0.189903 -1.416936
    29 1.197266 0.000004 -0.000018 -0.127146 1.001777 -0.146524
    30 0.866211 -0.000002 -0.000003 0.009351 0.733784 0.001142
    31 4.582031 0.205322 -0.326172 -1.539698 0.007204 -1.420212
    32 1.709961 0.000006 -0.000003 -0.026879 1.095842 -0.020771
    33 0.998047 -0.000001 0.000001 -0.016608 0.557664 0.006715
    34 4.332031 0.048065 0.604980 -1.502394 0.106974 -1.508525
    35 1.571289 0.000007 -0.000001 -0.060351 1.044535 -0.069431
    36 1.039063 -0.000009 0.000001 -0.009609 0.637010 -0.018240
    37 1.188212 -1.062016 -1.188357 2.686754 0.157839 -0.444585
    38 1.984257 0.000003 0.000002 0.026667 0.269995 0.095197
    39 1.214575 -0.000004 0.000002 0.021008 0.254684 -0.019176
    40 9.578125 -0.084412 -0.006870 -1.606853 -0.254477 -1.498648
    41 -0.871094 11.210938 -11.585938 0.000000 0.000000 -0.000001
    42 -2.319750 -6.732473 -3.872454 0.070201 -0.143651 0.106871
    43 -1.065672 -17.556085 -4.504190 0.070201 -0.143651 0.106871
    44 0.000000 0.000000 0.000000 0.000000 0.000000 0.000000
    45 0.000000 0.000000 0.000000 0.000000 0.000000 0.000000
    46 0.000000 0.000000 0.000000 0.000000 0.000000 0.000000
    47 0.000000 0.000000 0.000000 -1.570796 0.000000 0.000000
    48 0.000000 0.000000 0.000000 -1.570796 0.000000 0.000000
    49 0.000000 0.000000 0.000000 -1.570796 0.000000 0.000000
    50 0.000000 0.000000 0.000000 1.570796 0.000000 0.000000
    51 0.000000 0.000000 0.000000 1.570796 0.000000 0.000000
    52 0.000000 0.000000 0.000000 1.570796 0.000000 0.000000
    53 0.000000 0.000000 0.000000 1.570796 0.000000 0.000000
    54 0.000000 0.000000 0.000000 1.570796 0.000000 0.000000
    55 0.000000 0.000000 0.000000 1.570796 0.000000 0.000000
    56 0.000000 0.000000 0.000000 1.570796 0.000000 0.000000
    57 0.000000 0.000000 0.000000 1.570796 0.000000 0.000000
    58 0.000000 0.000000 0.000000 1.570796 0.000000 0.000000
    59 0.000000 0.000000 0.000000 1.570796 0.000000 0.000000
    60 0.000000 0.000000 0.000000 1.570796 0.000000 0.000000
    61 0.000000 0.000000 0.000000 1.570796 0.000000 0.000000
    62 0.000000 0.000001 0.000000 0.000000 0.000000 0.000000
    63 0.000000 0.000000 0.000000 0.000000 0.000000 0.000000
    64 0.000000 0.000000 0.000000 -3.141593 0.000000 0.000000
    65 0.000000 0.000000 0.000000 -1.570796 0.000000 0.000000
    66 0.000000 0.000000 0.000000 -1.570796 0.000000 0.000000
    67 0.000000 0.000000 0.000000 -1.570796 0.000000 0.000000
    68 0.000000 0.000000 0.000000 1.570796 0.000000 0.000000
    69 0.000000 0.000000 0.000000 1.570796 0.000000 0.000000
    70 0.000000 0.000000 0.000000 1.570796 0.000000 0.000000
    71 0.000000 0.000000 0.000001 1.570796 0.000000 0.000000
    72 0.000000 0.000000 0.000000 1.570796 0.000000 0.000000
    73 0.000000 0.000000 0.000000 1.570796 0.000000 0.000000
    74 0.000000 0.000000 0.000000 1.570796 0.000000 0.000000
    75 0.000000 0.000000 0.000000 1.570796 0.000000 0.000000
    76 -0.000001 0.000000 0.000000 1.570796 0.000000 0.000000
    77 0.000000 0.000000 0.000000 1.570796 0.000000 0.000000
    78 0.000000 0.000000 0.000000 1.570796 0.000000 0.000000
    79 0.000000 0.000000 0.000000 1.570796 0.000000 0.000000
  time 20
    0 -2.592064 -3.668943 -3.905485 0.058987 -0.118817 0.090696
    1 7.195313 4.312500 -6.410156 -0.275968 0.424923 -1.104175
    2 0.000000 0.000000 0.000000 2.526817 0.223426 -0.549203
    3 10.859747 -0.000001 -0.000001 0.263600 0.006830 0.982553
    4 11.118949 -0.012917 -0.055607 -0.374250 -0.081650 -0.558625
    5 4.460938 0.096558 -1.193359 1.700635 -0.250355 0.126839
    6 1.534180 -0.000001 0.000000 0.009042 0.848532 0.011307
    7 0.923828 0.000000 0.000000 0.002695 1.027849 0.003260
    8 4.582031 -0.205322 -0.326172 1.346533 -0.259536 0.638898
    9 1.709961 -0.000008 0.000000 3.036021 1.434016 3.039811
    10 0.998047 0.000000 -0.000001 0.026837 -0.314590 -0.022355
    11 4.332031 -0.048065 0.604980 1.141283 -0.111227 1.109616
    12 1.571289 0.000003 0.000002 0.269056 1.478394 0.281975
    13 1.039063 0.000006 -0.000001 0.006016 -0.410155 0.011865
    14 3.871094 0.338867 1.439453 1.121923 0.266193 1.782702
    15 1.197266 -0.000007 -0.000016 0.081066 0.567625 0.082907
    16 0.866211 0.000000 -0.000002 -0.008129 -0.487940 -0.000955
    17 1.188218 1.062015 -1.188354 3.070497 0.286703 0.146588
    18 1.984254 -0.000001 0.000000 -0.026102 -0.014278 -0.089239
    19 1.217773 0.000006 0.000002 -0.020700 -0.169366 0.027834
    20 9.578125 0.084412 -0.006870 1.606992 0.268796 1.517345
    21 -1.511719 11.007813 -4.187500 1.244308 0.425693 -2.037295
    22 0.000000 0.000000 0.000000 2.817368 -0.362764 -0.388832
    23 10.859730 0.000013 -0.000005 -0.278048 0.007856 -2.015369
    24 11.118959 0.012915 -0.055609 -0.596493 -0.850768 1.046498
    25 4.460938 -0.096558 -1.193359 -1.692327 0.052480 -0.517339
    26 1.534180 0.000004 0.000000 -0.001689 0.150425 -0.007557
    27 0.923828 0.000000 0.000000 -0.000168 0.591517 -0.001706
    28 3.871094 -0.338867 1.439453 -1.480019 0.189903 -1.416936
    29 1.197266 0.000004 -0.000018 -0.127146 1.001777 -0.146524
    30 0.866211 -0.000002 -0.000003 0.009351 0.733784 0.001142
    31 4.582031 0.205322 -0.326172 -1.539698 0.007204 -1.420212
    32 1.709961 0.000006 -0.000003 -0.026879 1.095842 -0.020771
    33 0.998047 -0.000001 0.000001 -0.016608 0.557664 0.006715
    34 4.332031 0.048065 0.604980 -1.502394 0.106974 -1.508525
    35 1.571289 0.000007 -0.000001 -0.060351 1.044535 -0.069431
    36 1.039063 -0.000009 0.000001 -0.009609 0.637010 -0.018240
    37 1.188212 -1.062016 -1.188357 2.688815 0.147029 -0.438545
    38 1.984257 0.000003 0.000002 0.027278 0.315271 0.098085
    39 1.214575 -0.000004 0.000002 0.021152 0.266873 -0.018769
    40 9.578125 -0.084412 -0.006870 -1.606853 -0.254477 -1.498648
    41 -0.871094 11.210938 -11.585938 0.000000 0.000000 -0.000001
    42 -2.331469 -6.650440 -3.891985 0.058987 -0.118817 0.090696
    43 -1.280523 -17.501396 -4.398718 0.058987 -0.118817 0.090696
    44 0.000000 0.000000 0.000000 0.000000 0.000000 0.000000
    45 0.000000 0.000000 0.000000 0.000000 0.000000 0.000000
    46 0.000000 0.000000 0.000000 0.000000 0.000000 0.000000
    47 0.000000 0.000000 0.000000 -1.570796 0.000000 0.000000
    48 0.000000 0.000000 0.000000 -1.570796 0.000000 0.000000
    49 0.000000 0.000000 0.000000 -1.570796 0.000000 0.000000
    50 0.000000 0.000000 0.000000 1.570796 0.000000 0.000000
    51 0.000000 0.000000 0.000000 1.570796 0.000000 0.000000
    52 0.000000 0.000000 0.000000 1.570796 0.000000 0.000000
    53 0.000000 0.000000 0.000000 1.570796 0.000000 0.000000
    54 0.000000 0.000000 0.000000 1.570796 0.000000 0.000000
    55 0.000000 0.000000 0.000000 1.570796 0.000000 0.000000
    56 0.000000 0.000000 0.000000 1.570796 0.000000 0.000000
    57 0.000000 0.000000 0.000000 1.570796 0.000000 0.000000
    58 0.000000 0.000000 0.000000 1.570796 0.000000 0.000000
    59 0.000000 0.000000 0.000000 1.570796 0.000000 0.000000
    60 0.000000 0.000000 0.000000 1.570796 0.000000 0.000000
    61 0.000000 0.000000 0.000000 1.570796 0.000000 0.000000
    62 0.000000 0.000001 0.000000 0.000000 0.000000 0.000000
    63 0.000000 0.000000 0.000000 0.000000 0.000000 0.000000
    64 0.000000 0.000000 0.000000 -3.141593 0.000000 0.000000
    65 0.000000 0.000000 0.000000 -1.570796 0.000000 0.000000
    66 0.000000 0.000000 0.000000 -1.570796 0.000000 0.000000
    67 0.000000 0.000000 0.000000 -1.570796 0.000000 0.000000
    68 0.000000 0.000000 0.000000 1.570796 0.000000 0.000000
    69 0.000000 0.000000 0.000000 1.570796 0.000000 0.000000
    70 0.000000 0.000000 0.000000 1.570796 0.000000 0.000000
    71 0.000000 0.000000 0.000001 1.570796 0.000000 0.000000
    72 0.000000 0.000000 0.000000 1.570796 0.000000 0.000000
    73 0.000000 0.000000 0.000000 1.570796 0.000000 0.000000
    74 0.000000 0.000000 0.000000 1.570796 0.000000 0.000000
    75 0.000000 0.000000 0.000000 1.570796 0.000000 0.000000
    76 -0.000001 0.000000 0.000000 1.570796 0.000000 0.000000
    77 0.000000 0.000000 0.000000 1.570796 0.000000 0.000000
    78 0.000000 0.000000 0.000000 1.570796 0.000000 0.000000
    79 0.000000 0.000000 0.000000 1.570796 0.000000 0.000000
  time 21
    0 -2.556907 -3.590815 -3.944549 0.049057 -0.096261 0.076037
    1 7.195313 4.312500 -6.410156 -0.275968 0.424923 -1.104175
    2 0.000000 0.000000 0.000000 2.525607 0.223957 -0.560321
    3 10.859747 -0.000001 -0.000001 0.263528 0.006782 0.974878
    4 11.118949 -0.012917 -0.055607 -0.391092 -0.077065 -0.537011
    5 4.460938 0.096558 -1.193359 1.700635 -0.250355 0.126839
    6 1.534180 -0.000001 0.000000 0.009042 0.848532 0.011307
    7 0.923828 0.000000 0.000000 0.002695 1.027849 0.003260
    8 4.582031 -0.205322 -0.326172 1.346533 -0.259536 0.638898
    9 1.709961 -0.000008 0.000000 3.036021 1.434016 3.039811
    10 0.998047 0.000000 -0.000001 0.026837 -0.314590 -0.022355
    11 4.332031 -0.048065 0.604980 1.141283 -0.111227 1.109616
    12 1.571289 0.000003 0.000002 0.269056 1.478394 0.281975
    13 1.039063 0.000006 -0.000001 0.006016 -0.410155 0.011865
    14 3.871094 0.338867 1.439453 1.121923 0.266193 1.782702
    15 1.197266 -0.000007 -0.000016 0.081066 0.567625 0.082907
    16 0.866211 0.000000 -0.000002 -0.008129 -0.487940 -0.000955
    17 1.188218 1.062015 -1.188354 3.071090 0.264795 0.148277
    18 1.984254 -0.000001 0.000000 -0.026054 0.007686 -0.089814
    19 1.217773 0.000006 0.000002 -0.020700 -0.169366 0.027834
    20 9.578125 0.084412 -0.006870 1.606992 0.268796 1.517345
    21 -1.511719 11.007813 -4.187500 1.244308 0.425693 -2.037295
    22 0.000000 0.000000 0.000000 2.812142 -0.363141 -0.393992
    23 10.859730 0.000013 -0.000005 -0.278239 0.007760 -2.030589
    24 11.118959 0.012915 -0.055609 -0.622148 -0.822879 1.074148
    25 4.460938 -0.096558 -1.193359 -1.692327 0.052480 -0.517339
    26 1.534180 0.000004 0.000000 -0.001689 0.150425 -0.007557
    27 0.923828 0.000000 0.000000 -0.000168 0.591517 -0.001706
    28 3.871094 -0.338867 1.439453 -1.480019 0.189903 -1.416936
    29 1.197266 0.000004 -0.000018 -0.127146 1.001777 -0.146524
    30 0.866211 -0.000002 -0.000003 0.009351 0.733784 0.001142
    31 4.582031 0.205322 -0.326172 -1.539698 0.007204 -1.420212
    32 1.709961 0.000006 -0.000003 -0.026879 1.095842 -0.020771
    33 0.998047 -0.000001 0.000001 -0.016608 0.557664 0.006715
    34 4.332031 0.048065 0.604980 -1.502394 0.106974 -1.508525
    35 1.571289 0.000007 -0.000001 -0.060351 1.044535 -0.069431
    36 1.039063 -0.000009 0.000001 -0.009609 0.637010 -0.018240
    37 1.188212 -1.062016 -1.188357 2.688815 0.147029 -0.438545
    38 1.984257 0.000003 0.000002 0.027278 0.315271 0.098085
    39 1.214575 -0.000004 0.000002 0.021152 0.266873 -0.018769
    40 9.578125 -0.084412 -0.006870 -1.606853 -0.254477 -1.498648
    41 -0.871094 11.210938 -11.585938 0.000000 0.000000 -0.000001
    42 -2.335375 -6.572312 -3.895892 0.049057 -0.096261 0.076037
    43 -1.464122 -17.446707 -4.301059 0.049057 -0.096261 0.076037
    44 0.000000 0.000000 0.000000 0.000000 0.000000 0.000000
    45 0.000000 0.000000 0.000000 0.000000 0.000000 0.000000
    46 0.000000 0.000000 0.000000 0.000000 0.000000 0.000000
    47 0.000000 0.000000 0.000000 -1.570796 0.000000 0.000000
    48 0.000000 0.000000 0.000000 -1.570796 0.000000 0.000000
    49 0.000000 0.000000 0.000000 -1.570796 0.000000 0.000000
    50 0.000000 0.000000 0.000000 1.570796 0.000000 0.000000
    51 0.000000 0.000000 0.000000 1.570796 0.000000 0.000000
    52 0.000000 0.000000 0.000000 1.570796 0.000000 0.000000
    53 0.000000 0.000000 0.000000 1.570796 0.000000 0.000000
    54 0.000000 0.000000 0.000000 1.570796 0.000000 0.000000
    55 0.000000 0.000000 0.000000 1.570796 0.000000 0.000000
    56 0.000000 0.000000 0.000000 1.570796 0.000000 0.000000
    57 0.000000 0.000000 0.000000 1.570796 0.000000 0.000000
    58 0.000000 0.000000 0.000000 1.570796 0.000000 0.000000
    59 0.000000 0.000000 0.000000 1.570796 0.000000 0.000000
    60 0.000000 0.000000 0.000000 1.570796 0.000000 0.000000
    61 0.000000 0.000000 0.000000 1.570796 0.000000 0.000000
    62 0.000000 0.000001 0.000000 0.000000 0.000000 0.000000
    63 0.000000 0.000000 0.000000 0.000000 0.000000 0.000000
    64 0.000000 0.000000 0.000000 -3.141593 0.000000 0.000000
    65 0.000000 0.000000 0.000000 -1.570796 0.000000 0.000000
    66 0.000000 0.000000 0.000000 -1.570796 0.000000 0.000000
    67 0.000000 0.000000 0.000000 -1.570796 0.000000 0.000000
    68 0.000000 0.000000 0.000000 1.570796 0.000000 0.000000
    69 0.000000 0.000000 0.000000 1.570796 0.000000 0.000000
    70 0.000000 0.000000 0.000000 1.570796 0.000000 0.000000
    71 0.000000 0.000000 0.000001 1.570796 0.000000 0.000000
    72 0.000000 0.000000 0.000000 1.570796 0.000000 0.000000
    73 0.000000 0.000000 0.000000 1.570796 0.000000 0.000000
    74 0.000000 0.000000 0.000000 1.570796 0.000000 0.000000
    75 0.000000 0.000000 0.000000 1.570796 0.000000 0.000000
    76 -0.000001 0.000000 0.000000 1.570796 0.000000 0.000000
    77 0.000000 0.000000 0.000000 1.570796 0.000000 0.000000
    78 0.000000 0.000000 0.000000 1.570796 0.000000 0.000000
    79 0.000000 0.000000 0.000000 1.570796 0.000000 0.000000
  time 22
    0 -2.517843 -3.516594 -3.956268 0.039374 -0.078831 0.062642
    1 7.195313 4.312500 -6.410156 -0.275968 0.424923 -1.104175
    2 0.000000 0.000000 0.000000 2.522799 0.223824 -0.571221
    3 10.859747 -0.000001 -0.000001 0.263444 0.006746 0.968726
    4 11.118949 -0.012917 -0.055607 -0.401745 -0.074317 -0.519441
    5 4.460938 0.096558 -1.193359 1.700635 -0.250355 0.126839
    6 1.534180 -0.000001 0.000000 0.009042 0.848532 0.011307
    7 0.923828 0.000000 0.000000 0.002695 1.027849 0.003260
    8 4.582031 -0.205322 -0.326172 1.346533 -0.259536 0.638898
    9 1.709961 -0.000008 0.000000 3.036021 1.434016 3.039811
    10 0.998047 0.000000 -0.000001 0.026837 -0.314590 -0.022355
    11 4.332031 -0.048065 0.604980 1.141283 -0.111227 1.109616
    12 1.571289 0.000003 0.000002 0.269056 1.478394 0.281975
    13 1.039063 0.000006 -0.000001 0.006016 -0.410155 0.011865
    14 3.871094 0.338867 1.439453 1.121923 0.266193 1.782702
    15 1.197266 -0.000007 -0.000016 0.081066 0.567625 0.082907
    16 0.866211 0.000000 -0.000002 -0.008129 -0.487940 -0.000955
    17 1.188218 1.062015 -1.188354 3.071607 0.246159 0.149728
    18 1.984254 -0.000001 0.000000 -0.026018 0.026359 -0.090318
    19 1.217773 0.000006 0.000002 -0.020700 -0.169366 0.027834
    20 9.578125 0.084412 -0.006870 1.606992 0.268796 1.517345
    21 -1.511719 11.007813 -4.187500 1.244308 0.425693 -2.037295
    22 0.000000 0.000000 0.000000 2.807372 -0.364204 -0.397599
    23 10.859730 0.000013 -0.000005 -0.278419 0.007665 -2.044304
    24 11.118959 0.012915 -0.055609 -0.639941 -0.798721 1.096850
    25 4.460938 -0.096558 -1.193359 -1.692327 0.052480 -0.517339
    26 1.534180 0.000004 0.000000 -0.001689 0.150425 -0.007557
    27 0.923828 0.000000 0.000000 -0.000168 0.591517 -0.001706
    28 3.871094 -0.338867 1.439453 -1.480019 0.189903 -1.416936
    29 1.197266 0.000004 -0.000018 -0.127146 1.001777 -0.146524
    30 0.866211 -0.000002 -0.000003 0.009351 0.733784 0.001142
    31 4.582031 0.205322 -0.326172 -1.539698 0.007204 -1.420212
    32 1.709961 0.000006 -0.000003 -0.026879 1.095842 -0.020771
    33 0.998047 -0.000001 0.000001 -0.016608 0.557664 0.006715
    34 4.332031 0.048065 0.604980 -1.502394 0.106974 -1.508525
    35 1.571289 0.000007 -0.000001 -0.060351 1.044535 -0.069431
    36 1.039063 -0.000009 0.000001 -0.009609 0.637010 -0.018240
    37 1.188212 -1.062016 -1.188357 2.688815 0.147029 -0.438545
    38 1.984257 0.000003 0.000002 0.027278 0.315271 0.098085
    39 1.214575 -0.000004 0.000002 0.021152 0.266873 -0.018769
    40 9.578125 -0.084412 -0.006870 -1.606853 -0.254477 -1.498648
    41 -0.871094 11.210938 -11.585938 0.000000 0.000000 -0.000001
    42 -2.343188 -6.501998 -3.880266 0.039374 -0.078831 0.062642
    43 -1.632096 -17.384205 -4.179962 0.039374 -0.078831 0.062642
    44 0.000000 0.000000 0.000000 0.000000 0.000000 0.000000
    45 0.000000 0.000000 0.000000 0.000000 0.000000 0.000000
    46 0.000000 0.000000 0.000000 0.000000 0.000000 0.000000
    47 0.000000 0.000000 0.000000 -1.570796 0.000000 0.000000
    48 0.000000 0.000000 0.000000 -1.570796 0.000000 0.000000
    49 0.000000 0.000000 0.000000 -1.570796 0.000000 0.000000
    50 0.000000 0.000000 0.000000 1.570796 0.000000 0.000000
    51 0.000000 0.000000 0.000000 1.570796 0.000000 0.000000
    52 0.000000 0.000000 0.000000 1.570796 0.000000 0.000000
    53 0.000000 0.000000 0.000000 1.570796 0.000000 0.000000
    54 0.000000 0.000000 0.000000 1.570796 0.000000 0.000000
    55 0.000000 0.000000 0.000000 1.570796 0.000000 0.000000
    56 0.000000 0.000000 0.000000 1.570796 0.000000 0.000000
    57 0.000000 0.000000 0.000000 1.570796 0.000000 0.000000
    58 0.000000 0.000000 0.000000 1.570796 0.000000 0.000000
    59 0.000000 0.000000 0.000000 1.570796 0.000000 0.000000
    60 0.000000 0.000000 0.000000 1.570796 0.000000 0.000000
    61 0.000000 0.000000 0.000000 1.570796 0.000000 0.000000
    62 0.000000 0.000001 0.000000 0.000000 0.000000 0.000000
    63 0.000000 0.000000 0.000000 0.000000 0.000000 0.000000
    64 0.000000 0.000000 0.000000 -3.141593 0.000000 0.000000
    65 0.000000 0.000000 0.000000 -1.570796 0.000000 0.000000
    66 0.000000 0.000000 0.000000 -1.570796 0.000000 0.000000
    67 0.000000 0.000000 0.000000 -1.570796 0.000000 0.000000
    68 0.000000 0.000000 0.000000 1.570796 0.000000 0.000000
    69 0.000000 0.000000 0.000000 1.570796 0.000000 0.000000
    70 0.000000 0.000000 0.000000 1.570796 0.000000 0.000000
    71 0.000000 0.000000 0.000001 1.570796 0.000000 0.000000
    72 0.000000 0.000000 0.000000 1.570796 0.000000 0.000000
    73 0.000000 0.000000 0.000000 1.570796 0.000000 0.000000
    74 0.000000 0.000000 0.000000 1.570796 0.000000 0.000000
    75 0.000000 0.000000 0.000000 1.570796 0.000000 0.000000
    76 -0.000001 0.000000 0.000000 1.570796 0.000000 0.000000
    77 0.000000 0.000000 0.000000 1.570796 0.000000 0.000000
    78 0.000000 0.000000 0.000000 1.570796 0.000000 0.000000
    79 0.000000 0.000000 0.000000 1.570796 0.000000 0.000000
  time 23
    0 -2.490498 -3.434560 -3.940643 0.030136 -0.064782 0.049921
    1 7.195313 4.312500 -6.410156 -0.275968 0.424923 -1.104175
    2 0.000000 0.000000 0.000000 2.519266 0.222940 -0.581849
    3 10.859747 -0.000001 -0.000001 0.263396 0.006710 0.964667
    4 11.118949 -0.012917 -0.055607 -0.408708 -0.073337 -0.505838
    5 4.460938 0.096558 -1.193359 1.700635 -0.250355 0.126839
    6 1.534180 -0.000001 0.000000 0.009042 0.848532 0.011307
    7 0.923828 0.000000 0.000000 0.002695 1.027849 0.003260
    8 4.582031 -0.205322 -0.326172 1.346533 -0.259536 0.638898
    9 1.709961 -0.000008 0.000000 3.036021 1.434016 3.039811
    10 0.998047 0.000000 -0.000001 0.026837 -0.314590 -0.022355
    11 4.332031 -0.048065 0.604980 1.141283 -0.111227 1.109616
    12 1.571289 0.000003 0.000002 0.269056 1.478394 0.281975
    13 1.039063 0.000006 -0.000001 0.006016 -0.410155 0.011865
    14 3.871094 0.338867 1.439453 1.121923 0.266193 1.782702
    15 1.197266 -0.000007 -0.000016 0.081066 0.567625 0.082907
    16 0.866211 0.000000 -0.000002 -0.008129 -0.487940 -0.000955
    17 1.188218 1.062015 -1.188354 3.071990 0.231694 0.150830
    18 1.984254 -0.000001 0.000000 -0.025994 0.040846 -0.090689
    19 1.217773 0.000006 0.000002 -0.020700 -0.169366 0.027834
    20 9.578125 0.084412 -0.006870 1.606992 0.268796 1.517345
    21 -1.511719 11.007813 -4.187500 1.244308 0.425693 -2.037295
    22 0.000000 0.000000 0.000000 2.802974 -0.366653 -0.398934
    23 10.859730 0.000013 -0.000005 -0.278599 0.007593 -2.057374
    24 11.118959 0.012915 -0.055609 -0.652289 -0.778515 1.117316
    25 4.460938 -0.096558 -1.193359 -1.692327 0.052480 -0.517339
    26 1.534180 0.000004 0.000000 -0.001689 0.150425 -0.007557
    27 0.923828 0.000000 0.000000 -0.000168 0.591517 -0.001706
    28 3.871094 -0.338867 1.439453 -1.480019 0.189903 -1.416936
    29 1.197266 0.000004 -0.000018 -0.127146 1.001777 -0.146524
    30 0.866211 -0.000002 -0.000003 0.009351 0.733784 0.001142
    31 4.582031 0.205322 -0.326172 -1.539698 0.007204 -1.420212
    32 1.709961 0.000006 -0.000003 -0.026879 1.095842 -0.020771
    33 0.998047 -0.000001 0.000001 -0.016608 0.557664 0.006715
    34 4.332031 0.048065 0.604980 -1.502394 0.106974 -1.508525
    35 1.571289 0.000007 -0.000001 -0.060351 1.044535 -0.069431
    36 1.039063 -0.000009 0.000001 -0.009609 0.637010 -0.018240
    37 1.188212 -1.062016 -1.188357 2.688815 0.147029 -0.438545
    38 1.984257 0.000003 0.000002 0.027278 0.315271 0.098085
    39 1.214575 -0.000004 0.000002 0.021152 0.266873 -0.018769
    40 9.578125 -0.084412 -0.006870 -1.606853 -0.254477 -1.498648
    41 -0.871094 11.210938 -11.585938 0.000000 0.000000 -0.000001
    42 -2.351001 -6.423870 -3.833390 0.030136 -0.064782 0.049921
    43 -1.788351 -17.321703 -4.039333 0.030136 -0.064782 0.049921
    44 0.000000 0.000000 0.000000 0.000000 0.000000 0.000000
    45 0.000000 0.000000 0.000000 0.000000 0.000000 0.000000
    46 0.000000 0.000000 0.000000 0.000000 0.000000 0.000000
    47 0.000000 0.000000 0.000000 -1.570796 0.000000 0.000000
    48 0.000000 0.000000 0.000000 -1.570796 0.000000 0.000000
    49 0.000000 0.000000 0.000000 -1.570796 0.000000 0.000000
    50 0.000000 0.000000 0.000000 1.570796 0.000000 0.000000
    51 0.000000 0.000000 0.000000 1.570796 0.000000 0.000000
    52 0.000000 0.000000 0.000000 1.570796 0.000000 0.000000
    53 0.000000 0.000000 0.000000 1.570796 0.000000 0.000000
    54 0.000000 0.000000 0.000000 1.570796 0.000000 0.000000
    55 0.000000 0.000000 0.000000 1.570796 0.000000 0.000000
    56 0.000000 0.000000 0.000000 1.570796 0.000000 0.000000
    57 0.000000 0.000000 0.000000 1.570796 0.000000 0.000000
    58 0.000000 0.000000 0.000000 1.570796 0.000000 0.000000
    59 0.000000 0.000000 0.000000 1.570796 0.000000 0.000000
    60 0.000000 0.000000 0.000000 1.570796 0.000000 0.000000
    61 0.000000 0.000000 0.000000 1.570796 0.000000 0.000000
    62 0.000000 0.000001 0.000000 0.000000 0.000000 0.000000
    63 0.000000 0.000000 0.000000 0.000000 0.000000 0.000000
    64 0.000000 0.000000 0.000000 -3.141593 0.000000 0.000000
    65 0.000000 0.000000 0.000000 -1.570796 0.000000 0.000000
    66 0.000000 0.000000 0.000000 -1.570796 0.000000 0.000000
    67 0.000000 0.000000 0.000000 -1.570796 0.000000 0.000000
    68 0.000000 0.000000 0.000000 1.570796 0.000000 0.000000
    69 0.000000 0.000000 0.000000 1.570796 0.000000 0.000000
    70 0.000000 0.000000 0.000000 1.570796 0.000000 0.000000
    71 0.000000 0.000000 0.000001 1.570796 0.000000 0.000000
    72 0.000000 0.000000 0.000000 1.570796 0.000000 0.000000
    73 0.000000 0.000000 0.000000 1.570796 0.000000 0.000000
    74 0.000000 0.000000 0.000000 1.570796 0.000000 0.000000
    75 0.000000 0.000000 0.000000 1.570796 0.000000 0.000000
    76 -0.000001 0.000000 0.000000 1.570796 0.000000 0.000000
    77 0.000000 0.000000 0.000000 1.570796 0.000000 0.000000
    78 0.000000 0.000000 0.000000 1.570796 0.000000 0.000000
    79 0.000000 0.000000 0.000000 1.570796 0.000000 0.000000
  time 24
    0 -2.455341 -3.352527 -3.897673 0.022083 -0.050846 0.038127
    1 7.195313 4.312500 -6.410156 -0.275968 0.424923 -1.104175
    2 0.000000 0.000000 0.000000 2.515830 0.222144 -0.591495
    3 10.859747 -0.000001 -0.000001 0.263384 0.006698 0.963558
    4 11.118949 -0.012917 -0.055607 -0.415849 -0.073092 -0.495862
    5 4.460938 0.096558 -1.193359 1.700635 -0.250355 0.126839
    6 1.534180 -0.000001 0.000000 0.009042 0.848532 0.011307
    7 0.923828 0.000000 0.000000 0.002695 1.027849 0.003260
    8 4.582031 -0.205322 -0.326172 1.346533 -0.259536 0.638898
    9 1.709961 -0.000008 0.000000 3.036021 1.434016 3.039811
    10 0.998047 0.000000 -0.000001 0.026837 -0.314590 -0.022355
    11 4.332031 -0.048065 0.604980 1.141283 -0.111227 1.109616
    12 1.571289 0.000003 0.000002 0.269056 1.478394 0.281975
    13 1.039063 0.000006 -0.000001 0.006016 -0.410155 0.011865
    14 3.871094 0.338867 1.439453 1.121923 0.266193 1.782702
    15 1.197266 -0.000007 -0.000016 0.081066 0.567625 0.082907
    16 0.866211 0.000000 -0.000002 -0.008129 -0.487940 -0.000955
    17 1.188218 1.062015 -1.188354 3.072239 0.222334 0.151561
    18 1.984254 -0.000001 0.000000 -0.025970 0.050255 -0.090929
    19 1.217773 0.000006 0.000002 -0.020700 -0.169366 0.027834
    20 9.578125 0.084412 -0.006870 1.606992 0.268796 1.517345
    21 -1.511719 11.007813 -4.187500 1.244308 0.425693 -2.037295
    22 0.000000 0.000000 0.000000 2.798815 -0.370784 -0.397639
    23 10.859730 0.000013 -0.000005 -0.278767 0.007509 -2.070315
    24 11.118959 0.012915 -0.055609 -0.663680 -0.762483 1.138393
    25 4.460938 -0.096558 -1.193359 -1.692327 0.052480 -0.517339
    26 1.534180 0.000004 0.000000 -0.001689 0.150425 -0.007557
    27 0.923828 0.000000 0.000000 -0.000168 0.591517 -0.001706
    28 3.871094 -0.338867 1.439453 -1.480019 0.189903 -1.416936
    29 1.197266 0.000004 -0.000018 -0.127146 1.001777 -0.146524
    30 0.866211 -0.000002 -0.000003 0.009351 0.733784 0.001142
    31 4.582031 0.205322 -0.326172 -1.539698 0.007204 -1.420212
    32 1.709961 0.000006 -0.000003 -0.026879 1.095842 -0.020771
    33 0.998047 -0.000001 0.000001 -0.016608 0.557664 0.006715
    34 4.332031 0.048065 0.604980 -1.502394 0.106974 -1.508525
    35 1.571289 0.000007 -0.000001 -0.060351 1.044535 -0.069431
    36 1.039063 -0.000009 0.000001 -0.009609 0.637010 -0.018240
    37 1.188212 -1.062016 -1.188357 2.688815 0.147029 -0.438545
    38 1.984257 0.000003 0.000002 0.027278 0.315271 0.098085
    39 1.214575 -0.000004 0.000002 0.021152 0.266873 -0.018769
    40 9.578125 -0.084412 -0.006870 -1.606853 -0.254477 -1.498648
    41 -0.871094 11.210938 -11.585938 0.000000 0.000000 -0.000001
    42 -2.351001 -6.337930 -3.766982 0.022083 -0.050846 0.038127
    43 -1.921167 -17.243576 -3.883078 0.022083 -0.050846 0.038127
    44 0.000000 0.000000 0.000000 0.000000 0.000000 0.000000
    45 0.000000 0.000000 0.000000 0.000000 0.000000 0.000000
    46 0.000000 0.000000 0.000000 0.000000 0.000000 0.000000
    47 0.000000 0.000000 0.000000 -1.570796 0.000000 0.000000
    48 0.000000 0.000000 0.000000 -1.570796 0.000000 0.000000
    49 0.000000 0.000000 0.000000 -1.570796 0.000000 0.000000
    50 0.000000 0.000000 0.000000 1.570796 0.000000 0.000000
    51 0.000000 0.000000 0.000000 1.570796 0.000000 0.000000
    52 0.000000 0.000000 0.000000 1.570796 0.000000 0.000000
    53 0.000000 0.000000 0.000000 1.570796 0.000000 0.000000
    54 0.000000 0.000000 0.000000 1.570796 0.000000 0.000000
    55 0.000000 0.000000 0.000000 1.570796 0.000000 0.000000
    56 0.000000 0.000000 0.000000 1.570796 0.000000 0.000000
    57 0.000000 0.000000 0.000000 1.570796 0.000000 0.000000
    58 0.000000 0.000000 0.000000 1.570796 0.000000 0.000000
    59 0.000000 0.000000 0.000000 1.570796 0.000000 0.000000
    60 0.000000 0.000000 0.000000 1.570796 0.000000 0.000000
    61 0.000000 0.000000 0.000000 1.570796 0.000000 0.000000
    62 0.000000 0.000001 0.000000 0.000000 0.000000 0.000000
    63 0.000000 0.000000 0.000000 0.000000 0.000000 0.000000
    64 0.000000 0.000000 0.000000 -3.141593 0.000000 0.000000
    65 0.000000 0.000000 0.000000 -1.570796 0.000000 0.000000
    66 0.000000 0.000000 0.000000 -1.570796 0.000000 0.000000
    67 0.000000 0.000000 0.000000 -1.570796 0.000000 0.000000
    68 0.000000 0.000000 0.000000 1.570796 0.000000 0.000000
    69 0.000000 0.000000 0.000000 1.570796 0.000000 0.000000
    70 0.000000 0.000000 0.000000 1.570796 0.000000 0.000000
    71 0.000000 0.000000 0.000001 1.570796 0.000000 0.000000
    72 0.000000 0.000000 0.000000 1.570796 0.000000 0.000000
    73 0.000000 0.000000 0.000000 1.570796 0.000000 0.000000
    74 0.000000 0.000000 0.000000 1.570796 0.000000 0.000000
    75 0.000000 0.000000 0.000000 1.570796 0.000000 0.000000
    76 -0.000001 0.000000 0.000000 1.570796 0.000000 0.000000
    77 0.000000 0.000000 0.000000 1.570796 0.000000 0.000000
    78 0.000000 0.000000 0.000000 1.570796 0.000000 0.000000
    79 0.000000 0.000000 0.000000 1.570796 0.000000 0.000000
  time 25
    0 -2.424090 -3.262680 -3.839077 0.015315 -0.037555 0.027343
    1 7.195313 4.312500 -6.410156 -0.275968 0.424923 -1.104175
    2 0.000000 0.000000 0.000000 2.511667 0.221835 -0.600215
    3 10.859747 -0.000001 -0.000001 0.263396 0.006710 0.964572
    4 11.118949 -0.012917 -0.055607 -0.421920 -0.073337 -0.488796
    5 4.460938 0.096558 -1.193359 1.700635 -0.250355 0.126839
    6 1.534180 -0.000001 0.000000 0.009042 0.848532 0.011307
    7 0.923828 0.000000 0.000000 0.002695 1.027849 0.003260
    8 4.582031 -0.205322 -0.326172 1.346533 -0.259536 0.638898
    9 1.709961 -0.000008 0.000000 3.036021 1.434016 3.039811
    10 0.998047 0.000000 -0.000001 0.026837 -0.314590 -0.022355
    11 4.332031 -0.048065 0.604980 1.141283 -0.111227 1.109616
    12 1.571289 0.000003 0.000002 0.269056 1.478394 0.281975
    13 1.039063 0.000006 -0.000001 0.006016 -0.410155 0.011865
    14 3.871094 0.338867 1.439453 1.121923 0.266193 1.782702
    15 1.197266 -0.000007 -0.000016 0.081066 0.567625 0.082907
    16 0.866211 0.000000 -0.000002 -0.008129 -0.487940 -0.000955
    17 1.188218 1.062015 -1.188354 3.072296 0.219014 0.151813
    18 1.984254 -0.000001 0.000000 -0.025970 0.053561 -0.091013
    19 1.217773 0.000006 0.000002 -0.020700 -0.169366 0.027834
    20 9.578125 0.084412 -0.006870 1.606992 0.268796 1.517345
    21 -1.511719 11.007813 -4.187500 1.244308 0.425693 -2.037295
    22 0.000000 0.000000 0.000000 2.795004 -0.375978 -0.394351
    23 10.859730 0.000013 -0.000005 -0.278910 0.007413 -2.082525
    24 11.118959 0.012915 -0.055609 -0.674063 -0.750257 1.159062
    25 4.460938 -0.096558 -1.193359 -1.692327 0.052480 -0.517339
    26 1.534180 0.000004 0.000000 -0.001689 0.150425 -0.007557
    27 0.923828 0.000000 0.000000 -0.000168 0.591517 -0.001706
    28 3.871094 -0.338867 1.439453 -1.480019 0.189903 -1.416936
    29 1.197266 0.000004 -0.000018 -0.127146 1.001777 -0.146524
    30 0.866211 -0.000002 -0.000003 0.009351 0.733784 0.001142
    31 4.582031 0.205322 -0.326172 -1.539698 0.007204 -1.420212
    32 1.709961 0.000006 -0.000003 -0.026879 1.095842 -0.020771
    33 0.998047 -0.000001 0.000001 -0.016608 0.557664 0.006715
    34 4.332031 0.048065 0.604980 -1.502394 0.106974 -1.508525
    35 1.571289 0.000007 -0.000001 -0.060351 1.044535 -0.069431
    36 1.039063 -0.000009 0.000001 -0.009609 0.637010 -0.018240
    37 1.188212 -1.062016 -1.188357 2.688815 0.147029 -0.438545
    38 1.984257 0.000003 0.000002 0.027278 0.315271 0.098085
    39 1.214575 -0.000004 0.000002 0.021152 0.266873 -0.018769
    40 9.578125 -0.084412 -0.006870 -1.606853 -0.254477 -1.498648
    41 -0.871094 11.210938 -11.585938 0.000000 0.000000 -0.000001
    42 -2.351001 -6.251990 -3.688854 0.015315 -0.037555 0.027343
    43 -2.046171 -17.161542 -3.730729 0.015315 -0.037555 0.027343
    44 0.000000 0.000000 0.000000 0.000000 0.000000 0.000000
    45 0.000000 0.000000 0.000000 0.000000 0.000000 0.000000
    46 0.000000 0.000000 0.000000 0.000000 0.000000 0.000000
    47 0.000000 0.000000 0.000000 -1.570796 0.000000 0.000000
    48 0.000000 0.000000 0.000000 -1.570796 0.000000 0.000000
    49 0.000000 0.000000 0.000000 -1.570796 0.000000 0.000000
    50 0.000000 0.000000 0.000000 1.570796 0.000000 0.000000
    51 0.000000 0.000000 0.000000 1.570796 0.000000 0.000000
    52 0.000000 0.000000 0.000000 1.570796 0.000000 0.000000
    53 0.000000 0.000000 0.000000 1.570796 0.000000 0.000000
    54 0.000000 0.000000 0.000000 1.570796 0.000000 0.000000
    55 0.000000 0.000000 0.000000 1.570796 0.000000 0.000000
    56 0.000000 0.000000 0.000000 1.570796 0.000000 0.000000
    57 0.000000 0.000000 0.000000 1.570796 0.000000 0.000000
    58 0.000000 0.000000 0.000000 1.570796 0.000000 0.000000
    59 0.000000 0.000000 0.000000 1.570796 0.000000 0.000000
    60 0.000000 0.000000 0.000000 1.570796 0.000000 0.000000
    61 0.000000 0.000000 0.000000 1.570796 0.000000 0.000000
    62 0.000000 0.000001 0.000000 0.000000 0.000000 0.000000
    63 0.000000 0.000000 0.000000 0.000000 0.000000 0.000000
    64 0.000000 0.000000 0.000000 -3.141593 0.000000 0.000000
    65 0.000000 0.000000 0.000000 -1.570796 0.000000 0.000000
    66 0.000000 0.000000 0.000000 -1.570796 0.000000 0.000000
    67 0.000000 0.000000 0.000000 -1.570796 0.000000 0.000000
    68 0.000000 0.000000 0.000000 1.570796 0.000000 0.000000
    69 0.000000 0.000000 0.000000 1.570796 0.000000 0.000000
    70 0.000000 0.000000 0.000000 1.570796 0.000000 0.000000
    71 0.000000 0.000000 0.000001 1.570796 0.000000 0.000000
    72 0.000000 0.000000 0.000000 1.570796 0.000000 0.000000
    73 0.000000 0.000000 0.000000 1.570796 0.000000 0.000000
    74 0.000000 0.000000 0.000000 1.570796 0.000000 0.000000
    75 0.000000 0.000000 0.000000 1.570796 0.000000 0.000000
    76 -0.000001 0.000000 0.000000 1.570796 0.000000 0.000000
    77 0.000000 0.000000 0.000000 1.570796 0.000000 0.000000
    78 0.000000 0.000000 0.000000 1.570796 0.000000 0.000000
    79 0.000000 0.000000 0.000000 1.570796 0.000000 0.000000
  time 26
    0 -2.396745 -3.180646 -3.768762 0.009782 -0.025480 0.018076
    1 7.195313 4.312500 -6.410156 -0.275968 0.424923 -1.104175
    2 0.000000 0.000000 0.000000 2.508037 0.221503 -0.607737
    3 10.859747 -0.000001 -0.000001 0.263432 0.006722 0.966951
    4 11.118949 -0.012917 -0.055607 -0.427692 -0.073932 -0.484300
    5 4.460938 0.096558 -1.193359 1.700635 -0.250355 0.126839
    6 1.534180 -0.000001 0.000000 0.009042 0.848532 0.011307
    7 0.923828 0.000000 0.000000 0.002695 1.027849 0.003260
    8 4.582031 -0.205322 -0.326172 1.346533 -0.259536 0.638898
    9 1.709961 -0.000008 0.000000 3.036021 1.434016 3.039811
    10 0.998047 0.000000 -0.000001 0.026837 -0.314590 -0.022355
    11 4.332031 -0.048065 0.604980 1.141283 -0.111227 1.109616
    12 1.571289 0.000003 0.000002 0.269056 1.478394 0.281975
    13 1.039063 0.000006 -0.000001 0.006016 -0.410155 0.011865
    14 3.871094 0.338867 1.439453 1.121923 0.266193 1.782702
    15 1.197266 -0.000007 -0.000016 0.081066 0.567625 0.082907
    16 0.866211 0.000000 -0.000002 -0.008129 -0.487940 -0.000955
    17 1.188218 1.062015 -1.188354 3.072296 0.219014 0.151813
    18 1.984254 -0.000001 0.000000 -0.025970 0.053561 -0.091013
    19 1.217773 0.000006 0.000002 -0.020700 -0.169366 0.027834
    20 9.578125 0.084412 -0.006870 1.606992 0.268796 1.517345
    21 -1.511719 11.007813 -4.187500 1.244308 0.425693 -2.037295
    22 0.000000 0.000000 0.000000 2.791697 -0.381643 -0.389808
    23 10.859730 0.000013 -0.000005 -0.279054 0.007341 -2.093531
    24 11.118959 0.012915 -0.055609 -0.683186 -0.741391 1.178512
    25 4.460938 -0.096558 -1.193359 -1.692327 0.052480 -0.517339
    26 1.534180 0.000004 0.000000 -0.001689 0.150425 -0.007557
    27 0.923828 0.000000 0.000000 -0.000168 0.591517 -0.001706
    28 3.871094 -0.338867 1.439453 -1.480019 0.189903 -1.416936
    29 1.197266 0.000004 -0.000018 -0.127146 1.001777 -0.146524
    30 0.866211 -0.000002 -0.000003 0.009351 0.733784 0.001142
    31 4.582031 0.205322 -0.326172 -1.539698 0.007204 -1.420212
    32 1.709961 0.000006 -0.000003 -0.026879 1.095842 -0.020771
    33 0.998047 -0.000001 0.000001 -0.016608 0.557664 0.006715
    34 4.332031 0.048065 0.604980 -1.502394 0.106974 -1.508525
    35 1.571289 0.000007 -0.000001 -0.060351 1.044535 -0.069431
    36 1.039063 -0.000009 0.000001 -0.009609 0.637010 -0.018240
    37 1.188212 -1.062016 -1.188357 2.688815 0.147029 -0.438545
    38 1.984257 0.000003 0.000002 0.027278 0.315271 0.098085
    39 1.214575 -0.000004 0.000002 0.021152 0.266873 -0.018769
    40 9.578125 -0.084412 -0.006870 -1.606853 -0.254477 -1.498648
    41 -0.871094 11.210938 -11.585938 0.000000 0.000000 -0.000001
    42 -2.351001 -6.169956 -3.602914 0.009782 -0.025480 0.018076
    43 -2.147737 -17.079508 -3.586194 0.009782 -0.025480 0.018076
    44 0.000000 0.000000 0.000000 0.000000 0.000000 0.000000
    45 0.000000 0.000000 0.000000 0.000000 0.000000 0.000000
    46 0.000000 0.000000 0.000000 0.000000 0.000000 0.000000
    47 0.000000 0.000000 0.000000 -1.570796 0.000000 0.000000
    48 0.000000 0.000000 0.000000 -1.570796 0.000000 0.000000
    49 0.000000 0.000000 0.000000 -1.570796 0.000000 0.000000
    50 0.000000 0.000000 0.000000 1.570796 0.000000 0.000000
    51 0.000000 0.000000 0.000000 1.570796 0.000000 0.000000
    52 0.000000 0.000000 0.000000 1.570796 0.000000 0.000000
    53 0.000000 0.000000 0.000000 1.570796 0.000000 0.000000
    54 0.000000 0.000000 0.000000 1.570796 0.000000 0.000000
    55 0.000000 0.000000 0.000000 1.570796 0.000000 0.000000
    56 0.000000 0.000000 0.000000 1.570796 0.000000 0.000000
    57 0.000000 0.000000 0.000000 1.570796 0.000000 0.000000
    58 0.000000 0.000000 0.000000 1.570796 0.000000 0.000000
    59 0.000000 0.000000 0.000000 1.570796 0.000000 0.000000
    60 0.000000 0.000000 0.000000 1.570796 0.000000 0.000000
    61 0.000000 0.000000 0.000000 1.570796 0.000000 0.000000
    62 0.000000 0.000001 0.000000 0.000000 0.000000 0.000000
    63 0.000000 0.000000 0.000000 0.000000 0.000000 0.000000
    64 0.000000 0.000000 0.000000 -3.141593 0.000000 0.000000
    65 0.000000 0.000000 0.000000 -1.570796 0.000000 0.000000
    66 0.000000 0.000000 0.000000 -1.570796 0.000000 0.000000
    67 0.000000 0.000000 0.000000 -1.570796 0.000000 0.000000
    68 0.000000 0.000000 0.000000 1.570796 0.000000 0.000000
    69 0.000000 0.000000 0.000000 1.570796 0.000000 0.000000
    70 0.000000 0.000000 0.000000 1.570796 0.000000 0.000000
    71 0.000000 0.000000 0.000001 1.570796 0.000000 0.000000
    72 0.000000 0.000000 0.000000 1.570796 0.000000 0.000000
    73 0.000000 0.000000 0.000000 1.570796 0.000000 0.000000
    74 0.000000 0.000000 0.000000 1.570796 0.000000 0.000000
    75 0.000000 0.000000 0.000000 1.570796 0.000000 0.000000
    76 -0.000001 0.000000 0.000000 1.570796 0.000000 0.000000
    77 0.000000 0.000000 0.000000 1.570796 0.000000 0.000000
    78 0.000000 0.000000 0.000000 1.570796 0.000000 0.000000
    79 0.000000 0.000000 0.000000 1.570796 0.000000 0.000000
  time 27
    0 -2.373307 -3.106425 -3.706261 0.005484 -0.015151 0.010494
    1 7.195313 4.312500 -6.410156 -0.275968 0.424923 -1.104175
    2 0.000000 0.000000 0.000000 2.504843 0.221282 -0.613895
    3 10.859747 -0.000001 -0.000001 0.263480 0.006746 0.969900
    4 11.118949 -0.012917 -0.055607 -0.432691 -0.074667 -0.481655
    5 4.460938 0.096558 -1.193359 1.700635 -0.250355 0.126839
    6 1.534180 -0.000001 0.000000 0.009042 0.848532 0.011307
    7 0.923828 0.000000 0.000000 0.002695 1.027849 0.003260
    8 4.582031 -0.205322 -0.326172 1.346533 -0.259536 0.638898
    9 1.709961 -0.000008 0.000000 3.036021 1.434016 3.039811
    10 0.998047 0.000000 -0.000001 0.026837 -0.314590 -0.022355
    11 4.332031 -0.048065 0.604980 1.141283 -0.111227 1.109616
    12 1.571289 0.000003 0.000002 0.269056 1.478394 0.281975
    13 1.039063 0.000006 -0.000001 0.006016 -0.410155 0.011865
    14 3.871094 0.338867 1.439453 1.121923 0.266193 1.782702
    15 1.197266 -0.000007 -0.000016 0.081066 0.567625 0.082907
    16 0.866211 0.000000 -0.000002 -0.008129 -0.487940 -0.000955
    17 1.188218 1.062015 -1.188354 3.072296 0.219014 0.151813
    18 1.984254 -0.000001 0.000000 -0.025970 0.053561 -0.091013
    19 1.217773 0.000006 0.000002 -0.020700 -0.169366 0.027834
    20 9.578125 0.084412 -0.006870 1.606992 0.268796 1.517345
    21 -1.511719 11.007813 -4.187500 1.244308 0.425693 -2.037295
    22 0.000000 0.000000 0.000000 2.788988 -0.387133 -0.384787
    23 10.859730 0.000013 -0.000005 -0.279162 0.007257 -2.102860
    24 11.118959 0.012915 -0.055609 -0.690797 -0.735481 1.195589
    25 4.460938 -0.096558 -1.193359 -1.692327 0.052480 -0.517339
    26 1.534180 0.000004 0.000000 -0.001689 0.150425 -0.007557
    27 0.923828 0.000000 0.000000 -0.000168 0.591517 -0.001706
    28 3.871094 -0.338867 1.439453 -1.480019 0.189903 -1.416936
    29 1.197266 0.000004 -0.000018 -0.127146 1.001777 -0.146524
    30 0.866211 -0.000002 -0.000003 0.009351 0.733784 0.001142
    31 4.582031 0.205322 -0.326172 -1.539698 0.007204 -1.420212
    32 1.709961 0.000006 -0.000003 -0.026879 1.095842 -0.020771
    33 0.998047 -0.000001 0.000001 -0.016608 0.557664 0.006715
    34 4.332031 0.048065 0.604980 -1.502394 0.106974 -1.508525
    35 1.571289 0.000007 -0.000001 -0.060351 1.044535 -0.069431
    36 1.039063 -0.000009 0.000001 -0.009609 0.637010 -0.018240
    37 1.188212 -1.062016 -1.188357 2.688815 0.147029 -0.438545
    38 1.984257 0.000003 0.000002 0.027278 0.315271 0.098085
    39 1.214575 -0.000004 0.000002 0.021152 0.266873 -0.018769
    40 9.578125 -0.084412 -0.006870 -1.606853 -0.254477 -1.498648
    41 -0.871094 11.210938 -11.585938 0.000000 0.000000 -0.000001
    42 -2.343188 -6.095735 -3.524787 0.005484 -0.015151 0.010494
    43 -2.225864 -17.005287 -3.457283 0.005484 -0.015151 0.010494
    44 0.000000 0.000000 0.000000 0.000000 0.000000 0.000000
    45 0.000000 0.000000 0.000000 0.000000 0.000000 0.000000
    46 0.000000 0.000000 0.000000 0.000000 0.000000 0.000000
    47 0.000000 0.000000 0.000000 -1.570796 0.000000 0.000000
    48 0.000000 0.000000 0.000000 -1.570796 0.000000 0.000000
    49 0.000000 0.000000 0.000000 -1.570796 0.000000 0.000000
    50 0.000000 0.000000 0.000000 1.570796 0.000000 0.000000
    51 0.000000 0.000000 0.000000 1.570796 0.000000 0.000000
    52 0.000000 0.000000 0.000000 1.570796 0.000000 0.000000
    53 0.000000 0.000000 0.000000 1.570796 0.000000 0.000000
    54 0.000000 0.000000 0.000000 1.570796 0.000000 0.000000
    55 0.000000 0.000000 0.000000 1.570796 0.000000 0.000000
    56 0.000000 0.000000 0.000000 1.570796 0.000000 0.000000
    57 0.000000 0.000000 0.000000 1.570796 0.000000 0.000000
    58 0.000000 0.000000 0.000000 1.570796 0.000000 0.000000
    59 0.000000 0.000000 0.000000 1.570796 0.000000 0.000000
    60 0.000000 0.000000 0.000000 1.570796 0.000000 0.000000
    61 0.000000 0.000000 0.000000 1.570796 0.000000 0.000000
    62 0.000000 0.000001 0.000000 0.000000 0.000000 0.000000
    63 0.000000 0.000000 0.000000 0.000000 0.000000 0.000000
    64 0.000000 0.000000 0.000000 -3.141593 0.000000 0.000000
    65 0.000000 0.000000 0.000000 -1.570796 0.000000 0.000000
    66 0.000000 0.000000 0.000000 -1.570796 0.000000 0.000000
    67 0.000000 0.000000 0.000000 -1.570796 0.000000 0.000000
    68 0.000000 0.000000 0.000000 1.570796 0.000000 0.000000
    69 0.000000 0.000000 0.000000 1.570796 0.000000 0.000000
    70 0.000000 0.000000 0.000000 1.570796 0.000000 0.000000
    71 0.000000 0.000000 0.000001 1.570796 0.000000 0.000000
    72 0.000000 0.000000 0.000000 1.570796 0.000000 0.000000
    73 0.000000 0.000000 0.000000 1.570796 0.000000 0.000000
    74 0.000000 0.000000 0.000000 1.570796 0.000000 0.000000
    75 0.000000 0.000000 0.000000 1.570796 0.000000 0.000000
    76 -0.000001 0.000000 0.000000 1.570796 0.000000 0.000000
    77 0.000000 0.000000 0.000000 1.570796 0.000000 0.000000
    78 0.000000 0.000000 0.000000 1.570796 0.000000 0.000000
    79 0.000000 0.000000 0.000000 1.570796 0.000000 0.000000
  time 28
    0 -2.353775 -3.047830 -3.643759 0.002421 -0.007063 0.004850
    1 7.195313 4.312500 -6.410156 -0.275968 0.424923 -1.104175
    2 0.000000 0.000000 0.000000 2.502181 0.221172 -0.618582
    3 10.859747 -0.000001 -0.000001 0.263504 0.006770 0.972785
    4 11.118949 -0.012917 -0.055607 -0.436500 -0.075402 -0.480408
    5 4.460938 0.096558 -1.193359 1.700635 -0.250355 0.126839
    6 1.534180 -0.000001 0.000000 0.009042 0.848532 0.011307
    7 0.923828 0.000000 0.000000 0.002695 1.027849 0.003260
    8 4.582031 -0.205322 -0.326172 1.346533 -0.259536 0.638898
    9 1.709961 -0.000008 0.000000 3.036021 1.434016 3.039811
    10 0.998047 0.000000 -0.000001 0.026837 -0.314590 -0.022355
    11 4.332031 -0.048065 0.604980 1.141283 -0.111227 1.109616
    12 1.571289 0.000003 0.000002 0.269056 1.478394 0.281975
    13 1.039063 0.000006 -0.000001 0.006016 -0.410155 0.011865
    14 3.871094 0.338867 1.439453 1.121923 0.266193 1.782702
    15 1.197266 -0.000007 -0.000016 0.081066 0.567625 0.082907
    16 0.866211 0.000000 -0.000002 -0.008129 -0.487940 -0.000955
    17 1.188218 1.062015 -1.188354 3.072296 0.219014 0.151813
    18 1.984254 -0.000001 0.000000 -0.025970 0.053561 -0.091013
    19 1.217773 0.000006 0.000002 -0.020700 -0.169366 0.027834
    20 9.578125 0.084412 -0.006870 1.606992 0.268796 1.517345
    21 -1.511719 11.007813 -4.187500 1.244308 0.425693 -2.037295
    22 0.000000 0.000000 0.000000 2.787154 -0.391533 -0.380265
    23 10.859730 0.000013 -0.000005 -0.279258 0.007197 -2.110040
    24 11.118959 0.012915 -0.055609 -0.697198 -0.731972 1.209482
    25 4.460938 -0.096558 -1.193359 -1.692327 0.052480 -0.517339
    26 1.534180 0.000004 0.000000 -0.001689 0.150425 -0.007557
    27 0.923828 0.000000 0.000000 -0.000168 0.591517 -0.001706
    28 3.871094 -0.338867 1.439453 -1.480019 0.189903 -1.416936
    29 1.197266 0.000004 -0.000018 -0.127146 1.001777 -0.146524
    30 0.866211 -0.000002 -0.000003 0.009351 0.733784 0.001142
    31 4.582031 0.205322 -0.326172 -1.539698 0.007204 -1.420212
    32 1.709961 0.000006 -0.000003 -0.026879 1.095842 -0.020771
    33 0.998047 -0.000001 0.000001 -0.016608 0.557664 0.006715
    34 4.332031 0.048065 0.604980 -1.502394 0.106974 -1.508525
    35 1.571289 0.000007 -0.000001 -0.060351 1.044535 -0.069431
    36 1.039063 -0.000009 0.000001 -0.009609 0.637010 -0.018240
    37 1.188212 -1.062016 -1.188357 2.688815 0.147029 -0.438545
    38 1.984257 0.000003 0.000002 0.027278 0.315271 0.098085
    39 1.214575 -0.000004 0.000002 0.021152 0.266873 -0.018769
    40 9.578125 -0.084412 -0.006870 -1.606853 -0.254477 -1.498648
    41 -0.871094 11.210938 -11.585938 0.000000 0.000000 -0.000001
    42 -2.343188 -6.033233 -3.454472 0.002421 -0.007063 0.004850
    43 -2.288366 -16.950598 -3.355718 0.002421 -0.007063 0.004850
    44 0.000000 0.000000 0.000000 0.000000 0.000000 0.000000
    45 0.000000 0.000000 0.000000 0.000000 0.000000 0.000000
    46 0.000000 0.000000 0.000000 0.000000 0.000000 0.000000
    47 0.000000 0.000000 0.000000 -1.570796 0.000000 0.000000
    48 0.000000 0.000000 0.000000 -1.570796 0.000000 0.000000
    49 0.000000 0.000000 0.000000 -1.570796 0.000000 0.000000
    50 0.000000 0.000000 0.000000 1.570796 0.000000 0.000000
    51 0.000000 0.000000 0.000000 1.570796 0.000000 0.000000
    52 0.000000 0.000000 0.000000 1.570796 0.000000 0.000000
    53 0.000000 0.000000 0.000000 1.570796 0.000000 0.000000
    54 0.000000 0.000000 0.000000 1.570796 0.000000 0.000000
    55 0.000000 0.000000 0.000000 1.570796 0.000000 0.000000
    56 0.000000 0.000000 0.000000 1.570796 0.000000 0.000000
    57 0.000000 0.000000 0.000000 1.570796 0.000000 0.000000
    58 0.000000 0.000000 0.000000 1.570796 0.000000 0.000000
    59 0.000000 0.000000 0.000000 1.570796 0.000000 0.000000
    60 0.000000 0.000000 0.000000 1.570796 0.000000 0.000000
    61 0.000000 0.000000 0.000000 1.570796 0.000000 0.000000
    62 0.000000 0.000001 0.000000 0.000000 0.000000 0.000000
    63 0.000000 0.000000 0.000000 0.000000 0.000000 0.000000
    64 0.000000 0.000000 0.000000 -3.141593 0.000000 0.000000
    65 0.000000 0.000000 0.000000 -1.570796 0.000000 0.000000
    66 0.000000 0.000000 0.000000 -1.570796 0.000000 0.000000
    67 0.000000 0.000000 0.000000 -1.570796 0.000000 0.000000
    68 0.000000 0.000000 0.000000 1.570796 0.000000 0.000000
    69 0.000000 0.000000 0.000000 1.570796 0.000000 0.000000
    70 0.000000 0.000000 0.000000 1.570796 0.000000 0.000000
    71 0.000000 0.000000 0.000001 1.570796 0.000000 0.000000
    72 0.000000 0.000000 0.000000 1.570796 0.000000 0.000000
    73 0.000000 0.000000 0.000000 1.570796 0.000000 0.000000
    74 0.000000 0.000000 0.000000 1.570796 0.000000 0.000000
    75 0.000000 0.000000 0.000000 1.570796 0.000000 0.000000
    76 -0.000001 0.000000 0.000000 1.570796 0.000000 0.000000
    77 0.000000 0.000000 0.000000 1.570796 0.000000 0.000000
    78 0.000000 0.000000 0.000000 1.570796 0.000000 0.000000
    79 0.000000 0.000000 0.000000 1.570796 0.000000 0.000000
  time 29
    0 -2.342056 -3.008766 -3.600789 0.000593 -0.001861 0.001227
    1 7.195313 4.312500 -6.410156 -0.275968 0.424923 -1.104175
    2 0.000000 0.000000 0.000000 2.500487 0.221061 -0.621634
    3 10.859747 -0.000001 -0.000001 0.263528 0.006782 0.974974
    4 11.118949 -0.012917 -0.055607 -0.438940 -0.075962 -0.480030
    5 4.460938 0.096558 -1.193359 1.700635 -0.250355 0.126839
    6 1.534180 -0.000001 0.000000 0.009042 0.848532 0.011307
    7 0.923828 0.000000 0.000000 0.002695 1.027849 0.003260
    8 4.582031 -0.205322 -0.326172 1.346533 -0.259536 0.638898
    9 1.709961 -0.000008 0.000000 3.036021 1.434016 3.039811
    10 0.998047 0.000000 -0.000001 0.026837 -0.314590 -0.022355
    11 4.332031 -0.048065 0.604980 1.141283 -0.111227 1.109616
    12 1.571289 0.000003 0.000002 0.269056 1.478394 0.281975
    13 1.039063 0.000006 -0.000001 0.006016 -0.410155 0.011865
    14 3.871094 0.338867 1.439453 1.121923 0.266193 1.782702
    15 1.197266 -0.000007 -0.000016 0.081066 0.567625 0.082907
    16 0.866211 0.000000 -0.000002 -0.008129 -0.487940 -0.000955
    17 1.188218 1.062015 -1.188354 3.072296 0.219014 0.151813
    18 1.984254 -0.000001 0.000000 -0.025970 0.053561 -0.091013
    19 1.217773 0.000006 0.000002 -0.020700 -0.169366 0.027834
    20 9.578125 0.084412 -0.006870 1.606992 0.268796 1.517345
    21 -1.511719 11.007813 -4.187500 1.244308 0.425693 -2.037295
    22 0.000000 0.000000 0.000000 2.785908 -0.394776 -0.376838
    23 10.859730 0.000013 -0.000005 -0.279330 0.007173 -2.114684
    24 11.118959 0.012915 -0.055609 -0.701079 -0.730273 1.218495
    25 4.460938 -0.096558 -1.193359 -1.692327 0.052480 -0.517339
    26 1.534180 0.000004 0.000000 -0.001689 0.150425 -0.007557
    27 0.923828 0.000000 0.000000 -0.000168 0.591517 -0.001706
    28 3.871094 -0.338867 1.439453 -1.480019 0.189903 -1.416936
    29 1.197266 0.000004 -0.000018 -0.127146 1.001777 -0.146524
    30 0.866211 -0.000002 -0.000003 0.009351 0.733784 0.001142
    31 4.582031 0.205322 -0.326172 -1.539698 0.007204 -1.420212
    32 1.709961 0.000006 -0.000003 -0.026879 1.095842 -0.020771
    33 0.998047 -0.000001 0.000001 -0.016608 0.557664 0.006715
    34 4.332031 0.048065 0.604980 -1.502394 0.106974 -1.508525
    35 1.571289 0.000007 -0.000001 -0.060351 1.044535 -0.069431
    36 1.039063 -0.000009 0.000001 -0.009609 0.637010 -0.018240
    37 1.188212 -1.062016 -1.188357 2.688815 0.147029 -0.438545
    38 1.984257 0.000003 0.000002 0.027278 0.315271 0.098085
    39 1.214575 -0.000004 0.000002 0.021152 0.266873 -0.018769
    40 9.578125 -0.084412 -0.006870 -1.606853 -0.254477 -1.498648
    41 -0.871094 11.210938 -11.585938 0.000000 0.000000 -0.000001
    42 -2.339282 -5.994170 -3.407596 0.000593 -0.001861 0.001227
    43 -2.327430 -16.907628 -3.289310 0.000593 -0.001861 0.001227
    44 0.000000 0.000000 0.000000 0.000000 0.000000 0.000000
    45 0.000000 0.000000 0.000000 0.000000 0.000000 0.000000
    46 0.000000 0.000000 0.000000 0.000000 0.000000 0.000000
    47 0.000000 0.000000 0.000000 -1.570796 0.000000 0.000000
    48 0.000000 0.000000 0.000000 -1.570796 0.000000 0.000000
    49 0.000000 0.000000 0.000000 -1.570796 0.000000 0.000000
    50 0.000000 0.000000 0.000000 1.570796 0.000000 0.000000
    51 0.000000 0.000000 0.000000 1.570796 0.000000 0.000000
    52 0.000000 0.000000 0.000000 1.570796 0.000000 0.000000
    53 0.000000 0.000000 0.000000 1.570796 0.000000 0.000000
    54 0.000000 0.000000 0.000000 1.570796 0.000000 0.000000
    55 0.000000 0.000000 0.000000 1.570796 0.000000 0.000000
    56 0.000000 0.000000 0.000000 1.570796 0.000000 0.000000
    57 0.000000 0.000000 0.000000 1.570796 0.000000 0.000000
    58 0.000000 0.000000 0.000000 1.570796 0.000000 0.000000
    59 0.000000 0.000000 0.000000 1.570796 0.000000 0.000000
    60 0.000000 0.000000 0.000000 1.570796 0.000000 0.000000
    61 0.000000 0.000000 0.000000 1.570796 0.000000 0.000000
    62 0.000000 0.000001 0.000000 0.000000 0.000000 0.000000
    63 0.000000 0.000000 0.000000 0.000000 0.000000 0.000000
    64 0.000000 0.000000 0.000000 -3.141593 0.000000 0.000000
    65 0.000000 0.000000 0.000000 -1.570796 0.000000 0.000000
    66 0.000000 0.000000 0.000000 -1.570796 0.000000 0.000000
    67 0.000000 0.000000 0.000000 -1.570796 0.000000 0.000000
    68 0.000000 0.000000 0.000000 1.570796 0.000000 0.000000
    69 0.000000 0.000000 0.000000 1.570796 0.000000 0.000000
    70 0.000000 0.000000 0.000000 1.570796 0.000000 0.000000
    71 0.000000 0.000000 0.000001 1.570796 0.000000 0.000000
    72 0.000000 0.000000 0.000000 1.570796 0.000000 0.000000
    73 0.000000 0.000000 0.000000 1.570796 0.000000 0.000000
    74 0.000000 0.000000 0.000000 1.570796 0.000000 0.000000
    75 0.000000 0.000000 0.000000 1.570796 0.000000 0.000000
    76 -0.000001 0.000000 0.000000 1.570796 0.000000 0.000000
    77 0.000000 0.000000 0.000000 1.570796 0.000000 0.000000
    78 0.000000 0.000000 0.000000 1.570796 0.000000 0.000000
    79 0.000000 0.000000 0.000000 1.570796 0.000000 0.000000
  time 30
    0 -2.338150 -2.993141 -3.589069 0.000000 0.000000 -0.000121
    1 7.195313 4.312500 -6.410156 -0.275968 0.424923 -1.104175
    2 0.000000 0.000000 0.000000 2.499906 0.221061 -0.622615
    3 10.859747 -0.000001 -0.000001 0.263528 0.006782 0.975798
    4 11.118949 -0.012917 -0.055607 -0.439714 -0.076172 -0.480030
    5 4.460938 0.096558 -1.193359 1.700635 -0.250355 0.126839
    6 1.534180 -0.000001 0.000000 0.009042 0.848532 0.011307
    7 0.923828 0.000000 0.000000 0.002695 1.027849 0.003260
    8 4.582031 -0.205322 -0.326172 1.346533 -0.259536 0.638898
    9 1.709961 -0.000008 0.000000 3.036021 1.434016 3.039811
    10 0.998047 0.000000 -0.000001 0.026837 -0.314590 -0.022355
    11 4.332031 -0.048065 0.604980 1.141283 -0.111227 1.109616
    12 1.571289 0.000003 0.000002 0.269056 1.478394 0.281975
    13 1.039063 0.000006 -0.000001 0.006016 -0.410155 0.011865
    14 3.871094 0.338867 1.439453 1.121923 0.266193 1.782702
    15 1.197266 -0.000007 -0.000016 0.081066 0.567625 0.082907
    16 0.866211 0.000000 -0.000002 -0.008129 -0.487940 -0.000955
    17 1.188218 1.062015 -1.188354 3.072296 0.219014 0.151813
    18 1.984254 -0.000001 0.000000 -0.025970 0.053561 -0.091013
    19 1.217773 0.000006 0.000002 -0.020700 -0.169366 0.027834
    20 9.578125 0.084412 -0.006870 1.606992 0.268796 1.517345
    21 -1.511719 11.007813 -4.187500 1.244308 0.425693 -2.037295
    22 0.000000 0.000000 0.000000 2.785285 -0.396270 -0.375403
    23 10.859730 0.000013 -0.000005 -0.279330 0.007173 -2.116317
    24 11.118959 0.012915 -0.055609 -0.701936 -0.729903 1.221545
    25 4.460938 -0.096558 -1.193359 -1.692327 0.052480 -0.517339
    26 1.534180 0.000004 0.000000 -0.001689 0.150425 -0.007557
    27 0.923828 0.000000 0.000000 -0.000168 0.591517 -0.001706
    28 3.871094 -0.338867 1.439453 -1.480019 0.189903 -1.416936
    29 1.197266 0.000004 -0.000018 -0.127146 1.001777 -0.146524
    30 0.866211 -0.000002 -0.000003 0.009351 0.733784 0.001142
    31 4.582031 0.205322 -0.326172 -1.539698 0.007204 -1.420212
    32 1.709961 0.000006 -0.000003 -0.026879 1.095842 -0.020771
    33 0.998047 -0.000001 0.000001 -0.016608 0.557664 0.006715
    34 4.332031 0.048065 0.604980 -1.502394 0.106974 -1.508525
    35 1.571289 0.000007 -0.000001 -0.060351 1.044535 -0.069431
    36 1.039063 -0.000009 0.000001 -0.009609 0.637010 -0.018240
    37 1.188212 -1.062016 -1.188357 2.688815 0.147029 -0.438545
    38 1.984257 0.000003 0.000002 0.027278 0.315271 0.098085
    39 1.214575 -0.000004 0.000002 0.021152 0.266873 -0.018769
    40 9.578125 -0.084412 -0.006870 -1.606853 -0.254477 -1.498648
    41 -0.871094 11.210938 -11.585938 0.000000 0.000000 -0.000001
    42 -2.339282 -5.982450 -3.391970 0.000000 0.000000 -0.000121
    43 -2.335242 -16.892002 -3.265871 0.000000 0.000000 -0.000121
    44 0.000000 0.000000 0.000000 0.000000 0.000000 0.000000
    45 0.000000 0.000000 0.000000 0.000000 0.000000 0.000000
    46 0.000000 0.000000 0.000000 0.000000 0.000000 0.000000
    47 0.000000 0.000000 0.000000 -1.570796 0.000000 0.000000
    48 0.000000 0.000000 0.000000 -1.570796 0.000000 0.000000
    49 0.000000 0.000000 0.000000 -1.570796 0.000000 0.000000
    50 0.000000 0.000000 0.000000 1.570796 0.000000 0.000000
    51 0.000000 0.000000 0.000000 1.570796 0.000000 0.000000
    52 0.000000 0.000000 0.000000 1.570796 0.000000 0.000000
    53 0.000000 0.000000 0.000000 1.570796 0.000000 0.000000
    54 0.000000 0.000000 0.000000 1.570796 0.000000 0.000000
    55 0.000000 0.000000 0.000000 1.570796 0.000000 0.000000
    56 0.000000 0.000000 0.000000 1.570796 0.000000 0.000000
    57 0.000000 0.000000 0.000000 1.570796 0.000000 0.000000
    58 0.000000 0.000000 0.000000 1.570796 0.000000 0.000000
    59 0.000000 0.000000 0.000000 1.570796 0.000000 0.000000
    60 0.000000 0.000000 0.000000 1.570796 0.000000 0.000000
    61 0.000000 0.000000 0.000000 1.570796 0.000000 0.000000
    62 0.000000 0.000001 0.000000 0.000000 0.000000 0.000000
    63 0.000000 0.000000 0.000000 0.000000 0.000000 0.000000
    64 0.000000 0.000000 0.000000 -3.141593 0.000000 0.000000
    65 0.000000 0.000000 0.000000 -1.570796 0.000000 0.000000
    66 0.000000 0.000000 0.000000 -1.570796 0.000000 0.000000
    67 0.000000 0.000000 0.000000 -1.570796 0.000000 0.000000
    68 0.000000 0.000000 0.000000 1.570796 0.000000 0.000000
    69 0.000000 0.000000 0.000000 1.570796 0.000000 0.000000
    70 0.000000 0.000000 0.000000 1.570796 0.000000 0.000000
    71 0.000000 0.000000 0.000001 1.570796 0.000000 0.000000
    72 0.000000 0.000000 0.000000 1.570796 0.000000 0.000000
    73 0.000000 0.000000 0.000000 1.570796 0.000000 0.000000
    74 0.000000 0.000000 0.000000 1.570796 0.000000 0.000000
    75 0.000000 0.000000 0.000000 1.570796 0.000000 0.000000
    76 -0.000001 0.000000 0.000000 1.570796 0.000000 0.000000
    77 0.000000 0.000000 0.000000 1.570796 0.000000 0.000000
    78 0.000000 0.000000 0.000000 1.570796 0.000000 0.000000
    79 0.000000 0.000000 0.000000 1.570796 0.000000 0.000000
end
