// Created by Crowbar 0.74
version 1
nodes
  0 "body" -1
  1 "l-upperarm-movement" -1
  2 "l-upperarm" 1
  3 "l-forearm" 2
  4 "lwrist" 3
  5 "l-index-low" 4
  6 "l-index-mid" 5
  7 "l-index-tip" 6
  8 "l-middle-low" 4
  9 "l-middle-mid" 8
  10 "l-middle-tip" 9
  11 "l-ring-low" 4
  12 "l-ring-mid" 11
  13 "l-ring-tip" 12
  14 "l-pinky-low" 4
  15 "l-pinky-mid" 14
  16 "l-pinky-tip" 15
  17 "l-thumb-low" 4
  18 "l-thumb-mid" 17
  19 "l-thumb-tip" 18
  20 "l-forearm-twist" 3
  21 "r-upperarm-movement" -1
  22 "r-upperarm" 21
  23 "r-forearm" 22
  24 "r-rist" 23
  25 "r-index-low" 24
  26 "r-index-mid" 25
  27 "r-index-tip" 26
  28 "r-pinky-low" 24
  29 "r-pinky-mid" 28
  30 "r-pinky-tip" 29
  31 "r-middle-low" 24
  32 "r-middle-mid" 31
  33 "r-middle-tip" 32
  34 "r-ring-low" 24
  35 "r-ring-mid" 34
  36 "r-ring-tip" 35
  37 "r-thumb-low" 24
  38 "r-thumb-mid" 37
  39 "r-thumb-tip" 38
  40 "r-forearm-twist" 23
  41 "Shell" -1
  42 "trigger" -1
  43 "pump." -1
  44 "ValveBiped.Bip01_R_UpperArm" 22
  45 "ValveBiped.Bip01_R_Forearm" 23
  46 "ValveBiped.Bip01_R_Hand" 24
  47 "ValveBiped.Bip01_R_Finger0" 37
  48 "ValveBiped.Bip01_R_Finger01" 38
  49 "ValveBiped.Bip01_R_Finger02" 39
  50 "ValveBiped.Bip01_R_Finger1" 25
  51 "ValveBiped.Bip01_R_Finger11" 26
  52 "ValveBiped.Bip01_R_Finger12" 27
  53 "ValveBiped.Bip01_R_Finger2" 31
  54 "ValveBiped.Bip01_R_Finger21" 32
  55 "ValveBiped.Bip01_R_Finger22" 33
  56 "ValveBiped.Bip01_R_Finger3" 34
  57 "ValveBiped.Bip01_R_Finger31" 35
  58 "ValveBiped.Bip01_R_Finger32" 36
  59 "ValveBiped.Bip01_R_Finger4" 28
  60 "ValveBiped.Bip01_R_Finger41" 29
  61 "ValveBiped.Bip01_R_Finger42" 30
  62 "ValveBiped.Bip01_L_UpperArm" 2
  63 "ValveBiped.Bip01_L_Forearm" 3
  64 "ValveBiped.Bip01_L_Hand" 4
  65 "ValveBiped.Bip01_L_Finger0" 17
  66 "ValveBiped.Bip01_L_Finger01" 18
  67 "ValveBiped.Bip01_L_Finger02" 19
  68 "ValveBiped.Bip01_L_Finger1" 5
  69 "ValveBiped.Bip01_L_Finger11" 6
  70 "ValveBiped.Bip01_L_Finger12" 7
  71 "ValveBiped.Bip01_L_Finger2" 8
  72 "ValveBiped.Bip01_L_Finger21" 9
  73 "ValveBiped.Bip01_L_Finger22" 10
  74 "ValveBiped.Bip01_L_Finger3" 11
  75 "ValveBiped.Bip01_L_Finger31" 12
  76 "ValveBiped.Bip01_L_Finger32" 13
  77 "ValveBiped.Bip01_L_Finger4" 14
  78 "ValveBiped.Bip01_L_Finger41" 15
  79 "ValveBiped.Bip01_L_Finger42" 16
end
skeleton
  time 0
    0 -5.744504 -8.770661 -4.862546 -1.417754 -0.315022 1.052107
    1 7.195313 4.312500 -6.410156 -0.275968 0.424923 -1.104175
    2 0.000000 0.000000 0.000000 3.070592 0.192990 0.712039
    3 10.859747 -0.000001 -0.000001 0.277107 0.008268 1.947274
    4 11.118949 -0.012917 -0.055607 1.258429 -0.635666 0.271307
    5 4.462505 0.096129 -1.190233 1.700635 -0.250355 0.126839
    6 1.533205 -0.000001 -0.000001 0.015621 1.110258 0.016808
    7 0.922225 0.000000 0.000000 0.005727 1.289610 0.006053
    8 4.581339 -0.202365 -0.322599 1.287796 -0.193465 0.898948
    9 1.706794 -0.000006 0.000000 3.036021 1.434016 3.039811
    10 0.995784 0.000001 0.000000 0.037384 0.819419 0.013263
    11 4.329579 -0.047878 0.601895 1.127992 -0.000106 1.347118
    12 1.571783 0.000002 0.000005 0.138963 1.392803 0.150792
    13 1.038471 0.000006 0.000000 0.013818 1.160503 0.026930
    14 3.871905 0.337152 1.438553 1.056955 0.061531 1.391378
    15 1.197247 -0.000007 -0.000013 0.488854 1.424840 0.523688
    16 0.862615 0.000000 0.000000 -0.011173 1.257335 -0.002728
    17 1.188218 1.062015 -1.188354 2.998169 0.374166 -0.048342
    18 1.984254 -0.000001 0.000000 -0.030931 0.576927 -0.106485
    19 1.217773 0.000004 0.000002 -0.020700 -0.169366 0.027834
    20 9.582013 0.082096 -0.005725 1.670546 -1.212856 1.414266
    21 -1.511719 11.007813 -4.187500 1.244308 0.425693 -2.037295
    22 0.000000 0.000000 0.000000 2.868985 0.015365 -0.109992
    23 10.859730 0.000013 -0.000005 -0.261065 0.004680 -0.753392
    24 11.118959 0.012915 -0.055609 0.039792 0.295154 -0.939064
    25 4.460938 -0.096558 -1.193359 -1.667169 0.090820 -0.169460
    26 1.534180 0.000004 -0.000001 -0.001688 -0.111364 -0.007557
    27 0.923828 0.000000 0.000000 -0.000167 -0.106593 -0.001704
    28 3.871094 -0.338867 1.439453 -1.480019 0.189903 -1.416936
    29 1.197266 0.000004 -0.000016 -0.127146 1.001777 -0.146524
    30 0.866211 -0.000001 -0.000003 0.009351 0.733784 0.001142
    31 4.582031 0.205322 -0.326172 -1.539698 0.007204 -1.420212
    32 1.709961 0.000006 -0.000002 -0.026879 1.095842 -0.020771
    33 0.998047 -0.000002 0.000002 -0.016608 0.557664 0.006715
    34 4.332031 0.048065 0.604980 -1.502394 0.106974 -1.508525
    35 1.571289 0.000007 -0.000001 -0.060351 1.044535 -0.069431
    36 1.039063 -0.000008 0.000002 -0.009609 0.637010 -0.018240
    37 1.191406 -1.063477 -1.191406 2.688815 0.147029 -0.438545
    38 1.987305 0.000004 0.000003 0.027278 0.315271 0.098085
    39 1.217773 -0.000005 0.000003 0.021152 0.266873 -0.018769
    40 9.578125 -0.084412 -0.006870 -1.606853 -0.254477 -1.498648
    41 3.812954 -8.230064 -12.689265 -0.080605 -0.086912 -1.373290
    42 -5.980018 -9.705220 -2.036460 -1.417754 -0.315022 1.052107
    43 -6.304114 -13.372364 8.238386 -1.417754 -0.315022 1.052107
    44 0.000000 0.000000 0.000000 0.000000 0.000000 0.000000
    45 0.000000 0.000000 0.000000 0.000000 0.000000 0.000000
    46 0.000000 0.000000 0.000000 0.000000 0.000000 0.000000
    47 0.000000 0.000000 0.000000 -1.570796 0.000000 0.000000
    48 0.000000 0.000000 0.000000 -1.570796 0.000000 0.000000
    49 0.000000 0.000000 0.000000 -1.570796 0.000000 0.000000
    50 0.000000 0.000000 0.000000 1.570796 0.000000 0.000000
    51 0.000000 0.000000 0.000000 1.570796 0.000000 0.000000
    52 0.000000 0.000000 0.000000 1.570796 0.000000 0.000000
    53 0.000000 0.000000 0.000000 1.570796 0.000000 0.000000
    54 0.000000 0.000000 0.000000 1.570796 0.000000 0.000000
    55 0.000000 0.000000 0.000000 1.570796 0.000000 0.000000
    56 0.000000 0.000000 0.000000 1.570796 0.000000 0.000000
    57 0.000000 0.000000 0.000000 1.570796 0.000000 0.000000
    58 0.000000 0.000000 0.000000 1.570796 0.000000 0.000000
    59 0.000000 0.000000 0.000000 1.570796 0.000000 0.000000
    60 0.000000 0.000000 0.000000 1.570796 0.000000 0.000000
    61 0.000000 0.000000 0.000000 1.570796 0.000000 0.000000
    62 0.000000 0.000001 0.000000 0.000000 0.000000 0.000000
    63 0.000000 0.000000 0.000000 0.000000 0.000000 0.000000
    64 0.000000 0.000000 0.000000 -3.141593 0.000000 0.000000
    65 0.000000 0.000000 0.000000 -1.570796 0.000000 0.000000
    66 0.000000 0.000000 0.000000 -1.570796 0.000000 0.000000
    67 0.000000 0.000000 0.000000 -1.570796 0.000000 0.000000
    68 0.000000 0.000000 0.000000 1.570796 0.000000 0.000000
    69 0.000000 0.000000 0.000000 1.570796 0.000000 0.000000
    70 0.000000 0.000000 0.000000 1.570796 0.000000 0.000000
    71 0.000000 0.000000 0.000001 1.570796 0.000000 0.000000
    72 0.000000 0.000000 0.000000 1.570796 0.000000 0.000000
    73 0.000000 0.000000 0.000000 1.570796 0.000000 0.000000
    74 0.000000 0.000000 0.000000 1.570796 0.000000 0.000000
    75 0.000000 0.000000 0.000000 1.570796 0.000000 0.000000
    76 -0.000001 0.000000 0.000000 1.570796 0.000000 0.000000
    77 0.000000 0.000000 0.000000 1.570796 0.000000 0.000000
    78 0.000000 0.000000 0.000000 1.570796 0.000000 0.000000
    79 0.000000 0.000000 0.000000 1.570796 0.000000 0.000000
  time 1
    0 -5.744504 -8.770661 -4.858639 -1.418100 -0.315706 1.055477
    1 7.195313 4.312500 -6.410156 -0.275968 0.424923 -1.104175
    2 0.000000 0.000000 0.000000 3.052926 0.203335 0.692201
    3 10.859747 -0.000001 -0.000001 0.277178 0.008232 1.952760
    4 11.118949 -0.012917 -0.055607 1.215282 -0.639726 0.272365
    5 4.462505 0.096129 -1.190233 1.700635 -0.250355 0.126839
    6 1.533205 -0.000001 -0.000001 0.014806 1.088240 0.016089
    7 0.922225 0.000000 0.000000 0.005272 1.267592 0.005621
    8 4.581339 -0.202365 -0.322599 1.291596 -0.191883 0.885155
    9 1.706794 -0.000006 0.000000 3.036021 1.434016 3.039811
    10 0.995784 0.000001 0.000000 0.036533 0.803257 0.012389
    11 4.329579 -0.047878 0.601895 1.127992 -0.000106 1.347118
    12 1.571783 0.000002 0.000005 0.138963 1.392803 0.150792
    13 1.038471 0.000006 0.000000 0.013830 1.160551 0.026930
    14 3.871905 0.337152 1.438553 1.056955 0.061518 1.391378
    15 1.197247 -0.000007 -0.000013 0.488854 1.424840 0.523688
    16 0.862615 0.000000 0.000000 -0.011161 1.257335 -0.002728
    17 1.188218 1.062015 -1.188354 2.998169 0.374166 -0.048342
    18 1.984254 -0.000001 0.000000 -0.030931 0.576927 -0.106497
    19 1.217773 0.000004 0.000002 -0.020700 -0.169366 0.027834
    20 9.582013 0.082096 -0.005725 1.671193 -1.215298 1.413570
    21 -1.511719 11.007813 -4.187500 1.244308 0.425693 -2.037295
    22 0.000000 0.000000 0.000000 2.869141 0.015459 -0.109654
    23 10.859730 0.000013 -0.000005 -0.261053 0.004680 -0.753048
    24 11.118959 0.012915 -0.055609 0.042564 0.294194 -0.940148
    25 4.460938 -0.096558 -1.193359 -1.667169 0.090820 -0.169460
    26 1.534180 0.000004 -0.000001 -0.001688 -0.111364 -0.007557
    27 0.923828 0.000000 0.000000 -0.000167 -0.106593 -0.001704
    28 3.871094 -0.338867 1.439453 -1.480019 0.189903 -1.416936
    29 1.197266 0.000004 -0.000016 -0.127146 1.001777 -0.146524
    30 0.866211 -0.000001 -0.000003 0.009351 0.733784 0.001142
    31 4.582031 0.205322 -0.326172 -1.539698 0.007204 -1.420212
    32 1.709961 0.000006 -0.000002 -0.026879 1.095842 -0.020771
    33 0.998047 -0.000002 0.000002 -0.016608 0.557664 0.006715
    34 4.332031 0.048065 0.604980 -1.502394 0.106974 -1.508525
    35 1.571289 0.000007 -0.000001 -0.060351 1.044535 -0.069431
    36 1.039063 -0.000008 0.000002 -0.009609 0.637010 -0.018240
    37 1.191406 -1.063477 -1.191406 2.688815 0.147029 -0.438545
    38 1.987305 0.000004 0.000003 0.027278 0.315271 0.098085
    39 1.217773 -0.000005 0.000003 0.021152 0.266873 -0.018769
    40 9.578125 -0.084412 -0.006870 -1.606853 -0.254477 -1.498648
    41 3.574665 -8.253502 -12.310347 -0.113083 -0.063255 -1.370366
    42 -5.980018 -9.709127 -2.032554 -1.418100 -0.315706 1.055477
    43 -6.296301 -13.376270 8.238386 -1.418100 -0.315706 1.055477
    44 0.000000 0.000000 0.000000 0.000000 0.000000 0.000000
    45 0.000000 0.000000 0.000000 0.000000 0.000000 0.000000
    46 0.000000 0.000000 0.000000 0.000000 0.000000 0.000000
    47 0.000000 0.000000 0.000000 -1.570796 0.000000 0.000000
    48 0.000000 0.000000 0.000000 -1.570796 0.000000 0.000000
    49 0.000000 0.000000 0.000000 -1.570796 0.000000 0.000000
    50 0.000000 0.000000 0.000000 1.570796 0.000000 0.000000
    51 0.000000 0.000000 0.000000 1.570796 0.000000 0.000000
    52 0.000000 0.000000 0.000000 1.570796 0.000000 0.000000
    53 0.000000 0.000000 0.000000 1.570796 0.000000 0.000000
    54 0.000000 0.000000 0.000000 1.570796 0.000000 0.000000
    55 0.000000 0.000000 0.000000 1.570796 0.000000 0.000000
    56 0.000000 0.000000 0.000000 1.570796 0.000000 0.000000
    57 0.000000 0.000000 0.000000 1.570796 0.000000 0.000000
    58 0.000000 0.000000 0.000000 1.570796 0.000000 0.000000
    59 0.000000 0.000000 0.000000 1.570796 0.000000 0.000000
    60 0.000000 0.000000 0.000000 1.570796 0.000000 0.000000
    61 0.000000 0.000000 0.000000 1.570796 0.000000 0.000000
    62 0.000000 0.000001 0.000000 0.000000 0.000000 0.000000
    63 0.000000 0.000000 0.000000 0.000000 0.000000 0.000000
    64 0.000000 0.000000 0.000000 -3.141593 0.000000 0.000000
    65 0.000000 0.000000 0.000000 -1.570796 0.000000 0.000000
    66 0.000000 0.000000 0.000000 -1.570796 0.000000 0.000000
    67 0.000000 0.000000 0.000000 -1.570796 0.000000 0.000000
    68 0.000000 0.000000 0.000000 1.570796 0.000000 0.000000
    69 0.000000 0.000000 0.000000 1.570796 0.000000 0.000000
    70 0.000000 0.000000 0.000000 1.570796 0.000000 0.000000
    71 0.000000 0.000000 0.000001 1.570796 0.000000 0.000000
    72 0.000000 0.000000 0.000000 1.570796 0.000000 0.000000
    73 0.000000 0.000000 0.000000 1.570796 0.000000 0.000000
    74 0.000000 0.000000 0.000000 1.570796 0.000000 0.000000
    75 0.000000 0.000000 0.000000 1.570796 0.000000 0.000000
    76 -0.000001 0.000000 0.000000 1.570796 0.000000 0.000000
    77 0.000000 0.000000 0.000000 1.570796 0.000000 0.000000
    78 0.000000 0.000000 0.000000 1.570796 0.000000 0.000000
    79 0.000000 0.000000 0.000000 1.570796 0.000000 0.000000
  time 2
    0 -5.744504 -8.770661 -4.846920 -1.419236 -0.317414 1.064491
    1 7.195313 4.312500 -6.410156 -0.275968 0.424923 -1.104175
    2 0.000000 0.000000 0.000000 3.005833 0.234875 0.634213
    3 10.859747 -0.000001 -0.000001 0.277382 0.008136 1.968647
    4 11.118949 -0.012917 -0.055607 1.114884 -0.646604 0.255286
    5 4.462505 0.096129 -1.190233 1.700635 -0.250355 0.126839
    6 1.533205 -0.000001 -0.000001 0.012913 1.026883 0.014423
    7 0.922225 0.000000 0.000000 0.004313 1.206211 0.004711
    8 4.581339 -0.202365 -0.322599 1.302130 -0.187425 0.846769
    9 1.706794 -0.000006 0.000000 3.036021 1.434016 3.039811
    10 0.995784 0.000001 0.000000 0.034376 0.758232 0.010135
    11 4.329579 -0.047878 0.601895 1.127992 -0.000106 1.347118
    12 1.571783 0.000002 0.000005 0.138963 1.392803 0.150792
    13 1.038471 0.000006 0.000000 0.013830 1.160503 0.026930
    14 3.871905 0.337152 1.438553 1.056955 0.061531 1.391378
    15 1.197247 -0.000007 -0.000013 0.488854 1.424840 0.523688
    16 0.862615 0.000000 0.000000 -0.011173 1.257335 -0.002728
    17 1.188218 1.062015 -1.188354 2.998169 0.374166 -0.048342
    18 1.984254 -0.000001 0.000000 -0.030931 0.576927 -0.106485
    19 1.217773 0.000004 0.000002 -0.020700 -0.169366 0.027834
    20 9.582013 0.082096 -0.005725 1.672991 -1.221951 1.411653
    21 -1.511719 11.007813 -4.187500 1.244308 0.425693 -2.037295
    22 0.000000 0.000000 0.000000 2.868338 0.015311 -0.108538
    23 10.859730 0.000013 -0.000005 -0.261053 0.004668 -0.751973
    24 11.118959 0.012915 -0.055609 0.050377 0.293159 -0.942994
    25 4.460938 -0.096558 -1.193359 -1.667169 0.090820 -0.169460
    26 1.534180 0.000004 -0.000001 -0.001688 -0.111364 -0.007557
    27 0.923828 0.000000 0.000000 -0.000167 -0.106593 -0.001704
    28 3.871094 -0.338867 1.439453 -1.480019 0.189903 -1.416936
    29 1.197266 0.000004 -0.000016 -0.127146 1.001777 -0.146524
    30 0.866211 -0.000001 -0.000003 0.009351 0.733784 0.001142
    31 4.582031 0.205322 -0.326172 -1.539698 0.007204 -1.420212
    32 1.709961 0.000006 -0.000002 -0.026879 1.095842 -0.020771
    33 0.998047 -0.000002 0.000002 -0.016608 0.557664 0.006715
    34 4.332031 0.048065 0.604980 -1.502394 0.106974 -1.508525
    35 1.571289 0.000007 -0.000001 -0.060351 1.044535 -0.069431
    36 1.039063 -0.000008 0.000002 -0.009609 0.637010 -0.018240
    37 1.191406 -1.063477 -1.191406 2.688815 0.147029 -0.438545
    38 1.987305 0.000004 0.000003 0.027278 0.315271 0.098085
    39 1.217773 -0.000005 0.000003 0.021152 0.266873 -0.018769
    40 9.578125 -0.084412 -0.006870 -1.606853 -0.254477 -1.498648
    41 2.922302 -8.335536 -11.275160 -0.200946 -0.002732 -1.360395
    42 -5.972205 -9.713033 -2.024741 -1.419236 -0.317414 1.064491
    43 -6.280675 -13.395802 8.242292 -1.419236 -0.317414 1.064491
    44 0.000000 0.000000 0.000000 0.000000 0.000000 0.000000
    45 0.000000 0.000000 0.000000 0.000000 0.000000 0.000000
    46 0.000000 0.000000 0.000000 0.000000 0.000000 0.000000
    47 0.000000 0.000000 0.000000 -1.570796 0.000000 0.000000
    48 0.000000 0.000000 0.000000 -1.570796 0.000000 0.000000
    49 0.000000 0.000000 0.000000 -1.570796 0.000000 0.000000
    50 0.000000 0.000000 0.000000 1.570796 0.000000 0.000000
    51 0.000000 0.000000 0.000000 1.570796 0.000000 0.000000
    52 0.000000 0.000000 0.000000 1.570796 0.000000 0.000000
    53 0.000000 0.000000 0.000000 1.570796 0.000000 0.000000
    54 0.000000 0.000000 0.000000 1.570796 0.000000 0.000000
    55 0.000000 0.000000 0.000000 1.570796 0.000000 0.000000
    56 0.000000 0.000000 0.000000 1.570796 0.000000 0.000000
    57 0.000000 0.000000 0.000000 1.570796 0.000000 0.000000
    58 0.000000 0.000000 0.000000 1.570796 0.000000 0.000000
    59 0.000000 0.000000 0.000000 1.570796 0.000000 0.000000
    60 0.000000 0.000000 0.000000 1.570796 0.000000 0.000000
    61 0.000000 0.000000 0.000000 1.570796 0.000000 0.000000
    62 0.000000 0.000001 0.000000 0.000000 0.000000 0.000000
    63 0.000000 0.000000 0.000000 0.000000 0.000000 0.000000
    64 0.000000 0.000000 0.000000 -3.141593 0.000000 0.000000
    65 0.000000 0.000000 0.000000 -1.570796 0.000000 0.000000
    66 0.000000 0.000000 0.000000 -1.570796 0.000000 0.000000
    67 0.000000 0.000000 0.000000 -1.570796 0.000000 0.000000
    68 0.000000 0.000000 0.000000 1.570796 0.000000 0.000000
    69 0.000000 0.000000 0.000000 1.570796 0.000000 0.000000
    70 0.000000 0.000000 0.000000 1.570796 0.000000 0.000000
    71 0.000000 0.000000 0.000001 1.570796 0.000000 0.000000
    72 0.000000 0.000000 0.000000 1.570796 0.000000 0.000000
    73 0.000000 0.000000 0.000000 1.570796 0.000000 0.000000
    74 0.000000 0.000000 0.000000 1.570796 0.000000 0.000000
    75 0.000000 0.000000 0.000000 1.570796 0.000000 0.000000
    76 -0.000001 0.000000 0.000000 1.570796 0.000000 0.000000
    77 0.000000 0.000000 0.000000 1.570796 0.000000 0.000000
    78 0.000000 0.000000 0.000000 1.570796 0.000000 0.000000
    79 0.000000 0.000000 0.000000 1.570796 0.000000 0.000000
  time 3
    0 -5.744504 -8.770661 -4.831295 -1.421360 -0.319769 1.077886
    1 7.195313 4.312500 -6.410156 -0.275968 0.424923 -1.104175
    2 0.000000 0.000000 0.000000 2.937589 0.288895 0.534314
    3 10.859747 -0.000001 -0.000001 0.277718 0.007992 1.992652
    4 11.118949 -0.012917 -0.055607 1.014366 -0.649631 0.177787
    5 4.462505 0.096129 -1.190233 1.700635 -0.250355 0.126839
    6 1.533205 -0.000001 -0.000001 0.010648 0.933314 0.012554
    7 0.922225 0.000000 0.000000 0.003318 1.112668 0.003788
    8 4.581339 -0.202365 -0.322599 1.318213 -0.180546 0.788279
    9 1.706794 -0.000006 0.000000 3.036021 1.434016 3.039811
    10 0.995784 0.000001 0.000000 0.031595 0.689673 0.007079
    11 4.329579 -0.047878 0.601895 1.127992 -0.000106 1.347118
    12 1.571783 0.000002 0.000005 0.138963 1.392803 0.150792
    13 1.038471 0.000006 0.000000 0.013818 1.160503 0.026930
    14 3.871905 0.337152 1.438553 1.056955 0.061518 1.391323
    15 1.197247 -0.000007 -0.000013 0.488854 1.424866 0.523688
    16 0.862615 0.000000 0.000000 -0.011173 1.257335 -0.002728
    17 1.188218 1.062015 -1.188354 2.998169 0.374166 -0.048342
    18 1.984254 -0.000001 0.000000 -0.030931 0.576943 -0.106497
    19 1.217773 0.000004 0.000002 -0.020700 -0.169366 0.027834
    20 9.582013 0.082096 -0.005725 1.675783 -1.231619 1.408717
    21 -1.511719 11.007813 -4.187500 1.244308 0.425693 -2.037295
    22 0.000000 0.000000 0.000000 2.867871 0.015459 -0.106804
    23 10.859730 0.000013 -0.000005 -0.261029 0.004644 -0.750296
    24 11.118959 0.012915 -0.055609 0.061264 0.291497 -0.947467
    25 4.460938 -0.096558 -1.193359 -1.667169 0.090820 -0.169460
    26 1.534180 0.000004 -0.000001 -0.001688 -0.111364 -0.007557
    27 0.923828 0.000000 0.000000 -0.000167 -0.106593 -0.001704
    28 3.871094 -0.338867 1.439453 -1.480019 0.189903 -1.416936
    29 1.197266 0.000004 -0.000016 -0.127146 1.001777 -0.146524
    30 0.866211 -0.000001 -0.000003 0.009351 0.733784 0.001142
    31 4.582031 0.205322 -0.326172 -1.539698 0.007204 -1.420212
    32 1.709961 0.000006 -0.000002 -0.026879 1.095842 -0.020771
    33 0.998047 -0.000002 0.000002 -0.016608 0.557664 0.006715
    34 4.332031 0.048065 0.604980 -1.502394 0.106974 -1.508525
    35 1.571289 0.000007 -0.000001 -0.060351 1.044535 -0.069431
    36 1.039063 -0.000008 0.000002 -0.009609 0.637010 -0.018240
    37 1.191406 -1.063477 -1.191406 2.688815 0.147029 -0.438545
    38 1.987305 0.000004 0.000003 0.027278 0.315271 0.098085
    39 1.217773 -0.000005 0.000003 0.021152 0.266873 -0.018769
    40 9.578125 -0.084412 -0.006870 -1.606853 -0.254477 -1.498648
    41 1.957428 -8.495697 -9.732144 -0.329315 0.078475 -1.341124
    42 -5.968299 -9.716939 -2.009115 -1.421360 -0.319769 1.077886
    43 -6.257237 -13.419240 8.254011 -1.421360 -0.319769 1.077886
    44 0.000000 0.000000 0.000000 0.000000 0.000000 0.000000
    45 0.000000 0.000000 0.000000 0.000000 0.000000 0.000000
    46 0.000000 0.000000 0.000000 0.000000 0.000000 0.000000
    47 0.000000 0.000000 0.000000 -1.570796 0.000000 0.000000
    48 0.000000 0.000000 0.000000 -1.570796 0.000000 0.000000
    49 0.000000 0.000000 0.000000 -1.570796 0.000000 0.000000
    50 0.000000 0.000000 0.000000 1.570796 0.000000 0.000000
    51 0.000000 0.000000 0.000000 1.570796 0.000000 0.000000
    52 0.000000 0.000000 0.000000 1.570796 0.000000 0.000000
    53 0.000000 0.000000 0.000000 1.570796 0.000000 0.000000
    54 0.000000 0.000000 0.000000 1.570796 0.000000 0.000000
    55 0.000000 0.000000 0.000000 1.570796 0.000000 0.000000
    56 0.000000 0.000000 0.000000 1.570796 0.000000 0.000000
    57 0.000000 0.000000 0.000000 1.570796 0.000000 0.000000
    58 0.000000 0.000000 0.000000 1.570796 0.000000 0.000000
    59 0.000000 0.000000 0.000000 1.570796 0.000000 0.000000
    60 0.000000 0.000000 0.000000 1.570796 0.000000 0.000000
    61 0.000000 0.000000 0.000000 1.570796 0.000000 0.000000
    62 0.000000 0.000001 0.000000 0.000000 0.000000 0.000000
    63 0.000000 0.000000 0.000000 0.000000 0.000000 0.000000
    64 0.000000 0.000000 0.000000 -3.141593 0.000000 0.000000
    65 0.000000 0.000000 0.000000 -1.570796 0.000000 0.000000
    66 0.000000 0.000000 0.000000 -1.570796 0.000000 0.000000
    67 0.000000 0.000000 0.000000 -1.570796 0.000000 0.000000
    68 0.000000 0.000000 0.000000 1.570796 0.000000 0.000000
    69 0.000000 0.000000 0.000000 1.570796 0.000000 0.000000
    70 0.000000 0.000000 0.000000 1.570796 0.000000 0.000000
    71 0.000000 0.000000 0.000001 1.570796 0.000000 0.000000
    72 0.000000 0.000000 0.000000 1.570796 0.000000 0.000000
    73 0.000000 0.000000 0.000000 1.570796 0.000000 0.000000
    74 0.000000 0.000000 0.000000 1.570796 0.000000 0.000000
    75 0.000000 0.000000 0.000000 1.570796 0.000000 0.000000
    76 -0.000001 0.000000 0.000000 1.570796 0.000000 0.000000
    77 0.000000 0.000000 0.000000 1.570796 0.000000 0.000000
    78 0.000000 0.000000 0.000000 1.570796 0.000000 0.000000
    79 0.000000 0.000000 0.000000 1.570796 0.000000 0.000000
  time 4
    0 -5.744504 -8.770661 -4.811763 -1.424917 -0.322351 1.093893
    1 7.195313 4.312500 -6.410156 -0.275968 0.424923 -1.104175
    2 0.000000 0.000000 0.000000 2.853179 0.361569 0.381223
    3 10.859747 -0.000001 -0.000001 0.278005 0.007860 2.014882
    4 11.118949 -0.012917 -0.055607 0.975564 -0.638956 0.008846
    5 4.462505 0.096129 -1.190233 1.700635 -0.250355 0.126839
    6 1.533205 -0.000001 -0.000001 0.008502 0.814850 0.010900
    7 0.922225 0.000000 0.000000 0.002515 0.994129 0.003093
    8 4.581339 -0.202365 -0.322599 1.338587 -0.171641 0.714139
    9 1.706794 -0.000006 0.000000 3.036021 1.434016 3.039811
    10 0.995784 0.000001 0.000000 0.028803 0.602806 0.003724
    11 4.329579 -0.047878 0.601895 1.127992 -0.000106 1.347118
    12 1.571783 0.000002 0.000005 0.138963 1.392803 0.150792
    13 1.038471 0.000006 0.000000 0.013818 1.160551 0.026942
    14 3.871905 0.337152 1.438553 1.056955 0.061531 1.391323
    15 1.197247 -0.000007 -0.000013 0.488854 1.424840 0.523688
    16 0.862615 0.000000 0.000000 -0.011173 1.257335 -0.002728
    17 1.188218 1.062015 -1.188354 2.998169 0.374166 -0.048330
    18 1.984254 -0.000001 0.000000 -0.030931 0.576927 -0.106497
    19 1.217773 0.000004 0.000002 -0.020700 -0.169366 0.027834
    20 9.582013 0.082096 -0.005725 1.679427 -1.243490 1.404882
    21 -1.511719 11.007813 -4.187500 1.244308 0.425693 -2.037295
    22 0.000000 0.000000 0.000000 2.866780 0.015607 -0.104533
    23 10.859730 0.000013 -0.000005 -0.261006 0.004620 -0.748018
    24 11.118959 0.012915 -0.055609 0.074419 0.290980 -0.952956
    25 4.460938 -0.096558 -1.193359 -1.667169 0.090820 -0.169460
    26 1.534180 0.000004 -0.000001 -0.001688 -0.111364 -0.007557
    27 0.923828 0.000000 0.000000 -0.000167 -0.106593 -0.001704
    28 3.871094 -0.338867 1.439453 -1.480019 0.189903 -1.416936
    29 1.197266 0.000004 -0.000016 -0.127146 1.001777 -0.146524
    30 0.866211 -0.000001 -0.000003 0.009351 0.733784 0.001142
    31 4.582031 0.205322 -0.326172 -1.539698 0.007204 -1.420212
    32 1.709961 0.000006 -0.000002 -0.026879 1.095842 -0.020771
    33 0.998047 -0.000002 0.000002 -0.016608 0.557664 0.006715
    34 4.332031 0.048065 0.604980 -1.502394 0.106974 -1.508525
    35 1.571289 0.000007 -0.000001 -0.060351 1.044535 -0.069431
    36 1.039063 -0.000008 0.000002 -0.009609 0.637010 -0.018240
    37 1.191406 -1.063477 -1.191406 2.688815 0.147029 -0.438545
    38 1.987305 0.000004 0.000003 0.027278 0.315271 0.098085
    39 1.217773 -0.000005 0.000003 0.021152 0.266873 -0.018769
    40 9.578125 -0.084412 -0.006870 -1.606853 -0.254477 -1.498648
    41 0.758173 -8.737892 -7.841461 -0.483358 0.164441 -1.312073
    42 -5.968299 -9.720846 -1.985677 -1.424917 -0.322351 1.093893
    43 -6.245518 -13.434866 8.269637 -1.424917 -0.322351 1.093893
    44 0.000000 0.000000 0.000000 0.000000 0.000000 0.000000
    45 0.000000 0.000000 0.000000 0.000000 0.000000 0.000000
    46 0.000000 0.000000 0.000000 0.000000 0.000000 0.000000
    47 0.000000 0.000000 0.000000 -1.570796 0.000000 0.000000
    48 0.000000 0.000000 0.000000 -1.570796 0.000000 0.000000
    49 0.000000 0.000000 0.000000 -1.570796 0.000000 0.000000
    50 0.000000 0.000000 0.000000 1.570796 0.000000 0.000000
    51 0.000000 0.000000 0.000000 1.570796 0.000000 0.000000
    52 0.000000 0.000000 0.000000 1.570796 0.000000 0.000000
    53 0.000000 0.000000 0.000000 1.570796 0.000000 0.000000
    54 0.000000 0.000000 0.000000 1.570796 0.000000 0.000000
    55 0.000000 0.000000 0.000000 1.570796 0.000000 0.000000
    56 0.000000 0.000000 0.000000 1.570796 0.000000 0.000000
    57 0.000000 0.000000 0.000000 1.570796 0.000000 0.000000
    58 0.000000 0.000000 0.000000 1.570796 0.000000 0.000000
    59 0.000000 0.000000 0.000000 1.570796 0.000000 0.000000
    60 0.000000 0.000000 0.000000 1.570796 0.000000 0.000000
    61 0.000000 0.000000 0.000000 1.570796 0.000000 0.000000
    62 0.000000 0.000001 0.000000 0.000000 0.000000 0.000000
    63 0.000000 0.000000 0.000000 0.000000 0.000000 0.000000
    64 0.000000 0.000000 0.000000 -3.141593 0.000000 0.000000
    65 0.000000 0.000000 0.000000 -1.570796 0.000000 0.000000
    66 0.000000 0.000000 0.000000 -1.570796 0.000000 0.000000
    67 0.000000 0.000000 0.000000 -1.570796 0.000000 0.000000
    68 0.000000 0.000000 0.000000 1.570796 0.000000 0.000000
    69 0.000000 0.000000 0.000000 1.570796 0.000000 0.000000
    70 0.000000 0.000000 0.000000 1.570796 0.000000 0.000000
    71 0.000000 0.000000 0.000001 1.570796 0.000000 0.000000
    72 0.000000 0.000000 0.000000 1.570796 0.000000 0.000000
    73 0.000000 0.000000 0.000000 1.570796 0.000000 0.000000
    74 0.000000 0.000000 0.000000 1.570796 0.000000 0.000000
    75 0.000000 0.000000 0.000000 1.570796 0.000000 0.000000
    76 -0.000001 0.000000 0.000000 1.570796 0.000000 0.000000
    77 0.000000 0.000000 0.000000 1.570796 0.000000 0.000000
    78 0.000000 0.000000 0.000000 1.570796 0.000000 0.000000
    79 0.000000 0.000000 0.000000 1.570796 0.000000 0.000000
  time 5
    0 -5.744504 -8.770661 -4.784418 -1.430154 -0.324705 1.111163
    1 7.195313 4.312500 -6.410156 -0.275968 0.424923 -1.104175
    2 0.000000 0.000000 0.000000 2.758653 0.432453 0.167746
    3 10.859747 -0.000001 -0.000001 0.277969 0.007872 2.012504
    4 11.118949 -0.012917 -0.055607 1.022341 -0.579664 -0.226750
    5 4.462505 0.096129 -1.190233 1.700635 -0.250355 0.126839
    6 1.533205 -0.000001 -0.000001 0.006597 0.678394 0.009606
    7 0.922225 0.000000 0.000000 0.001856 0.857692 0.002577
    8 4.581339 -0.202365 -0.322599 1.362017 -0.161215 0.628854
    9 1.706794 -0.000006 0.000000 3.036021 1.434016 3.039811
    10 0.995784 0.000001 0.000000 0.026430 0.502788 0.000332
    11 4.329579 -0.047878 0.601895 1.127992 -0.000106 1.347118
    12 1.571783 0.000002 0.000005 0.138963 1.392803 0.150792
    13 1.038471 0.000006 0.000000 0.013818 1.160503 0.026942
    14 3.871905 0.337152 1.438553 1.056955 0.061531 1.391378
    15 1.197247 -0.000007 -0.000013 0.488854 1.424840 0.523688
    16 0.862615 0.000000 0.000000 -0.011173 1.257335 -0.002728
    17 1.188218 1.062015 -1.188354 2.998169 0.374166 -0.048342
    18 1.984254 -0.000001 0.000000 -0.030931 0.576927 -0.106485
    19 1.217773 0.000004 0.000002 -0.020700 -0.169366 0.027834
    20 9.582013 0.082096 -0.005725 1.683705 -1.256318 1.400363
    21 -1.511719 11.007813 -4.187500 1.244308 0.425693 -2.037295
    22 0.000000 0.000000 0.000000 2.865078 0.015809 -0.101823
    23 10.859730 0.000013 -0.000005 -0.260982 0.004596 -0.745266
    24 11.118959 0.012915 -0.055609 0.088229 0.292384 -0.959056
    25 4.460938 -0.096558 -1.193359 -1.667169 0.090820 -0.169460
    26 1.534180 0.000004 -0.000001 -0.001688 -0.111364 -0.007557
    27 0.923828 0.000000 0.000000 -0.000167 -0.106593 -0.001704
    28 3.871094 -0.338867 1.439453 -1.480019 0.189903 -1.416936
    29 1.197266 0.000004 -0.000016 -0.127146 1.001777 -0.146524
    30 0.866211 -0.000001 -0.000003 0.009351 0.733784 0.001142
    31 4.582031 0.205322 -0.326172 -1.539698 0.007204 -1.420212
    32 1.709961 0.000006 -0.000002 -0.026879 1.095842 -0.020771
    33 0.998047 -0.000002 0.000002 -0.016608 0.557664 0.006715
    34 4.332031 0.048065 0.604980 -1.502394 0.106974 -1.508525
    35 1.571289 0.000007 -0.000001 -0.060351 1.044535 -0.069431
    36 1.039063 -0.000008 0.000002 -0.009609 0.637010 -0.018240
    37 1.191406 -1.063477 -1.191406 2.688815 0.147029 -0.438545
    38 1.987305 0.000004 0.000003 0.027278 0.315271 0.098085
    39 1.217773 -0.000005 0.000003 0.021152 0.266873 -0.018769
    40 9.578125 -0.084412 -0.006870 -1.606853 -0.254477 -1.498648
    41 -0.573899 -9.062120 -5.755460 -0.649195 0.239991 -1.276694
    42 -5.968299 -9.728659 -1.962239 -1.430154 -0.324705 1.111163
    43 -6.245518 -13.438772 8.293075 -1.430154 -0.324705 1.111163
    44 0.000000 0.000000 0.000000 0.000000 0.000000 0.000000
    45 0.000000 0.000000 0.000000 0.000000 0.000000 0.000000
    46 0.000000 0.000000 0.000000 0.000000 0.000000 0.000000
    47 0.000000 0.000000 0.000000 -1.570796 0.000000 0.000000
    48 0.000000 0.000000 0.000000 -1.570796 0.000000 0.000000
    49 0.000000 0.000000 0.000000 -1.570796 0.000000 0.000000
    50 0.000000 0.000000 0.000000 1.570796 0.000000 0.000000
    51 0.000000 0.000000 0.000000 1.570796 0.000000 0.000000
    52 0.000000 0.000000 0.000000 1.570796 0.000000 0.000000
    53 0.000000 0.000000 0.000000 1.570796 0.000000 0.000000
    54 0.000000 0.000000 0.000000 1.570796 0.000000 0.000000
    55 0.000000 0.000000 0.000000 1.570796 0.000000 0.000000
    56 0.000000 0.000000 0.000000 1.570796 0.000000 0.000000
    57 0.000000 0.000000 0.000000 1.570796 0.000000 0.000000
    58 0.000000 0.000000 0.000000 1.570796 0.000000 0.000000
    59 0.000000 0.000000 0.000000 1.570796 0.000000 0.000000
    60 0.000000 0.000000 0.000000 1.570796 0.000000 0.000000
    61 0.000000 0.000000 0.000000 1.570796 0.000000 0.000000
    62 0.000000 0.000001 0.000000 0.000000 0.000000 0.000000
    63 0.000000 0.000000 0.000000 0.000000 0.000000 0.000000
    64 0.000000 0.000000 0.000000 -3.141593 0.000000 0.000000
    65 0.000000 0.000000 0.000000 -1.570796 0.000000 0.000000
    66 0.000000 0.000000 0.000000 -1.570796 0.000000 0.000000
    67 0.000000 0.000000 0.000000 -1.570796 0.000000 0.000000
    68 0.000000 0.000000 0.000000 1.570796 0.000000 0.000000
    69 0.000000 0.000000 0.000000 1.570796 0.000000 0.000000
    70 0.000000 0.000000 0.000000 1.570796 0.000000 0.000000
    71 0.000000 0.000000 0.000001 1.570796 0.000000 0.000000
    72 0.000000 0.000000 0.000000 1.570796 0.000000 0.000000
    73 0.000000 0.000000 0.000000 1.570796 0.000000 0.000000
    74 0.000000 0.000000 0.000000 1.570796 0.000000 0.000000
    75 0.000000 0.000000 0.000000 1.570796 0.000000 0.000000
    76 -0.000001 0.000000 0.000000 1.570796 0.000000 0.000000
    77 0.000000 0.000000 0.000000 1.570796 0.000000 0.000000
    78 0.000000 0.000000 0.000000 1.570796 0.000000 0.000000
    79 0.000000 0.000000 0.000000 1.570796 0.000000 0.000000
  time 6
    0 -5.744504 -8.770661 -4.753168 -1.437268 -0.326414 1.128012
    1 7.195313 4.312500 -6.410156 -0.275968 0.424923 -1.104175
    2 0.000000 0.000000 0.000000 2.664805 0.472304 -0.086715
    3 10.859747 -0.000001 -0.000001 0.277238 0.008196 1.957707
    4 11.118949 -0.012917 -0.055607 1.103219 -0.440797 -0.427659
    5 4.462505 0.096129 -1.190233 1.700635 -0.250355 0.126839
    6 1.533205 -0.000001 -0.000001 0.004967 0.531233 0.008683
    7 0.922225 0.000000 0.000000 0.001377 0.710557 0.002230
    8 4.581339 -0.202365 -0.322599 1.387317 -0.149650 0.536828
    9 1.706794 -0.000006 0.000000 3.036021 1.434016 3.039811
    10 0.995784 0.000001 0.000000 0.024644 0.394845 -0.002916
    11 4.329579 -0.047878 0.601895 1.127992 -0.000106 1.347118
    12 1.571783 0.000002 0.000005 0.138963 1.392803 0.150792
    13 1.038471 0.000006 0.000000 0.013818 1.160599 0.026942
    14 3.871905 0.337152 1.438553 1.056955 0.061531 1.391378
    15 1.197247 -0.000007 -0.000013 0.488854 1.424840 0.523688
    16 0.862615 0.000000 0.000000 -0.011173 1.257335 -0.002728
    17 1.188218 1.062015 -1.188354 2.998169 0.374166 -0.048342
    18 1.984254 -0.000001 0.000000 -0.030931 0.576927 -0.106485
    19 1.217773 0.000004 0.000002 -0.020700 -0.169366 0.027834
    20 9.582013 0.082096 -0.005725 1.688379 -1.269097 1.395462
    21 -1.511719 11.007813 -4.187500 1.244308 0.425693 -2.037295
    22 0.000000 0.000000 0.000000 2.863424 0.016401 -0.098815
    23 10.859730 0.000013 -0.000005 -0.260958 0.004561 -0.742127
    24 11.118959 0.012915 -0.055609 0.101233 0.295819 -0.965358
    25 4.460938 -0.096558 -1.193359 -1.667169 0.090820 -0.169460
    26 1.534180 0.000004 -0.000001 -0.001688 -0.111364 -0.007557
    27 0.923828 0.000000 0.000000 -0.000167 -0.106593 -0.001704
    28 3.871094 -0.338867 1.439453 -1.480019 0.189903 -1.416936
    29 1.197266 0.000004 -0.000016 -0.127146 1.001777 -0.146524
    30 0.866211 -0.000001 -0.000003 0.009351 0.733784 0.001142
    31 4.582031 0.205322 -0.326172 -1.539698 0.007204 -1.420212
    32 1.709961 0.000006 -0.000002 -0.026879 1.095842 -0.020771
    33 0.998047 -0.000002 0.000002 -0.016608 0.557664 0.006715
    34 4.332031 0.048065 0.604980 -1.502394 0.106974 -1.508525
    35 1.571289 0.000007 -0.000001 -0.060351 1.044535 -0.069431
    36 1.039063 -0.000008 0.000002 -0.009609 0.637010 -0.018240
    37 1.191406 -1.063477 -1.191406 2.688815 0.147029 -0.438545
    38 1.987305 0.000004 0.000003 0.027278 0.315271 0.098085
    39 1.217773 -0.000005 0.000003 0.021152 0.266873 -0.018769
    40 9.578125 -0.084412 -0.006870 -1.606853 -0.254477 -1.498648
    41 -1.960660 -9.448851 -3.630395 -0.816211 0.291897 -1.242227
    42 -5.972205 -9.728659 -1.934894 -1.437268 -0.326414 1.128012
    43 -6.265050 -13.430959 8.324326 -1.437268 -0.326414 1.128012
    44 0.000000 0.000000 0.000000 0.000000 0.000000 0.000000
    45 0.000000 0.000000 0.000000 0.000000 0.000000 0.000000
    46 0.000000 0.000000 0.000000 0.000000 0.000000 0.000000
    47 0.000000 0.000000 0.000000 -1.570796 0.000000 0.000000
    48 0.000000 0.000000 0.000000 -1.570796 0.000000 0.000000
    49 0.000000 0.000000 0.000000 -1.570796 0.000000 0.000000
    50 0.000000 0.000000 0.000000 1.570796 0.000000 0.000000
    51 0.000000 0.000000 0.000000 1.570796 0.000000 0.000000
    52 0.000000 0.000000 0.000000 1.570796 0.000000 0.000000
    53 0.000000 0.000000 0.000000 1.570796 0.000000 0.000000
    54 0.000000 0.000000 0.000000 1.570796 0.000000 0.000000
    55 0.000000 0.000000 0.000000 1.570796 0.000000 0.000000
    56 0.000000 0.000000 0.000000 1.570796 0.000000 0.000000
    57 0.000000 0.000000 0.000000 1.570796 0.000000 0.000000
    58 0.000000 0.000000 0.000000 1.570796 0.000000 0.000000
    59 0.000000 0.000000 0.000000 1.570796 0.000000 0.000000
    60 0.000000 0.000000 0.000000 1.570796 0.000000 0.000000
    61 0.000000 0.000000 0.000000 1.570796 0.000000 0.000000
    62 0.000000 0.000001 0.000000 0.000000 0.000000 0.000000
    63 0.000000 0.000000 0.000000 0.000000 0.000000 0.000000
    64 0.000000 0.000000 0.000000 -3.141593 0.000000 0.000000
    65 0.000000 0.000000 0.000000 -1.570796 0.000000 0.000000
    66 0.000000 0.000000 0.000000 -1.570796 0.000000 0.000000
    67 0.000000 0.000000 0.000000 -1.570796 0.000000 0.000000
    68 0.000000 0.000000 0.000000 1.570796 0.000000 0.000000
    69 0.000000 0.000000 0.000000 1.570796 0.000000 0.000000
    70 0.000000 0.000000 0.000000 1.570796 0.000000 0.000000
    71 0.000000 0.000000 0.000001 1.570796 0.000000 0.000000
    72 0.000000 0.000000 0.000000 1.570796 0.000000 0.000000
    73 0.000000 0.000000 0.000000 1.570796 0.000000 0.000000
    74 0.000000 0.000000 0.000000 1.570796 0.000000 0.000000
    75 0.000000 0.000000 0.000000 1.570796 0.000000 0.000000
    76 -0.000001 0.000000 0.000000 1.570796 0.000000 0.000000
    77 0.000000 0.000000 0.000000 1.570796 0.000000 0.000000
    78 0.000000 0.000000 0.000000 1.570796 0.000000 0.000000
    79 0.000000 0.000000 0.000000 1.570796 0.000000 0.000000
  time 7
    0 -5.744504 -8.770661 -4.725823 -1.446605 -0.327098 1.143261
    1 7.195313 4.312500 -6.410156 -0.275968 0.424923 -1.104175
    2 0.000000 0.000000 0.000000 2.572361 0.455882 -0.334200
    3 10.859747 -0.000001 -0.000001 0.275453 0.008795 1.827595
    4 11.118949 -0.012917 -0.055607 1.143747 -0.303120 -0.474853
    5 4.462505 0.096129 -1.190233 1.700635 -0.250355 0.126839
    6 1.533205 -0.000001 -0.000001 0.003565 0.380525 0.008060
    7 0.922225 0.000000 0.000000 0.000969 0.559822 0.001990
    8 4.581339 -0.202365 -0.322599 1.413215 -0.137437 0.442584
    9 1.706794 -0.000006 0.000000 3.036021 1.434016 3.039811
    10 0.995784 0.000001 0.000000 0.023577 0.284341 -0.005996
    11 4.329579 -0.047878 0.601895 1.127992 -0.000106 1.347118
    12 1.571783 0.000002 0.000005 0.138963 1.392803 0.150792
    13 1.038471 0.000006 0.000000 0.013818 1.160599 0.026930
    14 3.871905 0.337152 1.438553 1.056955 0.061531 1.391378
    15 1.197247 -0.000007 -0.000013 0.488854 1.424840 0.523688
    16 0.862615 0.000000 0.000000 -0.011173 1.257335 -0.002728
    17 1.188218 1.062015 -1.188354 2.998169 0.374166 -0.048342
    18 1.984254 -0.000001 0.000000 -0.030931 0.576927 -0.106485
    19 1.217773 0.000004 0.000002 -0.020700 -0.169366 0.027834
    20 9.582013 0.082096 -0.005725 1.693065 -1.280920 1.390548
    21 -1.511719 11.007813 -4.187500 1.244308 0.425693 -2.037295
    22 0.000000 0.000000 0.000000 2.861507 0.017316 -0.095527
    23 10.859730 0.000013 -0.000005 -0.260934 0.004525 -0.738688
    24 11.118959 0.012915 -0.055609 0.112120 0.302357 -0.971457
    25 4.460938 -0.096558 -1.193359 -1.667169 0.090820 -0.169460
    26 1.534180 0.000004 -0.000001 -0.001688 -0.111364 -0.007557
    27 0.923828 0.000000 0.000000 -0.000167 -0.106593 -0.001704
    28 3.871094 -0.338867 1.439453 -1.480019 0.189903 -1.416936
    29 1.197266 0.000004 -0.000016 -0.127146 1.001777 -0.146524
    30 0.866211 -0.000001 -0.000003 0.009351 0.733784 0.001142
    31 4.582031 0.205322 -0.326172 -1.539698 0.007204 -1.420212
    32 1.709961 0.000006 -0.000002 -0.026879 1.095842 -0.020771
    33 0.998047 -0.000002 0.000002 -0.016608 0.557664 0.006715
    34 4.332031 0.048065 0.604980 -1.502394 0.106974 -1.508525
    35 1.571289 0.000007 -0.000001 -0.060351 1.044535 -0.069431
    36 1.039063 -0.000008 0.000002 -0.009609 0.637010 -0.018240
    37 1.191406 -1.063477 -1.191406 2.688815 0.147029 -0.438545
    38 1.987305 0.000004 0.000003 0.027278 0.315271 0.098085
    39 1.217773 -0.000005 0.000003 0.021152 0.266873 -0.018769
    40 9.578125 -0.084412 -0.006870 -1.606853 -0.254477 -1.498648
    41 -3.308357 -9.851207 -1.614709 -0.976423 0.308483 -1.219312
    42 -5.983924 -9.720846 -1.907550 -1.446605 -0.327098 1.143261
    43 -6.315833 -13.395802 8.363390 -1.446605 -0.327098 1.143261
    44 0.000000 0.000000 0.000000 0.000000 0.000000 0.000000
    45 0.000000 0.000000 0.000000 0.000000 0.000000 0.000000
    46 0.000000 0.000000 0.000000 0.000000 0.000000 0.000000
    47 0.000000 0.000000 0.000000 -1.570796 0.000000 0.000000
    48 0.000000 0.000000 0.000000 -1.570796 0.000000 0.000000
    49 0.000000 0.000000 0.000000 -1.570796 0.000000 0.000000
    50 0.000000 0.000000 0.000000 1.570796 0.000000 0.000000
    51 0.000000 0.000000 0.000000 1.570796 0.000000 0.000000
    52 0.000000 0.000000 0.000000 1.570796 0.000000 0.000000
    53 0.000000 0.000000 0.000000 1.570796 0.000000 0.000000
    54 0.000000 0.000000 0.000000 1.570796 0.000000 0.000000
    55 0.000000 0.000000 0.000000 1.570796 0.000000 0.000000
    56 0.000000 0.000000 0.000000 1.570796 0.000000 0.000000
    57 0.000000 0.000000 0.000000 1.570796 0.000000 0.000000
    58 0.000000 0.000000 0.000000 1.570796 0.000000 0.000000
    59 0.000000 0.000000 0.000000 1.570796 0.000000 0.000000
    60 0.000000 0.000000 0.000000 1.570796 0.000000 0.000000
    61 0.000000 0.000000 0.000000 1.570796 0.000000 0.000000
    62 0.000000 0.000001 0.000000 0.000000 0.000000 0.000000
    63 0.000000 0.000000 0.000000 0.000000 0.000000 0.000000
    64 0.000000 0.000000 0.000000 -3.141593 0.000000 0.000000
    65 0.000000 0.000000 0.000000 -1.570796 0.000000 0.000000
    66 0.000000 0.000000 0.000000 -1.570796 0.000000 0.000000
    67 0.000000 0.000000 0.000000 -1.570796 0.000000 0.000000
    68 0.000000 0.000000 0.000000 1.570796 0.000000 0.000000
    69 0.000000 0.000000 0.000000 1.570796 0.000000 0.000000
    70 0.000000 0.000000 0.000000 1.570796 0.000000 0.000000
    71 0.000000 0.000000 0.000001 1.570796 0.000000 0.000000
    72 0.000000 0.000000 0.000000 1.570796 0.000000 0.000000
    73 0.000000 0.000000 0.000000 1.570796 0.000000 0.000000
    74 0.000000 0.000000 0.000000 1.570796 0.000000 0.000000
    75 0.000000 0.000000 0.000000 1.570796 0.000000 0.000000
    76 -0.000001 0.000000 0.000000 1.570796 0.000000 0.000000
    77 0.000000 0.000000 0.000000 1.570796 0.000000 0.000000
    78 0.000000 0.000000 0.000000 1.570796 0.000000 0.000000
    79 0.000000 0.000000 0.000000 1.570796 0.000000 0.000000
  time 8
    0 -5.744504 -8.770661 -4.671134 -1.470071 -0.326566 1.161289
    1 7.195313 4.312500 -6.410156 -0.275968 0.424923 -1.104175
    2 0.000000 0.000000 0.000000 2.473383 0.383539 -0.540810
    3 10.859747 -0.000001 -0.000001 0.272948 0.009239 1.653944
    4 11.118949 -0.012917 -0.055607 1.180705 -0.301685 -0.433289
    5 4.462505 0.096129 -1.190233 1.700635 -0.250355 0.126839
    6 1.533205 -0.000001 -0.000001 0.002354 0.233364 0.007700
    7 0.922225 0.000000 0.000000 0.000658 0.412652 0.001846
    8 4.581339 -0.202365 -0.322599 1.438527 -0.124973 0.350558
    9 1.706794 -0.000006 0.000000 3.036021 1.434016 3.039811
    10 0.995784 0.000001 0.000000 0.023218 0.176467 -0.008872
    11 4.329579 -0.047878 0.601895 1.127992 -0.000106 1.347118
    12 1.571783 0.000002 0.000005 0.138963 1.392803 0.150792
    13 1.038471 0.000006 0.000000 0.013818 1.160551 0.026930
    14 3.871905 0.337152 1.438553 1.056955 0.061531 1.391378
    15 1.197247 -0.000007 -0.000013 0.488866 1.424840 0.523688
    16 0.862615 0.000000 0.000000 -0.011161 1.257335 -0.002728
    17 1.188218 1.062015 -1.188354 2.998169 0.374166 -0.048342
    18 1.984254 -0.000001 0.000000 -0.030931 0.576943 -0.106485
    19 1.217773 0.000004 0.000002 -0.020700 -0.169366 0.027834
    20 9.582013 0.082096 -0.005725 1.697248 -1.290637 1.386186
    21 -1.511719 11.007813 -4.187500 1.244308 0.425693 -2.037295
    22 0.000000 0.000000 0.000000 2.857540 0.019913 -0.090128
    23 10.859730 0.000013 -0.000005 -0.260874 0.004477 -0.733615
    24 11.118959 0.012915 -0.055609 0.123864 0.324003 -0.977421
    25 4.460938 -0.096558 -1.193359 -1.667169 0.090820 -0.169460
    26 1.534180 0.000004 -0.000001 -0.001688 -0.111364 -0.007557
    27 0.923828 0.000000 0.000000 -0.000167 -0.106593 -0.001704
    28 3.871094 -0.338867 1.439453 -1.480019 0.189903 -1.416936
    29 1.197266 0.000004 -0.000016 -0.127146 1.001777 -0.146524
    30 0.866211 -0.000001 -0.000003 0.009351 0.733784 0.001142
    31 4.582031 0.205322 -0.326172 -1.539698 0.007204 -1.420212
    32 1.709961 0.000006 -0.000002 -0.026879 1.095842 -0.020771
    33 0.998047 -0.000002 0.000002 -0.016608 0.557664 0.006715
    34 4.332031 0.048065 0.604980 -1.502394 0.106974 -1.508525
    35 1.571289 0.000007 -0.000001 -0.060351 1.044535 -0.069431
    36 1.039063 -0.000008 0.000002 -0.009609 0.637010 -0.018240
    37 1.191406 -1.063477 -1.191406 2.688815 0.147029 -0.438545
    38 1.987305 0.000004 0.000003 0.027278 0.315271 0.098085
    39 1.217773 -0.000005 0.000003 0.021152 0.266873 -0.018769
    40 9.578125 -0.084412 -0.006870 -1.606853 -0.254477 -1.498648
    41 -4.581834 -10.206686 0.178315 -1.062290 0.293886 -1.203397
    42 -6.026894 -9.693501 -1.845048 -1.470071 -0.326566 1.161289
    43 -6.530683 -13.278611 8.449330 -1.470071 -0.326566 1.161289
    44 0.000000 0.000000 0.000000 0.000000 0.000000 0.000000
    45 0.000000 0.000000 0.000000 0.000000 0.000000 0.000000
    46 0.000000 0.000000 0.000000 0.000000 0.000000 0.000000
    47 0.000000 0.000000 0.000000 -1.570796 0.000000 0.000000
    48 0.000000 0.000000 0.000000 -1.570796 0.000000 0.000000
    49 0.000000 0.000000 0.000000 -1.570796 0.000000 0.000000
    50 0.000000 0.000000 0.000000 1.570796 0.000000 0.000000
    51 0.000000 0.000000 0.000000 1.570796 0.000000 0.000000
    52 0.000000 0.000000 0.000000 1.570796 0.000000 0.000000
    53 0.000000 0.000000 0.000000 1.570796 0.000000 0.000000
    54 0.000000 0.000000 0.000000 1.570796 0.000000 0.000000
    55 0.000000 0.000000 0.000000 1.570796 0.000000 0.000000
    56 0.000000 0.000000 0.000000 1.570796 0.000000 0.000000
    57 0.000000 0.000000 0.000000 1.570796 0.000000 0.000000
    58 0.000000 0.000000 0.000000 1.570796 0.000000 0.000000
    59 0.000000 0.000000 0.000000 1.570796 0.000000 0.000000
    60 0.000000 0.000000 0.000000 1.570796 0.000000 0.000000
    61 0.000000 0.000000 0.000000 1.570796 0.000000 0.000000
    62 0.000000 0.000001 0.000000 0.000000 0.000000 0.000000
    63 0.000000 0.000000 0.000000 0.000000 0.000000 0.000000
    64 0.000000 0.000000 0.000000 -3.141593 0.000000 0.000000
    65 0.000000 0.000000 0.000000 -1.570796 0.000000 0.000000
    66 0.000000 0.000000 0.000000 -1.570796 0.000000 0.000000
    67 0.000000 0.000000 0.000000 -1.570796 0.000000 0.000000
    68 0.000000 0.000000 0.000000 1.570796 0.000000 0.000000
    69 0.000000 0.000000 0.000000 1.570796 0.000000 0.000000
    70 0.000000 0.000000 0.000000 1.570796 0.000000 0.000000
    71 0.000000 0.000000 0.000001 1.570796 0.000000 0.000000
    72 0.000000 0.000000 0.000000 1.570796 0.000000 0.000000
    73 0.000000 0.000000 0.000000 1.570796 0.000000 0.000000
    74 0.000000 0.000000 0.000000 1.570796 0.000000 0.000000
    75 0.000000 0.000000 0.000000 1.570796 0.000000 0.000000
    76 -0.000001 0.000000 0.000000 1.570796 0.000000 0.000000
    77 0.000000 0.000000 0.000000 1.570796 0.000000 0.000000
    78 0.000000 0.000000 0.000000 1.570796 0.000000 0.000000
    79 0.000000 0.000000 0.000000 1.570796 0.000000 0.000000
  time 9
    0 -5.744504 -8.770661 -4.600819 -1.509198 -0.325389 1.180666
    1 7.195313 4.312500 -6.410156 -0.275968 0.424923 -1.104175
    2 0.000000 0.000000 0.000000 2.412592 0.293072 -0.716301
    3 10.859747 -0.000001 -0.000001 0.269568 0.009131 1.423562
    4 11.118949 -0.012917 -0.055607 1.214389 -0.287632 -0.326921
    5 4.462505 0.096129 -1.190233 1.700635 -0.250355 0.126839
    6 1.533205 -0.000001 -0.000001 0.001300 0.096908 0.007520
    7 0.922225 0.000000 0.000000 0.000394 0.276215 0.001762
    8 4.581339 -0.202365 -0.322599 1.461969 -0.112737 0.265239
    9 1.706794 -0.000006 0.000000 3.036021 1.434016 3.039811
    10 0.995784 0.000001 0.000000 0.023434 0.076449 -0.011533
    11 4.329579 -0.047878 0.601895 1.127992 -0.000106 1.347118
    12 1.571783 0.000002 0.000005 0.138963 1.392803 0.150792
    13 1.038471 0.000006 0.000000 0.013818 1.160599 0.026942
    14 3.871905 0.337152 1.438553 1.056955 0.061531 1.391378
    15 1.197247 -0.000007 -0.000013 0.488854 1.424840 0.523688
    16 0.862615 0.000000 0.000000 -0.011173 1.257335 -0.002728
    17 1.188218 1.062015 -1.188354 2.998169 0.374166 -0.048342
    18 1.984254 -0.000001 0.000000 -0.030931 0.576927 -0.106485
    19 1.217773 0.000004 0.000002 -0.020700 -0.169366 0.027834
    20 9.582013 0.082096 -0.005725 1.700268 -1.297194 1.383046
    21 -1.511719 11.007813 -4.187500 1.244308 0.425693 -2.037295
    22 0.000000 0.000000 0.000000 2.850912 0.024313 -0.083294
    23 10.859730 0.000013 -0.000005 -0.260826 0.004417 -0.727768
    24 11.118959 0.012915 -0.055609 0.135709 0.363270 -0.981013
    25 4.460938 -0.096558 -1.193359 -1.667169 0.090820 -0.169460
    26 1.534180 0.000004 -0.000001 -0.001688 -0.111364 -0.007557
    27 0.923828 0.000000 0.000000 -0.000167 -0.106593 -0.001704
    28 3.871094 -0.338867 1.439453 -1.480019 0.189903 -1.416936
    29 1.197266 0.000004 -0.000016 -0.127146 1.001777 -0.146524
    30 0.866211 -0.000001 -0.000003 0.009351 0.733784 0.001142
    31 4.582031 0.205322 -0.326172 -1.539698 0.007204 -1.420212
    32 1.709961 0.000006 -0.000002 -0.026879 1.095842 -0.020771
    33 0.998047 -0.000002 0.000002 -0.016608 0.557664 0.006715
    34 4.332031 0.048065 0.604980 -1.502394 0.106974 -1.508525
    35 1.571289 0.000007 -0.000001 -0.060351 1.044535 -0.069431
    36 1.039063 -0.000008 0.000002 -0.009609 0.637010 -0.018240
    37 1.191406 -1.063477 -1.191406 2.688815 0.147029 -0.438545
    38 1.987305 0.000004 0.000003 0.027278 0.315271 0.098085
    39 1.217773 -0.000005 0.000003 0.021152 0.266873 -0.018769
    40 9.578125 -0.084412 -0.006870 -1.606853 -0.254477 -1.498648
    41 -6.054535 -10.730140 1.658829 -1.137089 0.267664 -1.188919
    42 -6.112834 -9.650531 -1.770827 -1.509198 -0.325389 1.180666
    43 -6.948664 -13.083292 8.558708 -1.509198 -0.325389 1.180666
    44 0.000000 0.000000 0.000000 0.000000 0.000000 0.000000
    45 0.000000 0.000000 0.000000 0.000000 0.000000 0.000000
    46 0.000000 0.000000 0.000000 0.000000 0.000000 0.000000
    47 0.000000 0.000000 0.000000 -1.570796 0.000000 0.000000
    48 0.000000 0.000000 0.000000 -1.570796 0.000000 0.000000
    49 0.000000 0.000000 0.000000 -1.570796 0.000000 0.000000
    50 0.000000 0.000000 0.000000 1.570796 0.000000 0.000000
    51 0.000000 0.000000 0.000000 1.570796 0.000000 0.000000
    52 0.000000 0.000000 0.000000 1.570796 0.000000 0.000000
    53 0.000000 0.000000 0.000000 1.570796 0.000000 0.000000
    54 0.000000 0.000000 0.000000 1.570796 0.000000 0.000000
    55 0.000000 0.000000 0.000000 1.570796 0.000000 0.000000
    56 0.000000 0.000000 0.000000 1.570796 0.000000 0.000000
    57 0.000000 0.000000 0.000000 1.570796 0.000000 0.000000
    58 0.000000 0.000000 0.000000 1.570796 0.000000 0.000000
    59 0.000000 0.000000 0.000000 1.570796 0.000000 0.000000
    60 0.000000 0.000000 0.000000 1.570796 0.000000 0.000000
    61 0.000000 0.000000 0.000000 1.570796 0.000000 0.000000
    62 0.000000 0.000001 0.000000 0.000000 0.000000 0.000000
    63 0.000000 0.000000 0.000000 0.000000 0.000000 0.000000
    64 0.000000 0.000000 0.000000 -3.141593 0.000000 0.000000
    65 0.000000 0.000000 0.000000 -1.570796 0.000000 0.000000
    66 0.000000 0.000000 0.000000 -1.570796 0.000000 0.000000
    67 0.000000 0.000000 0.000000 -1.570796 0.000000 0.000000
    68 0.000000 0.000000 0.000000 1.570796 0.000000 0.000000
    69 0.000000 0.000000 0.000000 1.570796 0.000000 0.000000
    70 0.000000 0.000000 0.000000 1.570796 0.000000 0.000000
    71 0.000000 0.000000 0.000001 1.570796 0.000000 0.000000
    72 0.000000 0.000000 0.000000 1.570796 0.000000 0.000000
    73 0.000000 0.000000 0.000000 1.570796 0.000000 0.000000
    74 0.000000 0.000000 0.000000 1.570796 0.000000 0.000000
    75 0.000000 0.000000 0.000000 1.570796 0.000000 0.000000
    76 -0.000001 0.000000 0.000000 1.570796 0.000000 0.000000
    77 0.000000 0.000000 0.000000 1.570796 0.000000 0.000000
    78 0.000000 0.000000 0.000000 1.570796 0.000000 0.000000
    79 0.000000 0.000000 0.000000 1.570796 0.000000 0.000000
  time 10
    0 -5.744504 -8.770661 -4.561755 -1.548621 -0.324250 1.189680
    1 7.195313 4.312500 -6.410156 -0.275968 0.424923 -1.104175
    2 0.000000 0.000000 0.000000 2.417190 0.255630 -0.827100
    3 10.859747 -0.000001 -0.000001 0.266728 0.008412 1.221941
    4 11.118949 -0.012917 -0.055607 1.211533 -0.034153 -0.105646
    5 4.462505 0.096129 -1.190233 1.700635 -0.250355 0.126839
    6 1.533205 -0.000001 -0.000001 0.000413 -0.021619 0.007484
    7 0.922225 0.000000 0.000000 0.000178 0.157642 0.001714
    8 4.581339 -0.202365 -0.322599 1.482342 -0.101148 0.191099
    9 1.706794 -0.000006 0.000000 3.036021 1.434016 3.039811
    10 0.995784 0.000001 0.000000 0.024057 -0.010418 -0.013906
    11 4.329579 -0.047878 0.601895 1.127992 -0.000106 1.347118
    12 1.571783 0.000002 0.000005 0.138963 1.392803 0.150792
    13 1.038471 0.000006 0.000000 0.013818 1.160599 0.026942
    14 3.871905 0.337152 1.438553 1.056955 0.061531 1.391378
    15 1.197247 -0.000007 -0.000013 0.488854 1.424840 0.523701
    16 0.862615 0.000000 0.000000 -0.011173 1.257335 -0.002728
    17 1.188218 1.062015 -1.188354 2.998169 0.374166 -0.048342
    18 1.984254 -0.000001 0.000000 -0.030931 0.576927 -0.106497
    19 1.217773 0.000004 0.000002 -0.020700 -0.169366 0.027834
    20 9.582013 0.082096 -0.005725 1.701406 -1.299635 1.381835
    21 -1.511719 11.007813 -4.187500 1.244308 0.425693 -2.037295
    22 0.000000 0.000000 0.000000 2.844932 0.029480 -0.078651
    23 10.859730 0.000013 -0.000005 -0.260778 0.004369 -0.723210
    24 11.118959 0.012915 -0.055609 0.139539 0.405121 -0.980064
    25 4.460938 -0.096558 -1.193359 -1.667169 0.090820 -0.169460
    26 1.534180 0.000004 -0.000001 -0.001688 -0.111364 -0.007557
    27 0.923828 0.000000 0.000000 -0.000167 -0.106593 -0.001704
    28 3.871094 -0.338867 1.439453 -1.480019 0.189903 -1.416936
    29 1.197266 0.000004 -0.000016 -0.127146 1.001777 -0.146524
    30 0.866211 -0.000001 -0.000003 0.009351 0.733784 0.001142
    31 4.582031 0.205322 -0.326172 -1.539698 0.007204 -1.420212
    32 1.709961 0.000006 -0.000002 -0.026879 1.095842 -0.020771
    33 0.998047 -0.000002 0.000002 -0.016608 0.557664 0.006715
    34 4.332031 0.048065 0.604980 -1.502394 0.106974 -1.508525
    35 1.571289 0.000007 -0.000001 -0.060351 1.044535 -0.069431
    36 1.039063 -0.000008 0.000002 -0.009609 0.637010 -0.018240
    37 1.191406 -1.063477 -1.191406 2.688815 0.147029 -0.438545
    38 1.987305 0.000004 0.000003 0.027278 0.315271 0.098085
    39 1.217773 -0.000005 0.000003 0.021152 0.266873 -0.018769
    40 9.578125 -0.084412 -0.006870 -1.606853 -0.254477 -1.498648
    41 -6.851434 -11.007492 2.768238 -1.387114 0.241022 -1.185707
    42 -6.218306 -9.611467 -1.739576 -1.548621 -0.324250 1.189680
    43 -7.413522 -12.876255 8.605585 -1.548621 -0.324250 1.189680
    44 0.000000 0.000000 0.000000 0.000000 0.000000 0.000000
    45 0.000000 0.000000 0.000000 0.000000 0.000000 0.000000
    46 0.000000 0.000000 0.000000 0.000000 0.000000 0.000000
    47 0.000000 0.000000 0.000000 -1.570796 0.000000 0.000000
    48 0.000000 0.000000 0.000000 -1.570796 0.000000 0.000000
    49 0.000000 0.000000 0.000000 -1.570796 0.000000 0.000000
    50 0.000000 0.000000 0.000000 1.570796 0.000000 0.000000
    51 0.000000 0.000000 0.000000 1.570796 0.000000 0.000000
    52 0.000000 0.000000 0.000000 1.570796 0.000000 0.000000
    53 0.000000 0.000000 0.000000 1.570796 0.000000 0.000000
    54 0.000000 0.000000 0.000000 1.570796 0.000000 0.000000
    55 0.000000 0.000000 0.000000 1.570796 0.000000 0.000000
    56 0.000000 0.000000 0.000000 1.570796 0.000000 0.000000
    57 0.000000 0.000000 0.000000 1.570796 0.000000 0.000000
    58 0.000000 0.000000 0.000000 1.570796 0.000000 0.000000
    59 0.000000 0.000000 0.000000 1.570796 0.000000 0.000000
    60 0.000000 0.000000 0.000000 1.570796 0.000000 0.000000
    61 0.000000 0.000000 0.000000 1.570796 0.000000 0.000000
    62 0.000000 0.000001 0.000000 0.000000 0.000000 0.000000
    63 0.000000 0.000000 0.000000 0.000000 0.000000 0.000000
    64 0.000000 0.000000 0.000000 -3.141593 0.000000 0.000000
    65 0.000000 0.000000 0.000000 -1.570796 0.000000 0.000000
    66 0.000000 0.000000 0.000000 -1.570796 0.000000 0.000000
    67 0.000000 0.000000 0.000000 -1.570796 0.000000 0.000000
    68 0.000000 0.000000 0.000000 1.570796 0.000000 0.000000
    69 0.000000 0.000000 0.000000 1.570796 0.000000 0.000000
    70 0.000000 0.000000 0.000000 1.570796 0.000000 0.000000
    71 0.000000 0.000000 0.000001 1.570796 0.000000 0.000000
    72 0.000000 0.000000 0.000000 1.570796 0.000000 0.000000
    73 0.000000 0.000000 0.000000 1.570796 0.000000 0.000000
    74 0.000000 0.000000 0.000000 1.570796 0.000000 0.000000
    75 0.000000 0.000000 0.000000 1.570796 0.000000 0.000000
    76 -0.000001 0.000000 0.000000 1.570796 0.000000 0.000000
    77 0.000000 0.000000 0.000000 1.570796 0.000000 0.000000
    78 0.000000 0.000000 0.000000 1.570796 0.000000 0.000000
    79 0.000000 0.000000 0.000000 1.570796 0.000000 0.000000
  time 11
    0 -5.744504 -8.770661 -4.589100 -1.592293 -0.323566 1.188585
    1 7.195313 4.312500 -6.410156 -0.275968 0.424923 -1.104175
    2 0.000000 0.000000 0.000000 2.415109 0.250082 -0.843123
    3 10.859747 -0.000001 -0.000001 0.266452 0.008316 1.203422
    4 11.118949 -0.012917 -0.055607 1.233850 -0.068174 -0.095293
    5 4.462505 0.096129 -1.190233 1.705093 -0.180065 0.113896
    6 1.533205 -0.000001 -0.000001 -0.000294 -0.115189 0.007532
    7 0.922225 0.000000 0.000000 0.000034 0.064098 0.001690
    8 4.581339 -0.202365 -0.322599 1.498426 -0.090637 0.132574
    9 1.706794 -0.000006 0.000000 0.030276 1.231624 0.031785
    10 0.995784 0.000001 0.000000 0.024860 -0.079046 -0.015835
    11 4.329579 -0.047878 0.601895 1.211609 -0.012223 1.037750
    12 1.571783 0.000002 0.000005 0.033451 0.987067 0.040234
    13 1.038471 0.000006 0.000000 0.006484 0.843879 0.017258
    14 3.871905 0.337152 1.438553 1.141098 0.010968 1.051511
    15 1.197247 -0.000007 -0.000013 0.116025 1.077622 0.137376
    16 0.862615 0.000000 0.000000 -0.009627 0.895305 -0.001326
    17 1.188218 1.062015 -1.188354 2.994781 0.418917 -0.055868
    18 1.984254 -0.000001 0.000000 -0.029697 0.463868 -0.103057
    19 1.217773 0.000004 0.000002 -0.020700 -0.169366 0.027834
    20 9.582013 0.082096 -0.005725 1.700987 -1.298726 1.382279
    21 -1.511719 11.007813 -4.187500 1.244308 0.425693 -2.037295
    22 0.000000 0.000000 0.000000 2.840702 0.037177 -0.076340
    23 10.859730 0.000013 -0.000005 -0.260718 0.004297 -0.717320
    24 11.118959 0.012915 -0.055609 0.133642 0.452330 -0.977760
    25 4.460938 -0.096558 -1.193359 -1.667169 0.090820 -0.169460
    26 1.534180 0.000004 -0.000001 -0.001688 -0.111364 -0.007557
    27 0.923828 0.000000 0.000000 -0.000167 -0.106593 -0.001704
    28 3.871094 -0.338867 1.439453 -1.480019 0.189903 -1.416936
    29 1.197266 0.000004 -0.000016 -0.127146 1.001777 -0.146524
    30 0.866211 -0.000001 -0.000003 0.009351 0.733784 0.001142
    31 4.582031 0.205322 -0.326172 -1.539698 0.007204 -1.420212
    32 1.709961 0.000006 -0.000002 -0.026879 1.095842 -0.020771
    33 0.998047 -0.000002 0.000002 -0.016608 0.557664 0.006715
    34 4.332031 0.048065 0.604980 -1.502394 0.106974 -1.508525
    35 1.571289 0.000007 -0.000001 -0.060351 1.044535 -0.069431
    36 1.039063 -0.000008 0.000002 -0.009609 0.637010 -0.018240
    37 1.191406 -1.063477 -1.191406 2.688815 0.147029 -0.438545
    38 1.987305 0.000004 0.000003 0.027278 0.315271 0.098085
    39 1.217773 -0.000005 0.000003 0.021152 0.266873 -0.018769
    40 9.578125 -0.084412 -0.006870 -1.606853 -0.254477 -1.498648
    41 -7.160037 -10.870769 2.725268 -1.356904 0.211936 -1.193761
    42 -6.335497 -9.556778 -1.774733 -1.592293 -0.323566 1.188585
    43 -7.976040 -12.637966 8.566521 -1.592293 -0.323566 1.188585
    44 0.000000 0.000000 0.000000 0.000000 0.000000 0.000000
    45 0.000000 0.000000 0.000000 0.000000 0.000000 0.000000
    46 0.000000 0.000000 0.000000 0.000000 0.000000 0.000000
    47 0.000000 0.000000 0.000000 -1.570796 0.000000 0.000000
    48 0.000000 0.000000 0.000000 -1.570796 0.000000 0.000000
    49 0.000000 0.000000 0.000000 -1.570796 0.000000 0.000000
    50 0.000000 0.000000 0.000000 1.570796 0.000000 0.000000
    51 0.000000 0.000000 0.000000 1.570796 0.000000 0.000000
    52 0.000000 0.000000 0.000000 1.570796 0.000000 0.000000
    53 0.000000 0.000000 0.000000 1.570796 0.000000 0.000000
    54 0.000000 0.000000 0.000000 1.570796 0.000000 0.000000
    55 0.000000 0.000000 0.000000 1.570796 0.000000 0.000000
    56 0.000000 0.000000 0.000000 1.570796 0.000000 0.000000
    57 0.000000 0.000000 0.000000 1.570796 0.000000 0.000000
    58 0.000000 0.000000 0.000000 1.570796 0.000000 0.000000
    59 0.000000 0.000000 0.000000 1.570796 0.000000 0.000000
    60 0.000000 0.000000 0.000000 1.570796 0.000000 0.000000
    61 0.000000 0.000000 0.000000 1.570796 0.000000 0.000000
    62 0.000000 0.000001 0.000000 0.000000 0.000000 0.000000
    63 0.000000 0.000000 0.000000 0.000000 0.000000 0.000000
    64 0.000000 0.000000 0.000000 -3.141593 0.000000 0.000000
    65 0.000000 0.000000 0.000000 -1.570796 0.000000 0.000000
    66 0.000000 0.000000 0.000000 -1.570796 0.000000 0.000000
    67 0.000000 0.000000 0.000000 -1.570796 0.000000 0.000000
    68 0.000000 0.000000 0.000000 1.570796 0.000000 0.000000
    69 0.000000 0.000000 0.000000 1.570796 0.000000 0.000000
    70 0.000000 0.000000 0.000000 1.570796 0.000000 0.000000
    71 0.000000 0.000000 0.000001 1.570796 0.000000 0.000000
    72 0.000000 0.000000 0.000000 1.570796 0.000000 0.000000
    73 0.000000 0.000000 0.000000 1.570796 0.000000 0.000000
    74 0.000000 0.000000 0.000000 1.570796 0.000000 0.000000
    75 0.000000 0.000000 0.000000 1.570796 0.000000 0.000000
    76 -0.000001 0.000000 0.000000 1.570796 0.000000 0.000000
    77 0.000000 0.000000 0.000000 1.570796 0.000000 0.000000
    78 0.000000 0.000000 0.000000 1.570796 0.000000 0.000000
    79 0.000000 0.000000 0.000000 1.570796 0.000000 0.000000
  time 12
    0 -5.744504 -8.770661 -4.659415 -1.618822 -0.322769 1.183783
    1 7.195313 4.312500 -6.410156 -0.275968 0.424923 -1.104175
    2 0.000000 0.000000 0.000000 2.416706 0.249507 -0.852715
    3 10.859747 -0.000001 -0.000001 0.266272 0.008244 1.189500
    4 11.118949 -0.012917 -0.055607 1.244919 -0.086550 -0.083579
    5 4.462505 0.096129 -1.190233 1.713422 -0.049505 0.089819
    6 1.533205 -0.000001 -0.000001 -0.000762 -0.176578 0.007604
    7 0.922225 0.000000 0.000000 -0.000074 0.002752 0.001690
    8 4.581339 -0.202365 -0.322599 1.508972 -0.081685 0.094223
    9 1.706794 -0.000006 0.000000 0.011260 0.349421 0.004614
    10 0.995784 0.000001 0.000000 0.025519 -0.124002 -0.017177
    11 4.329579 -0.047878 0.601895 1.366917 -0.034718 0.463162
    12 1.571783 0.000002 0.000005 0.020544 0.231041 0.014311
    13 1.038471 0.000006 0.000000 0.005285 0.255643 0.013328
    14 3.871905 0.337152 1.438553 1.297437 -0.082905 0.419628
    15 1.197247 -0.000007 -0.000013 0.063120 0.407568 0.054711
    16 0.862615 0.000000 0.000000 -0.008752 0.223070 -0.000883
    17 1.188218 1.062015 -1.188354 2.988540 0.501994 -0.069866
    18 1.984254 -0.000001 0.000000 -0.027420 0.253867 -0.096718
    19 1.217773 0.000004 0.000002 -0.020700 -0.169366 0.027834
    20 9.582013 0.082096 -0.005725 1.699837 -1.296285 1.383465
    21 -1.511719 11.007813 -4.187500 1.244308 0.425693 -2.037295
    22 0.000000 0.000000 0.000000 2.840258 0.043730 -0.076101
    23 10.859730 0.000013 -0.000005 -0.260646 0.004225 -0.710828
    24 11.118959 0.012915 -0.055609 0.123662 0.480477 -0.980200
    25 4.460938 -0.096558 -1.193359 -1.667169 0.090820 -0.169460
    26 1.534180 0.000004 -0.000001 -0.001688 -0.111364 -0.007557
    27 0.923828 0.000000 0.000000 -0.000167 -0.106593 -0.001704
    28 3.871094 -0.338867 1.439453 -1.480019 0.189903 -1.416936
    29 1.197266 0.000004 -0.000016 -0.127146 1.001777 -0.146524
    30 0.866211 -0.000001 -0.000003 0.009351 0.733784 0.001142
    31 4.582031 0.205322 -0.326172 -1.539698 0.007204 -1.420212
    32 1.709961 0.000006 -0.000002 -0.026879 1.095842 -0.020771
    33 0.998047 -0.000002 0.000002 -0.016608 0.557664 0.006715
    34 4.332031 0.048065 0.604980 -1.502394 0.106974 -1.508525
    35 1.571289 0.000007 -0.000001 -0.060351 1.044535 -0.069431
    36 1.039063 -0.000008 0.000002 -0.009609 0.637010 -0.018240
    37 1.191406 -1.063477 -1.191406 2.688815 0.147029 -0.438545
    38 1.987305 0.000004 0.000003 0.027278 0.315271 0.098085
    39 1.217773 -0.000005 0.000003 0.021152 0.266873 -0.018769
    40 9.578125 -0.084412 -0.006870 -1.606853 -0.254477 -1.498648
    41 -7.355356 -10.777016 2.639328 -1.338851 0.194102 -1.203397
    42 -6.409719 -9.521621 -1.848954 -1.618822 -0.322769 1.183783
    43 -8.327613 -12.473899 8.480581 -1.618822 -0.322769 1.183783
    44 0.000000 0.000000 0.000000 0.000000 0.000000 0.000000
    45 0.000000 0.000000 0.000000 0.000000 0.000000 0.000000
    46 0.000000 0.000000 0.000000 0.000000 0.000000 0.000000
    47 0.000000 0.000000 0.000000 -1.570796 0.000000 0.000000
    48 0.000000 0.000000 0.000000 -1.570796 0.000000 0.000000
    49 0.000000 0.000000 0.000000 -1.570796 0.000000 0.000000
    50 0.000000 0.000000 0.000000 1.570796 0.000000 0.000000
    51 0.000000 0.000000 0.000000 1.570796 0.000000 0.000000
    52 0.000000 0.000000 0.000000 1.570796 0.000000 0.000000
    53 0.000000 0.000000 0.000000 1.570796 0.000000 0.000000
    54 0.000000 0.000000 0.000000 1.570796 0.000000 0.000000
    55 0.000000 0.000000 0.000000 1.570796 0.000000 0.000000
    56 0.000000 0.000000 0.000000 1.570796 0.000000 0.000000
    57 0.000000 0.000000 0.000000 1.570796 0.000000 0.000000
    58 0.000000 0.000000 0.000000 1.570796 0.000000 0.000000
    59 0.000000 0.000000 0.000000 1.570796 0.000000 0.000000
    60 0.000000 0.000000 0.000000 1.570796 0.000000 0.000000
    61 0.000000 0.000000 0.000000 1.570796 0.000000 0.000000
    62 0.000000 0.000001 0.000000 0.000000 0.000000 0.000000
    63 0.000000 0.000000 0.000000 0.000000 0.000000 0.000000
    64 0.000000 0.000000 0.000000 -3.141593 0.000000 0.000000
    65 0.000000 0.000000 0.000000 -1.570796 0.000000 0.000000
    66 0.000000 0.000000 0.000000 -1.570796 0.000000 0.000000
    67 0.000000 0.000000 0.000000 -1.570796 0.000000 0.000000
    68 0.000000 0.000000 0.000000 1.570796 0.000000 0.000000
    69 0.000000 0.000000 0.000000 1.570796 0.000000 0.000000
    70 0.000000 0.000000 0.000000 1.570796 0.000000 0.000000
    71 0.000000 0.000000 0.000001 1.570796 0.000000 0.000000
    72 0.000000 0.000000 0.000000 1.570796 0.000000 0.000000
    73 0.000000 0.000000 0.000000 1.570796 0.000000 0.000000
    74 0.000000 0.000000 0.000000 1.570796 0.000000 0.000000
    75 0.000000 0.000000 0.000000 1.570796 0.000000 0.000000
    76 -0.000001 0.000000 0.000000 1.570796 0.000000 0.000000
    77 0.000000 0.000000 0.000000 1.570796 0.000000 0.000000
    78 0.000000 0.000000 0.000000 1.570796 0.000000 0.000000
    79 0.000000 0.000000 0.000000 1.570796 0.000000 0.000000
  time 13
    0 -5.744504 -8.770661 -4.760980 -1.603705 -0.321440 1.173505
    1 7.195313 4.312500 -6.410156 -0.275968 0.424923 -1.104175
    2 0.000000 0.000000 0.000000 2.421837 0.255011 -0.845630
    3 10.859747 -0.000001 -0.000001 0.266308 0.008256 1.192291
    4 11.118949 -0.012917 -0.055607 1.230041 -0.074282 -0.074321
    5 4.462505 0.096129 -1.190233 1.717905 0.020784 0.076851
    6 1.533205 -0.000001 -0.000001 -0.000929 -0.198628 0.007640
    7 0.922225 0.000000 0.000000 -0.000109 -0.019301 0.001690
    8 4.581339 -0.202365 -0.322599 1.512759 -0.074686 0.080413
    9 1.706794 -0.000006 0.000000 0.014491 -0.125714 0.001090
    10 0.995784 0.000001 0.000000 0.025783 -0.140164 -0.017669
    11 4.329579 -0.047878 0.601895 1.450546 -0.046846 0.153733
    12 1.571783 0.000002 0.000005 0.024930 -0.176260 0.009649
    13 1.038471 0.000006 0.000000 0.005549 -0.061125 0.013903
    14 3.871905 0.337152 1.438553 1.381617 -0.133468 0.077465
    15 1.197247 -0.000007 -0.000013 0.068409 0.045438 0.042375
    16 0.862615 0.000000 0.000000 -0.008440 -0.138906 -0.000871
    17 1.188218 1.062015 -1.188354 2.985170 0.546757 -0.077404
    18 1.984254 -0.000001 0.000000 -0.026186 0.140775 -0.093278
    19 1.217773 0.000004 0.000002 -0.020700 -0.169366 0.027834
    20 9.582013 0.082096 -0.005725 1.698099 -1.292455 1.385311
    21 -1.511719 11.007813 -4.187500 1.244308 0.425693 -2.037295
    22 0.000000 0.000000 0.000000 2.845591 0.044645 -0.079927
    23 10.859730 0.000013 -0.000005 -0.260610 0.004177 -0.707776
    24 11.118959 0.012915 -0.055609 0.111011 0.464076 -0.987383
    25 4.460938 -0.096558 -1.193359 -1.667169 0.090820 -0.169460
    26 1.534180 0.000004 -0.000001 -0.001688 -0.111364 -0.007557
    27 0.923828 0.000000 0.000000 -0.000167 -0.106593 -0.001704
    28 3.871094 -0.338867 1.439453 -1.480019 0.189903 -1.416936
    29 1.197266 0.000004 -0.000016 -0.127146 1.001777 -0.146524
    30 0.866211 -0.000001 -0.000003 0.009351 0.733784 0.001142
    31 4.582031 0.205322 -0.326172 -1.539698 0.007204 -1.420212
    32 1.709961 0.000006 -0.000002 -0.026879 1.095842 -0.020771
    33 0.998047 -0.000002 0.000002 -0.016608 0.557664 0.006715
    34 4.332031 0.048065 0.604980 -1.502394 0.106974 -1.508525
    35 1.571289 0.000007 -0.000001 -0.060351 1.044535 -0.069431
    36 1.039063 -0.000008 0.000002 -0.009609 0.637010 -0.018240
    37 1.191406 -1.063477 -1.191406 2.688815 0.147029 -0.438545
    38 1.987305 0.000004 0.000003 0.027278 0.315271 0.098085
    39 1.217773 -0.000005 0.000003 0.021152 0.266873 -0.018769
    40 9.578125 -0.084412 -0.006870 -1.606853 -0.254477 -1.498648
    41 -7.269416 -10.796548 2.557294 -1.350327 0.202935 -1.211259
    42 -6.378468 -9.525527 -1.938801 -1.603705 -0.321440 1.173505
    43 -8.167452 -12.509056 8.402453 -1.603705 -0.321440 1.173505
    44 0.000000 0.000000 0.000000 0.000000 0.000000 0.000000
    45 0.000000 0.000000 0.000000 0.000000 0.000000 0.000000
    46 0.000000 0.000000 0.000000 0.000000 0.000000 0.000000
    47 0.000000 0.000000 0.000000 -1.570796 0.000000 0.000000
    48 0.000000 0.000000 0.000000 -1.570796 0.000000 0.000000
    49 0.000000 0.000000 0.000000 -1.570796 0.000000 0.000000
    50 0.000000 0.000000 0.000000 1.570796 0.000000 0.000000
    51 0.000000 0.000000 0.000000 1.570796 0.000000 0.000000
    52 0.000000 0.000000 0.000000 1.570796 0.000000 0.000000
    53 0.000000 0.000000 0.000000 1.570796 0.000000 0.000000
    54 0.000000 0.000000 0.000000 1.570796 0.000000 0.000000
    55 0.000000 0.000000 0.000000 1.570796 0.000000 0.000000
    56 0.000000 0.000000 0.000000 1.570796 0.000000 0.000000
    57 0.000000 0.000000 0.000000 1.570796 0.000000 0.000000
    58 0.000000 0.000000 0.000000 1.570796 0.000000 0.000000
    59 0.000000 0.000000 0.000000 1.570796 0.000000 0.000000
    60 0.000000 0.000000 0.000000 1.570796 0.000000 0.000000
    61 0.000000 0.000000 0.000000 1.570796 0.000000 0.000000
    62 0.000000 0.000001 0.000000 0.000000 0.000000 0.000000
    63 0.000000 0.000000 0.000000 0.000000 0.000000 0.000000
    64 0.000000 0.000000 0.000000 -3.141593 0.000000 0.000000
    65 0.000000 0.000000 0.000000 -1.570796 0.000000 0.000000
    66 0.000000 0.000000 0.000000 -1.570796 0.000000 0.000000
    67 0.000000 0.000000 0.000000 -1.570796 0.000000 0.000000
    68 0.000000 0.000000 0.000000 1.570796 0.000000 0.000000
    69 0.000000 0.000000 0.000000 1.570796 0.000000 0.000000
    70 0.000000 0.000000 0.000000 1.570796 0.000000 0.000000
    71 0.000000 0.000000 0.000001 1.570796 0.000000 0.000000
    72 0.000000 0.000000 0.000000 1.570796 0.000000 0.000000
    73 0.000000 0.000000 0.000000 1.570796 0.000000 0.000000
    74 0.000000 0.000000 0.000000 1.570796 0.000000 0.000000
    75 0.000000 0.000000 0.000000 1.570796 0.000000 0.000000
    76 -0.000001 0.000000 0.000000 1.570796 0.000000 0.000000
    77 0.000000 0.000000 0.000000 1.570796 0.000000 0.000000
    78 0.000000 0.000000 0.000000 1.570796 0.000000 0.000000
    79 0.000000 0.000000 0.000000 1.570796 0.000000 0.000000
  time 14
    0 -5.744504 -8.770661 -4.862546 -1.567147 -0.319883 1.159520
    1 7.195313 4.312500 -6.410156 -0.275968 0.424923 -1.104175
    2 0.000000 0.000000 0.000000 2.446811 0.297603 -0.744532
    3 10.859747 -0.000001 -0.000001 0.267783 0.008735 1.297731
    4 11.118949 -0.012917 -0.055607 1.244324 -0.049291 -0.136215
    5 4.462505 0.096129 -1.190233 1.717725 0.020125 0.081298
    6 1.533205 -0.000001 -0.000001 -0.000834 -0.186612 0.007628
    7 0.922225 0.000000 0.000000 -0.000109 -0.019301 0.001690
    8 4.581339 -0.202365 -0.322599 1.512160 -0.069449 0.089390
    9 1.706794 -0.000006 0.000000 0.014491 -0.110768 0.001276
    10 0.995784 0.000001 0.000000 0.025759 -0.134143 -0.017489
    11 4.329579 -0.047878 0.601895 1.450342 -0.046115 0.159672
    12 1.571783 0.000002 0.000005 0.024714 -0.155304 0.010081
    13 1.038471 0.000006 0.000000 0.005525 -0.049189 0.014238
    14 3.871905 0.337152 1.438553 1.381401 -0.130526 0.074184
    15 1.197247 -0.000007 -0.000013 0.068198 0.063384 0.043357
    16 0.862615 0.000000 0.000000 -0.008464 -0.117974 -0.000871
    17 1.188218 1.062015 -1.188354 3.059470 0.526143 -0.032354
    18 1.984254 -0.000001 0.000000 -0.026186 0.140775 -0.093290
    19 1.217773 0.000004 0.000002 -0.020700 -0.169366 0.027834
    20 9.582013 0.082096 -0.005725 1.695882 -1.287478 1.387624
    21 -1.511719 11.007813 -4.187500 1.244308 0.425693 -2.037295
    22 0.000000 0.000000 0.000000 2.853729 0.042344 -0.085944
    23 10.859730 0.000013 -0.000005 -0.260622 0.004177 -0.707561
    24 11.118959 0.012915 -0.055609 0.097503 0.424921 -0.994431
    25 4.460938 -0.096558 -1.193359 -1.667169 0.090820 -0.169460
    26 1.534180 0.000004 -0.000001 -0.001688 -0.111364 -0.007557
    27 0.923828 0.000000 0.000000 -0.000167 -0.106593 -0.001704
    28 3.871094 -0.338867 1.439453 -1.480019 0.189903 -1.416936
    29 1.197266 0.000004 -0.000016 -0.127146 1.001777 -0.146524
    30 0.866211 -0.000001 -0.000003 0.009351 0.733784 0.001142
    31 4.582031 0.205322 -0.326172 -1.539698 0.007204 -1.420212
    32 1.709961 0.000006 -0.000002 -0.026879 1.095842 -0.020771
    33 0.998047 -0.000002 0.000002 -0.016608 0.557664 0.006715
    34 4.332031 0.048065 0.604980 -1.502394 0.106974 -1.508525
    35 1.571289 0.000007 -0.000001 -0.060351 1.044535 -0.069431
    36 1.039063 -0.000008 0.000002 -0.009609 0.637010 -0.018240
    37 1.191406 -1.063477 -1.191406 2.688815 0.147029 -0.438545
    38 1.987305 0.000004 0.000003 0.027278 0.315271 0.098085
    39 1.217773 -0.000005 0.000003 0.021152 0.266873 -0.018769
    40 9.578125 -0.084412 -0.006870 -1.606853 -0.254477 -1.498648
    41 -7.035034 -10.886395 2.471354 -1.377180 0.225730 -1.219408
    42 -6.288621 -9.564591 -2.036460 -1.567147 -0.319883 1.159520
    43 -7.749470 -12.669217 8.324326 -1.567147 -0.319883 1.159520
    44 0.000000 0.000000 0.000000 0.000000 0.000000 0.000000
    45 0.000000 0.000000 0.000000 0.000000 0.000000 0.000000
    46 0.000000 0.000000 0.000000 0.000000 0.000000 0.000000
    47 0.000000 0.000000 0.000000 -1.570796 0.000000 0.000000
    48 0.000000 0.000000 0.000000 -1.570796 0.000000 0.000000
    49 0.000000 0.000000 0.000000 -1.570796 0.000000 0.000000
    50 0.000000 0.000000 0.000000 1.570796 0.000000 0.000000
    51 0.000000 0.000000 0.000000 1.570796 0.000000 0.000000
    52 0.000000 0.000000 0.000000 1.570796 0.000000 0.000000
    53 0.000000 0.000000 0.000000 1.570796 0.000000 0.000000
    54 0.000000 0.000000 0.000000 1.570796 0.000000 0.000000
    55 0.000000 0.000000 0.000000 1.570796 0.000000 0.000000
    56 0.000000 0.000000 0.000000 1.570796 0.000000 0.000000
    57 0.000000 0.000000 0.000000 1.570796 0.000000 0.000000
    58 0.000000 0.000000 0.000000 1.570796 0.000000 0.000000
    59 0.000000 0.000000 0.000000 1.570796 0.000000 0.000000
    60 0.000000 0.000000 0.000000 1.570796 0.000000 0.000000
    61 0.000000 0.000000 0.000000 1.570796 0.000000 0.000000
    62 0.000000 0.000001 0.000000 0.000000 0.000000 0.000000
    63 0.000000 0.000000 0.000000 0.000000 0.000000 0.000000
    64 0.000000 0.000000 0.000000 -3.141593 0.000000 0.000000
    65 0.000000 0.000000 0.000000 -1.570796 0.000000 0.000000
    66 0.000000 0.000000 0.000000 -1.570796 0.000000 0.000000
    67 0.000000 0.000000 0.000000 -1.570796 0.000000 0.000000
    68 0.000000 0.000000 0.000000 1.570796 0.000000 0.000000
    69 0.000000 0.000000 0.000000 1.570796 0.000000 0.000000
    70 0.000000 0.000000 0.000000 1.570796 0.000000 0.000000
    71 0.000000 0.000000 0.000001 1.570796 0.000000 0.000000
    72 0.000000 0.000000 0.000000 1.570796 0.000000 0.000000
    73 0.000000 0.000000 0.000000 1.570796 0.000000 0.000000
    74 0.000000 0.000000 0.000000 1.570796 0.000000 0.000000
    75 0.000000 0.000000 0.000000 1.570796 0.000000 0.000000
    76 -0.000001 0.000000 0.000000 1.570796 0.000000 0.000000
    77 0.000000 0.000000 0.000000 1.570796 0.000000 0.000000
    78 0.000000 0.000000 0.000000 1.570796 0.000000 0.000000
    79 0.000000 0.000000 0.000000 1.570796 0.000000 0.000000
  time 15
    0 -5.744504 -8.770661 -4.960205 -1.521993 -0.318364 1.144103
    1 7.195313 4.312500 -6.410156 -0.275968 0.424923 -1.104175
    2 0.000000 0.000000 0.000000 2.526187 0.373924 -0.498409
    3 10.859747 -0.000001 -0.000001 0.270671 0.009251 1.498178
    4 11.118949 -0.012917 -0.055607 1.299017 -0.030058 -0.272547
    5 4.462505 0.096129 -1.190233 1.717233 0.018339 0.093210
    6 1.533205 -0.000001 -0.000001 -0.000594 -0.154560 0.007568
    7 0.922225 0.000000 0.000000 -0.000109 -0.019301 0.001690
    8 4.581339 -0.202365 -0.322599 1.510578 -0.065374 0.113450
    9 1.706794 -0.000006 0.000000 0.014399 -0.070642 0.001832
    10 0.995784 0.000001 0.000000 0.025675 -0.118119 -0.017070
    11 4.329579 -0.047878 0.601895 1.449767 -0.044114 0.175605
    12 1.571783 0.000002 0.000005 0.024211 -0.099153 0.011255
    13 1.038471 0.000006 0.000000 0.005501 -0.017071 0.014502
    14 3.871905 0.337152 1.438553 1.380862 -0.122701 0.071231
    15 1.197247 -0.000007 -0.000013 0.067824 0.111470 0.046088
    16 0.862615 0.000000 0.000000 -0.008512 -0.061834 -0.000859
    17 1.188218 1.062015 -1.188354 3.236632 0.477006 0.075052
    18 1.984254 -0.000001 0.000000 -0.026186 0.140775 -0.093290
    19 1.217773 0.000004 0.000002 -0.020700 -0.169366 0.027834
    20 9.582013 0.082096 -0.005725 1.693341 -1.281494 1.390260
    21 -1.511719 11.007813 -4.187500 1.244308 0.425693 -2.037295
    22 0.000000 0.000000 0.000000 2.862238 0.038200 -0.092559
    23 10.859730 0.000013 -0.000005 -0.260646 0.004213 -0.709797
    24 11.118959 0.012915 -0.055609 0.085205 0.377306 -0.998768
    25 4.460938 -0.096558 -1.193359 -1.667169 0.090820 -0.169460
    26 1.534180 0.000004 -0.000001 -0.001688 -0.111364 -0.007557
    27 0.923828 0.000000 0.000000 -0.000167 -0.106593 -0.001704
    28 3.871094 -0.338867 1.439453 -1.480019 0.189903 -1.416936
    29 1.197266 0.000004 -0.000016 -0.127146 1.001777 -0.146524
    30 0.866211 -0.000001 -0.000003 0.009351 0.733784 0.001142
    31 4.582031 0.205322 -0.326172 -1.539698 0.007204 -1.420212
    32 1.709961 0.000006 -0.000002 -0.026879 1.095842 -0.020771
    33 0.998047 -0.000002 0.000002 -0.016608 0.557664 0.006715
    34 4.332031 0.048065 0.604980 -1.502394 0.106974 -1.508525
    35 1.571289 0.000007 -0.000001 -0.060351 1.044535 -0.069431
    36 1.039063 -0.000008 0.000002 -0.009609 0.637010 -0.018240
    37 1.191406 -1.063477 -1.191406 2.688815 0.147029 -0.438545
    38 1.987305 0.000004 0.000003 0.027278 0.315271 0.098085
    39 1.217773 -0.000005 0.000003 0.021152 0.266873 -0.018769
    40 9.578125 -0.084412 -0.006870 -1.606853 -0.254477 -1.498648
    41 -6.742056 -11.003586 2.385414 -1.410112 0.254349 -1.228468
    42 -6.175336 -9.603655 -2.126307 -1.521993 -0.318364 1.144103
    43 -7.229923 -12.876255 8.234480 -1.521993 -0.318364 1.144103
    44 0.000000 0.000000 0.000000 0.000000 0.000000 0.000000
    45 0.000000 0.000000 0.000000 0.000000 0.000000 0.000000
    46 0.000000 0.000000 0.000000 0.000000 0.000000 0.000000
    47 0.000000 0.000000 0.000000 -1.570796 0.000000 0.000000
    48 0.000000 0.000000 0.000000 -1.570796 0.000000 0.000000
    49 0.000000 0.000000 0.000000 -1.570796 0.000000 0.000000
    50 0.000000 0.000000 0.000000 1.570796 0.000000 0.000000
    51 0.000000 0.000000 0.000000 1.570796 0.000000 0.000000
    52 0.000000 0.000000 0.000000 1.570796 0.000000 0.000000
    53 0.000000 0.000000 0.000000 1.570796 0.000000 0.000000
    54 0.000000 0.000000 0.000000 1.570796 0.000000 0.000000
    55 0.000000 0.000000 0.000000 1.570796 0.000000 0.000000
    56 0.000000 0.000000 0.000000 1.570796 0.000000 0.000000
    57 0.000000 0.000000 0.000000 1.570796 0.000000 0.000000
    58 0.000000 0.000000 0.000000 1.570796 0.000000 0.000000
    59 0.000000 0.000000 0.000000 1.570796 0.000000 0.000000
    60 0.000000 0.000000 0.000000 1.570796 0.000000 0.000000
    61 0.000000 0.000000 0.000000 1.570796 0.000000 0.000000
    62 0.000000 0.000001 0.000000 0.000000 0.000000 0.000000
    63 0.000000 0.000000 0.000000 0.000000 0.000000 0.000000
    64 0.000000 0.000000 0.000000 -3.141593 0.000000 0.000000
    65 0.000000 0.000000 0.000000 -1.570796 0.000000 0.000000
    66 0.000000 0.000000 0.000000 -1.570796 0.000000 0.000000
    67 0.000000 0.000000 0.000000 -1.570796 0.000000 0.000000
    68 0.000000 0.000000 0.000000 1.570796 0.000000 0.000000
    69 0.000000 0.000000 0.000000 1.570796 0.000000 0.000000
    70 0.000000 0.000000 0.000000 1.570796 0.000000 0.000000
    71 0.000000 0.000000 0.000001 1.570796 0.000000 0.000000
    72 0.000000 0.000000 0.000000 1.570796 0.000000 0.000000
    73 0.000000 0.000000 0.000000 1.570796 0.000000 0.000000
    74 0.000000 0.000000 0.000000 1.570796 0.000000 0.000000
    75 0.000000 0.000000 0.000000 1.570796 0.000000 0.000000
    76 -0.000001 0.000000 0.000000 1.570796 0.000000 0.000000
    77 0.000000 0.000000 0.000000 1.570796 0.000000 0.000000
    78 0.000000 0.000000 0.000000 1.570796 0.000000 0.000000
    79 0.000000 0.000000 0.000000 1.570796 0.000000 0.000000
  time 16
    0 -5.744504 -8.770661 -5.030520 -1.481236 -0.317111 1.129697
    1 7.195313 4.312500 -6.410156 -0.275968 0.424923 -1.104175
    2 0.000000 0.000000 0.000000 2.681987 0.419014 -0.150371
    3 10.859747 -0.000001 -0.000001 0.273092 0.009227 1.663933
    4 11.118949 -0.012917 -0.055607 1.345020 -0.043481 -0.376005
    5 4.462505 0.096129 -1.190233 1.716514 0.015775 0.110456
    6 1.533205 -0.000001 -0.000001 -0.000234 -0.108094 0.007520
    7 0.922225 0.000000 0.000000 -0.000109 -0.019301 0.001690
    8 4.581339 -0.202365 -0.322599 1.508277 -0.062318 0.148293
    9 1.706794 -0.000006 0.000000 0.014214 -0.012571 0.002667
    10 0.995784 0.000001 0.000000 0.025579 -0.094931 -0.016446
    11 4.329579 -0.047878 0.601895 1.448928 -0.041249 0.198653
    12 1.571783 0.000002 0.000005 0.023732 -0.017905 0.013005
    13 1.038471 0.000006 0.000000 0.005501 0.029380 0.014742
    14 3.871905 0.337152 1.438553 1.380035 -0.111350 0.068661
    15 1.197247 -0.000007 -0.000013 0.067749 0.181034 0.050299
    16 0.862615 0.000000 0.000000 -0.008572 0.019445 -0.000859
    17 1.188218 1.062015 -1.188354 3.448120 0.418366 0.203239
    18 1.984254 -0.000001 0.000000 -0.026186 0.140775 -0.093278
    19 1.217773 0.000004 0.000002 -0.020700 -0.169366 0.027834
    20 9.582013 0.082096 -0.005725 1.690608 -1.274889 1.393125
    21 -1.511719 11.007813 -4.187500 1.244308 0.425693 -2.037295
    22 0.000000 0.000000 0.000000 2.868686 0.033571 -0.098277
    23 10.859730 0.000013 -0.000005 -0.260682 0.004261 -0.713537
    24 11.118959 0.012915 -0.055609 0.075628 0.335565 -0.999107
    25 4.460938 -0.096558 -1.193359 -1.667169 0.090820 -0.169460
    26 1.534180 0.000004 -0.000001 -0.001688 -0.111364 -0.007557
    27 0.923828 0.000000 0.000000 -0.000167 -0.106593 -0.001704
    28 3.871094 -0.338867 1.439453 -1.480019 0.189903 -1.416936
    29 1.197266 0.000004 -0.000016 -0.127146 1.001777 -0.146524
    30 0.866211 -0.000001 -0.000003 0.009351 0.733784 0.001142
    31 4.582031 0.205322 -0.326172 -1.539698 0.007204 -1.420212
    32 1.709961 0.000006 -0.000002 -0.026879 1.095842 -0.020771
    33 0.998047 -0.000002 0.000002 -0.016608 0.557664 0.006715
    34 4.332031 0.048065 0.604980 -1.502394 0.106974 -1.508525
    35 1.571289 0.000007 -0.000001 -0.060351 1.044535 -0.069431
    36 1.039063 -0.000008 0.000002 -0.009609 0.637010 -0.018240
    37 1.191406 -1.063477 -1.191406 2.688815 0.147029 -0.438545
    38 1.987305 0.000004 0.000003 0.027278 0.315271 0.098085
    39 1.217773 -0.000005 0.000003 0.021152 0.266873 -0.018769
    40 9.578125 -0.084412 -0.006870 -1.606853 -0.254477 -1.498648
    41 -6.484236 -11.112964 2.311193 -1.439777 0.280451 -1.237960
    42 -6.077677 -9.646625 -2.196621 -1.481236 -0.317111 1.129697
    43 -6.765065 -13.079386 8.140727 -1.481236 -0.317111 1.129697
    44 0.000000 0.000000 0.000000 0.000000 0.000000 0.000000
    45 0.000000 0.000000 0.000000 0.000000 0.000000 0.000000
    46 0.000000 0.000000 0.000000 0.000000 0.000000 0.000000
    47 0.000000 0.000000 0.000000 -1.570796 0.000000 0.000000
    48 0.000000 0.000000 0.000000 -1.570796 0.000000 0.000000
    49 0.000000 0.000000 0.000000 -1.570796 0.000000 0.000000
    50 0.000000 0.000000 0.000000 1.570796 0.000000 0.000000
    51 0.000000 0.000000 0.000000 1.570796 0.000000 0.000000
    52 0.000000 0.000000 0.000000 1.570796 0.000000 0.000000
    53 0.000000 0.000000 0.000000 1.570796 0.000000 0.000000
    54 0.000000 0.000000 0.000000 1.570796 0.000000 0.000000
    55 0.000000 0.000000 0.000000 1.570796 0.000000 0.000000
    56 0.000000 0.000000 0.000000 1.570796 0.000000 0.000000
    57 0.000000 0.000000 0.000000 1.570796 0.000000 0.000000
    58 0.000000 0.000000 0.000000 1.570796 0.000000 0.000000
    59 0.000000 0.000000 0.000000 1.570796 0.000000 0.000000
    60 0.000000 0.000000 0.000000 1.570796 0.000000 0.000000
    61 0.000000 0.000000 0.000000 1.570796 0.000000 0.000000
    62 0.000000 0.000001 0.000000 0.000000 0.000000 0.000000
    63 0.000000 0.000000 0.000000 0.000000 0.000000 0.000000
    64 0.000000 0.000000 0.000000 -3.141593 0.000000 0.000000
    65 0.000000 0.000000 0.000000 -1.570796 0.000000 0.000000
    66 0.000000 0.000000 0.000000 -1.570796 0.000000 0.000000
    67 0.000000 0.000000 0.000000 -1.570796 0.000000 0.000000
    68 0.000000 0.000000 0.000000 1.570796 0.000000 0.000000
    69 0.000000 0.000000 0.000000 1.570796 0.000000 0.000000
    70 0.000000 0.000000 0.000000 1.570796 0.000000 0.000000
    71 0.000000 0.000000 0.000001 1.570796 0.000000 0.000000
    72 0.000000 0.000000 0.000000 1.570796 0.000000 0.000000
    73 0.000000 0.000000 0.000000 1.570796 0.000000 0.000000
    74 0.000000 0.000000 0.000000 1.570796 0.000000 0.000000
    75 0.000000 0.000000 0.000000 1.570796 0.000000 0.000000
    76 -0.000001 0.000000 0.000000 1.570796 0.000000 0.000000
    77 0.000000 0.000000 0.000000 1.570796 0.000000 0.000000
    78 0.000000 0.000000 0.000000 1.570796 0.000000 0.000000
    79 0.000000 0.000000 0.000000 1.570796 0.000000 0.000000
  time 17
    0 -5.744504 -8.770661 -5.057864 -1.457770 -0.316389 1.118408
    1 7.195313 4.312500 -6.410156 -0.275968 0.424923 -1.104175
    2 0.000000 0.000000 0.000000 2.883477 0.382589 0.203444
    3 10.859747 -0.000001 -0.000001 0.273859 0.009131 1.716828
    4 11.118949 -0.012917 -0.055607 1.375729 -0.088930 -0.363574
    5 4.462505 0.096129 -1.190233 1.715675 0.012719 0.130890
    6 1.533205 -0.000001 -0.000001 0.000185 -0.053065 0.007496
    7 0.922225 0.000000 0.000000 -0.000109 -0.019301 0.001690
    8 4.581339 -0.202365 -0.322599 1.505533 -0.060125 0.189585
    9 1.706794 -0.000006 0.000000 0.014214 0.056258 0.003594
    10 0.995784 0.000001 0.000000 0.025507 -0.067383 -0.015715
    11 4.329579 -0.047878 0.601895 1.447945 -0.037858 0.226001
    12 1.571783 0.000002 0.000005 0.023540 0.078442 0.015186
    13 1.038471 0.000006 0.000000 0.005513 0.084460 0.014957
    14 3.871905 0.337152 1.438553 1.379076 -0.097869 0.066364
    15 1.197247 -0.000007 -0.000013 0.068484 0.263495 0.055747
    16 0.862615 0.000000 0.000000 -0.008656 0.115798 -0.000871
    17 1.188218 1.062015 -1.188354 3.625282 0.369241 0.310645
    18 1.984254 -0.000001 0.000000 -0.026186 0.140775 -0.093290
    19 1.217773 0.000004 0.000002 -0.020700 -0.169366 0.027834
    20 9.582013 0.082096 -0.005725 1.687816 -1.267662 1.396037
    21 -1.511719 11.007813 -4.187500 1.244308 0.425693 -2.037295
    22 0.000000 0.000000 0.000000 2.871969 0.030408 -0.101724
    23 10.859730 0.000013 -0.000005 -0.260718 0.004297 -0.717621
    24 11.118959 0.012915 -0.055609 0.069076 0.312700 -0.995854
    25 4.460938 -0.096558 -1.193359 -1.667169 0.090820 -0.169460
    26 1.534180 0.000004 -0.000001 -0.001688 -0.111364 -0.007557
    27 0.923828 0.000000 0.000000 -0.000167 -0.106593 -0.001704
    28 3.871094 -0.338867 1.439453 -1.480019 0.189903 -1.416936
    29 1.197266 0.000004 -0.000016 -0.127146 1.001777 -0.146524
    30 0.866211 -0.000001 -0.000003 0.009351 0.733784 0.001142
    31 4.582031 0.205322 -0.326172 -1.539698 0.007204 -1.420212
    32 1.709961 0.000006 -0.000002 -0.026879 1.095842 -0.020771
    33 0.998047 -0.000002 0.000002 -0.016608 0.557664 0.006715
    34 4.332031 0.048065 0.604980 -1.502394 0.106974 -1.508525
    35 1.571289 0.000007 -0.000001 -0.060351 1.044535 -0.069431
    36 1.039063 -0.000008 0.000002 -0.009609 0.637010 -0.018240
    37 1.191406 -1.063477 -1.191406 2.688815 0.147029 -0.438545
    38 1.987305 0.000004 0.000003 0.027278 0.315271 0.098085
    39 1.217773 -0.000005 0.000003 0.021152 0.266873 -0.018769
    40 9.578125 -0.084412 -0.006870 -1.606853 -0.254477 -1.498648
    41 -6.343606 -11.175466 2.279942 -1.456969 0.295564 -1.246733
    42 -6.019082 -9.670063 -2.223966 -1.457770 -0.316389 1.118408
    43 -6.511151 -13.188764 8.093850 -1.457770 -0.316389 1.118408
    44 0.000000 0.000000 0.000000 0.000000 0.000000 0.000000
    45 0.000000 0.000000 0.000000 0.000000 0.000000 0.000000
    46 0.000000 0.000000 0.000000 0.000000 0.000000 0.000000
    47 0.000000 0.000000 0.000000 -1.570796 0.000000 0.000000
    48 0.000000 0.000000 0.000000 -1.570796 0.000000 0.000000
    49 0.000000 0.000000 0.000000 -1.570796 0.000000 0.000000
    50 0.000000 0.000000 0.000000 1.570796 0.000000 0.000000
    51 0.000000 0.000000 0.000000 1.570796 0.000000 0.000000
    52 0.000000 0.000000 0.000000 1.570796 0.000000 0.000000
    53 0.000000 0.000000 0.000000 1.570796 0.000000 0.000000
    54 0.000000 0.000000 0.000000 1.570796 0.000000 0.000000
    55 0.000000 0.000000 0.000000 1.570796 0.000000 0.000000
    56 0.000000 0.000000 0.000000 1.570796 0.000000 0.000000
    57 0.000000 0.000000 0.000000 1.570796 0.000000 0.000000
    58 0.000000 0.000000 0.000000 1.570796 0.000000 0.000000
    59 0.000000 0.000000 0.000000 1.570796 0.000000 0.000000
    60 0.000000 0.000000 0.000000 1.570796 0.000000 0.000000
    61 0.000000 0.000000 0.000000 1.570796 0.000000 0.000000
    62 0.000000 0.000001 0.000000 0.000000 0.000000 0.000000
    63 0.000000 0.000000 0.000000 0.000000 0.000000 0.000000
    64 0.000000 0.000000 0.000000 -3.141593 0.000000 0.000000
    65 0.000000 0.000000 0.000000 -1.570796 0.000000 0.000000
    66 0.000000 0.000000 0.000000 -1.570796 0.000000 0.000000
    67 0.000000 0.000000 0.000000 -1.570796 0.000000 0.000000
    68 0.000000 0.000000 0.000000 1.570796 0.000000 0.000000
    69 0.000000 0.000000 0.000000 1.570796 0.000000 0.000000
    70 0.000000 0.000000 0.000000 1.570796 0.000000 0.000000
    71 0.000000 0.000000 0.000001 1.570796 0.000000 0.000000
    72 0.000000 0.000000 0.000000 1.570796 0.000000 0.000000
    73 0.000000 0.000000 0.000000 1.570796 0.000000 0.000000
    74 0.000000 0.000000 0.000000 1.570796 0.000000 0.000000
    75 0.000000 0.000000 0.000000 1.570796 0.000000 0.000000
    76 -0.000001 0.000000 0.000000 1.570796 0.000000 0.000000
    77 0.000000 0.000000 0.000000 1.570796 0.000000 0.000000
    78 0.000000 0.000000 0.000000 1.570796 0.000000 0.000000
    79 0.000000 0.000000 0.000000 1.570796 0.000000 0.000000
  time 18
    0 -5.744504 -8.770661 -5.053958 -1.448087 -0.316085 1.109394
    1 7.195313 4.312500 -6.410156 -0.275968 0.424923 -1.104175
    2 0.000000 0.000000 0.000000 3.053652 0.299062 0.441882
    3 10.859747 -0.000001 -0.000001 0.272912 0.009239 1.651661
    4 11.118949 -0.012917 -0.055607 1.420483 -0.133189 -0.239862
    5 4.462505 0.096129 -1.190233 1.714789 0.009507 0.152390
    6 1.533205 -0.000001 -0.000001 0.000617 0.004905 0.007484
    7 0.922225 0.000000 0.000000 -0.000109 -0.019301 0.001690
    8 4.581339 -0.202365 -0.322599 1.502644 -0.058651 0.233062
    9 1.706794 -0.000006 0.000000 0.014214 0.128656 0.004707
    10 0.995784 0.000001 0.000000 0.025459 -0.038416 -0.014984
    11 4.329579 -0.047878 0.601895 1.446902 -0.034286 0.254741
    12 1.571783 0.000002 0.000005 0.023804 0.179787 0.017679
    13 1.038471 0.000006 0.000000 0.005561 0.142368 0.015185
    14 3.871905 0.337152 1.438553 1.378070 -0.083704 0.064450
    15 1.197247 -0.000007 -0.000013 0.070313 0.350169 0.062177
    16 0.862615 0.000000 0.000000 -0.008740 0.217211 -0.000883
    17 1.188218 1.062015 -1.188354 3.699601 0.348615 0.355695
    18 1.984254 -0.000001 0.000000 -0.026186 0.140775 -0.093290
    19 1.217773 0.000004 0.000002 -0.020700 -0.169366 0.027834
    20 9.582013 0.082096 -0.005725 1.685060 -1.260147 1.398949
    21 -1.511719 11.007813 -4.187500 1.244308 0.425693 -2.037295
    22 0.000000 0.000000 0.000000 2.872700 0.028404 -0.103517
    23 10.859730 0.000013 -0.000005 -0.260766 0.004345 -0.721620
    24 11.118959 0.012915 -0.055609 0.064389 0.305165 -0.990365
    25 4.460938 -0.096558 -1.193359 -1.667169 0.090820 -0.169460
    26 1.534180 0.000004 -0.000001 -0.001688 -0.111364 -0.007557
    27 0.923828 0.000000 0.000000 -0.000167 -0.106593 -0.001704
    28 3.871094 -0.338867 1.439453 -1.480019 0.189903 -1.416936
    29 1.197266 0.000004 -0.000016 -0.127146 1.001777 -0.146524
    30 0.866211 -0.000001 -0.000003 0.009351 0.733784 0.001142
    31 4.582031 0.205322 -0.326172 -1.539698 0.007204 -1.420212
    32 1.709961 0.000006 -0.000002 -0.026879 1.095842 -0.020771
    33 0.998047 -0.000002 0.000002 -0.016608 0.557664 0.006715
    34 4.332031 0.048065 0.604980 -1.502394 0.106974 -1.508525
    35 1.571289 0.000007 -0.000001 -0.060351 1.044535 -0.069431
    36 1.039063 -0.000008 0.000002 -0.009609 0.637010 -0.018240
    37 1.191406 -1.063477 -1.191406 2.688815 0.147029 -0.438545
    38 1.987305 0.000004 0.000003 0.027278 0.315271 0.098085
    39 1.217773 -0.000005 0.000003 0.021152 0.266873 -0.018769
    40 9.578125 -0.084412 -0.006870 -1.606853 -0.254477 -1.498648
    41 -6.296730 -11.198904 2.279942 -1.463954 0.301736 -1.254835
    42 -6.003456 -9.681782 -2.220059 -1.448087 -0.316085 1.109394
    43 -6.429117 -13.235641 8.089944 -1.448087 -0.316085 1.109394
    44 0.000000 0.000000 0.000000 0.000000 0.000000 0.000000
    45 0.000000 0.000000 0.000000 0.000000 0.000000 0.000000
    46 0.000000 0.000000 0.000000 0.000000 0.000000 0.000000
    47 0.000000 0.000000 0.000000 -1.570796 0.000000 0.000000
    48 0.000000 0.000000 0.000000 -1.570796 0.000000 0.000000
    49 0.000000 0.000000 0.000000 -1.570796 0.000000 0.000000
    50 0.000000 0.000000 0.000000 1.570796 0.000000 0.000000
    51 0.000000 0.000000 0.000000 1.570796 0.000000 0.000000
    52 0.000000 0.000000 0.000000 1.570796 0.000000 0.000000
    53 0.000000 0.000000 0.000000 1.570796 0.000000 0.000000
    54 0.000000 0.000000 0.000000 1.570796 0.000000 0.000000
    55 0.000000 0.000000 0.000000 1.570796 0.000000 0.000000
    56 0.000000 0.000000 0.000000 1.570796 0.000000 0.000000
    57 0.000000 0.000000 0.000000 1.570796 0.000000 0.000000
    58 0.000000 0.000000 0.000000 1.570796 0.000000 0.000000
    59 0.000000 0.000000 0.000000 1.570796 0.000000 0.000000
    60 0.000000 0.000000 0.000000 1.570796 0.000000 0.000000
    61 0.000000 0.000000 0.000000 1.570796 0.000000 0.000000
    62 0.000000 0.000001 0.000000 0.000000 0.000000 0.000000
    63 0.000000 0.000000 0.000000 0.000000 0.000000 0.000000
    64 0.000000 0.000000 0.000000 -3.141593 0.000000 0.000000
    65 0.000000 0.000000 0.000000 -1.570796 0.000000 0.000000
    66 0.000000 0.000000 0.000000 -1.570796 0.000000 0.000000
    67 0.000000 0.000000 0.000000 -1.570796 0.000000 0.000000
    68 0.000000 0.000000 0.000000 1.570796 0.000000 0.000000
    69 0.000000 0.000000 0.000000 1.570796 0.000000 0.000000
    70 0.000000 0.000000 0.000000 1.570796 0.000000 0.000000
    71 0.000000 0.000000 0.000001 1.570796 0.000000 0.000000
    72 0.000000 0.000000 0.000000 1.570796 0.000000 0.000000
    73 0.000000 0.000000 0.000000 1.570796 0.000000 0.000000
    74 0.000000 0.000000 0.000000 1.570796 0.000000 0.000000
    75 0.000000 0.000000 0.000000 1.570796 0.000000 0.000000
    76 -0.000001 0.000000 0.000000 1.570796 0.000000 0.000000
    77 0.000000 0.000000 0.000000 1.570796 0.000000 0.000000
    78 0.000000 0.000000 0.000000 1.570796 0.000000 0.000000
    79 0.000000 0.000000 0.000000 1.570796 0.000000 0.000000
  time 19
    0 -5.744504 -8.770661 -5.034426 -1.440133 -0.315820 1.100380
    1 7.195313 4.312500 -6.410156 -0.275968 0.424923 -1.104175
    2 0.000000 0.000000 0.000000 3.159116 0.240843 0.544233
    3 10.859747 -0.000001 -0.000001 0.271174 0.009287 1.533505
    4 11.118949 -0.012917 -0.055607 1.479996 -0.159020 -0.092232
    5 4.462505 0.096129 -1.190233 1.713950 0.006451 0.172860
    6 1.533205 -0.000001 -0.000001 0.001024 0.059934 0.007496
    7 0.922225 0.000000 0.000000 -0.000109 -0.019301 0.001690
    8 4.581339 -0.202365 -0.322599 1.499924 -0.057776 0.274354
    9 1.706794 -0.000006 0.000000 0.014491 0.197484 0.005634
    10 0.995784 0.000001 0.000000 0.025471 -0.010903 -0.014289
    11 4.329579 -0.047878 0.601895 1.445908 -0.030883 0.282089
    12 1.571783 0.000002 0.000005 0.024559 0.276134 0.020304
    13 1.038471 0.000006 0.000000 0.005621 0.197399 0.015425
    14 3.871905 0.337152 1.438553 1.377099 -0.070261 0.062919
    15 1.197247 -0.000007 -0.000013 0.073225 0.432500 0.069118
    16 0.862615 0.000000 0.000000 -0.008848 0.313565 -0.000907
    17 1.188218 1.062015 -1.188354 3.699582 0.348615 0.355695
    18 1.984254 -0.000001 0.000000 -0.026186 0.140775 -0.093290
    19 1.217773 0.000004 0.000002 -0.020700 -0.169366 0.027834
    20 9.582013 0.082096 -0.005725 1.682399 -1.252441 1.401754
    21 -1.511719 11.007813 -4.187500 1.244308 0.425693 -2.037295
    22 0.000000 0.000000 0.000000 2.872952 0.026345 -0.105031
    23 10.859730 0.000013 -0.000005 -0.260802 0.004393 -0.726134
    24 11.118959 0.012915 -0.055609 0.059953 0.299735 -0.983656
    25 4.460938 -0.096558 -1.193359 -1.667169 0.090820 -0.169460
    26 1.534180 0.000004 -0.000001 -0.001688 -0.111364 -0.007557
    27 0.923828 0.000000 0.000000 -0.000167 -0.106593 -0.001704
    28 3.871094 -0.338867 1.439453 -1.480019 0.189903 -1.416936
    29 1.197266 0.000004 -0.000016 -0.127146 1.001777 -0.146524
    30 0.866211 -0.000001 -0.000003 0.009351 0.733784 0.001142
    31 4.582031 0.205322 -0.326172 -1.539698 0.007204 -1.420212
    32 1.709961 0.000006 -0.000002 -0.026879 1.095842 -0.020771
    33 0.998047 -0.000002 0.000002 -0.016608 0.557664 0.006715
    34 4.332031 0.048065 0.604980 -1.502394 0.106974 -1.508525
    35 1.571289 0.000007 -0.000001 -0.060351 1.044535 -0.069431
    36 1.039063 -0.000008 0.000002 -0.009609 0.637010 -0.018240
    37 1.191406 -1.063477 -1.191406 2.688815 0.147029 -0.438545
    38 1.987305 0.000004 0.000003 0.027278 0.315271 0.098085
    39 1.217773 -0.000005 0.000003 0.021152 0.266873 -0.018769
    40 9.578125 -0.084412 -0.006870 -1.606853 -0.254477 -1.498648
    41 -6.265479 -11.218436 2.287754 -1.469851 0.306853 -1.263272
    42 -5.987831 -9.689595 -2.208340 -1.440133 -0.315820 1.100380
    43 -6.366615 -13.274704 8.093850 -1.440133 -0.315820 1.100380
    44 0.000000 0.000000 0.000000 0.000000 0.000000 0.000000
    45 0.000000 0.000000 0.000000 0.000000 0.000000 0.000000
    46 0.000000 0.000000 0.000000 0.000000 0.000000 0.000000
    47 0.000000 0.000000 0.000000 -1.570796 0.000000 0.000000
    48 0.000000 0.000000 0.000000 -1.570796 0.000000 0.000000
    49 0.000000 0.000000 0.000000 -1.570796 0.000000 0.000000
    50 0.000000 0.000000 0.000000 1.570796 0.000000 0.000000
    51 0.000000 0.000000 0.000000 1.570796 0.000000 0.000000
    52 0.000000 0.000000 0.000000 1.570796 0.000000 0.000000
    53 0.000000 0.000000 0.000000 1.570796 0.000000 0.000000
    54 0.000000 0.000000 0.000000 1.570796 0.000000 0.000000
    55 0.000000 0.000000 0.000000 1.570796 0.000000 0.000000
    56 0.000000 0.000000 0.000000 1.570796 0.000000 0.000000
    57 0.000000 0.000000 0.000000 1.570796 0.000000 0.000000
    58 0.000000 0.000000 0.000000 1.570796 0.000000 0.000000
    59 0.000000 0.000000 0.000000 1.570796 0.000000 0.000000
    60 0.000000 0.000000 0.000000 1.570796 0.000000 0.000000
    61 0.000000 0.000000 0.000000 1.570796 0.000000 0.000000
    62 0.000000 0.000001 0.000000 0.000000 0.000000 0.000000
    63 0.000000 0.000000 0.000000 0.000000 0.000000 0.000000
    64 0.000000 0.000000 0.000000 -3.141593 0.000000 0.000000
    65 0.000000 0.000000 0.000000 -1.570796 0.000000 0.000000
    66 0.000000 0.000000 0.000000 -1.570796 0.000000 0.000000
    67 0.000000 0.000000 0.000000 -1.570796 0.000000 0.000000
    68 0.000000 0.000000 0.000000 1.570796 0.000000 0.000000
    69 0.000000 0.000000 0.000000 1.570796 0.000000 0.000000
    70 0.000000 0.000000 0.000000 1.570796 0.000000 0.000000
    71 0.000000 0.000000 0.000001 1.570796 0.000000 0.000000
    72 0.000000 0.000000 0.000000 1.570796 0.000000 0.000000
    73 0.000000 0.000000 0.000000 1.570796 0.000000 0.000000
    74 0.000000 0.000000 0.000000 1.570796 0.000000 0.000000
    75 0.000000 0.000000 0.000000 1.570796 0.000000 0.000000
    76 -0.000001 0.000000 0.000000 1.570796 0.000000 0.000000
    77 0.000000 0.000000 0.000000 1.570796 0.000000 0.000000
    78 0.000000 0.000000 0.000000 1.570796 0.000000 0.000000
    79 0.000000 0.000000 0.000000 1.570796 0.000000 0.000000
  time 20
    0 -5.744504 -8.770661 -5.018801 -1.433711 -0.315592 1.091281
    1 7.195313 4.312500 -6.410156 -0.275968 0.424923 -1.104175
    2 0.000000 0.000000 0.000000 3.193770 0.225062 0.561237
    3 10.859747 -0.000001 -0.000001 0.270155 0.009203 1.464247
    4 11.118949 -0.012917 -0.055607 1.510347 -0.169783 -0.018889
    5 4.462505 0.096129 -1.190233 1.713243 0.003862 0.190106
    6 1.533205 -0.000001 -0.000001 0.001372 0.106432 0.007520
    7 0.922225 0.000000 0.000000 -0.000109 -0.019301 0.001690
    8 4.581339 -0.202365 -0.322599 1.497623 -0.057308 0.309163
    9 1.706794 -0.000006 0.000000 0.014860 0.255508 0.006561
    10 0.995784 0.000001 0.000000 0.025495 0.012320 -0.013726
    11 4.329579 -0.047878 0.601895 1.445081 -0.028018 0.305137
    12 1.571783 0.000002 0.000005 0.025625 0.357382 0.022772
    13 1.038471 0.000006 0.000000 0.005693 0.243850 0.015653
    14 3.871905 0.337152 1.438553 1.376296 -0.058898 0.061716
    15 1.197247 -0.000007 -0.000013 0.076735 0.501881 0.075764
    16 0.862615 0.000000 0.000000 -0.008920 0.394844 -0.000931
    17 1.188218 1.062015 -1.188354 3.699601 0.348615 0.355695
    18 1.984254 -0.000001 0.000000 -0.026186 0.140775 -0.093278
    19 1.217773 0.000004 0.000002 -0.020700 -0.169366 0.027834
    20 9.582013 0.082096 -0.005725 1.679894 -1.244926 1.404378
    21 -1.511719 11.007813 -4.187500 1.244308 0.425693 -2.037295
    22 0.000000 0.000000 0.000000 2.872784 0.024286 -0.106346
    23 10.859730 0.000013 -0.000005 -0.260850 0.004453 -0.730906
    24 11.118959 0.012915 -0.055609 0.055719 0.296115 -0.976269
    25 4.460938 -0.096558 -1.193359 -1.667169 0.090820 -0.169460
    26 1.534180 0.000004 -0.000001 -0.001688 -0.111364 -0.007557
    27 0.923828 0.000000 0.000000 -0.000167 -0.106593 -0.001704
    28 3.871094 -0.338867 1.439453 -1.480019 0.189903 -1.416936
    29 1.197266 0.000004 -0.000016 -0.127146 1.001777 -0.146524
    30 0.866211 -0.000001 -0.000003 0.009351 0.733784 0.001142
    31 4.582031 0.205322 -0.326172 -1.539698 0.007204 -1.420212
    32 1.709961 0.000006 -0.000002 -0.026879 1.095842 -0.020771
    33 0.998047 -0.000002 0.000002 -0.016608 0.557664 0.006715
    34 4.332031 0.048065 0.604980 -1.502394 0.106974 -1.508525
    35 1.571289 0.000007 -0.000001 -0.060351 1.044535 -0.069431
    36 1.039063 -0.000008 0.000002 -0.009609 0.637010 -0.018240
    37 1.191406 -1.063477 -1.191406 2.688815 0.147029 -0.438545
    38 1.987305 0.000004 0.000003 0.027278 0.315271 0.098085
    39 1.217773 -0.000005 0.000003 0.021152 0.266873 -0.018769
    40 9.578125 -0.084412 -0.006870 -1.606853 -0.254477 -1.498648
    41 -6.242041 -11.234062 2.307286 -1.474614 0.311012 -1.271805
    42 -5.983924 -9.693501 -2.188808 -1.433711 -0.315592 1.091281
    43 -6.323645 -13.302049 8.105569 -1.433711 -0.315592 1.091281
    44 0.000000 0.000000 0.000000 0.000000 0.000000 0.000000
    45 0.000000 0.000000 0.000000 0.000000 0.000000 0.000000
    46 0.000000 0.000000 0.000000 0.000000 0.000000 0.000000
    47 0.000000 0.000000 0.000000 -1.570796 0.000000 0.000000
    48 0.000000 0.000000 0.000000 -1.570796 0.000000 0.000000
    49 0.000000 0.000000 0.000000 -1.570796 0.000000 0.000000
    50 0.000000 0.000000 0.000000 1.570796 0.000000 0.000000
    51 0.000000 0.000000 0.000000 1.570796 0.000000 0.000000
    52 0.000000 0.000000 0.000000 1.570796 0.000000 0.000000
    53 0.000000 0.000000 0.000000 1.570796 0.000000 0.000000
    54 0.000000 0.000000 0.000000 1.570796 0.000000 0.000000
    55 0.000000 0.000000 0.000000 1.570796 0.000000 0.000000
    56 0.000000 0.000000 0.000000 1.570796 0.000000 0.000000
    57 0.000000 0.000000 0.000000 1.570796 0.000000 0.000000
    58 0.000000 0.000000 0.000000 1.570796 0.000000 0.000000
    59 0.000000 0.000000 0.000000 1.570796 0.000000 0.000000
    60 0.000000 0.000000 0.000000 1.570796 0.000000 0.000000
    61 0.000000 0.000000 0.000000 1.570796 0.000000 0.000000
    62 0.000000 0.000001 0.000000 0.000000 0.000000 0.000000
    63 0.000000 0.000000 0.000000 0.000000 0.000000 0.000000
    64 0.000000 0.000000 0.000000 -3.141593 0.000000 0.000000
    65 0.000000 0.000000 0.000000 -1.570796 0.000000 0.000000
    66 0.000000 0.000000 0.000000 -1.570796 0.000000 0.000000
    67 0.000000 0.000000 0.000000 -1.570796 0.000000 0.000000
    68 0.000000 0.000000 0.000000 1.570796 0.000000 0.000000
    69 0.000000 0.000000 0.000000 1.570796 0.000000 0.000000
    70 0.000000 0.000000 0.000000 1.570796 0.000000 0.000000
    71 0.000000 0.000000 0.000001 1.570796 0.000000 0.000000
    72 0.000000 0.000000 0.000000 1.570796 0.000000 0.000000
    73 0.000000 0.000000 0.000000 1.570796 0.000000 0.000000
    74 0.000000 0.000000 0.000000 1.570796 0.000000 0.000000
    75 0.000000 0.000000 0.000000 1.570796 0.000000 0.000000
    76 -0.000001 0.000000 0.000000 1.570796 0.000000 0.000000
    77 0.000000 0.000000 0.000000 1.570796 0.000000 0.000000
    78 0.000000 0.000000 0.000000 1.570796 0.000000 0.000000
    79 0.000000 0.000000 0.000000 1.570796 0.000000 0.000000
  time 21
    0 -5.744504 -8.770661 -4.987550 -1.428573 -0.315402 1.082520
    1 7.195313 4.312500 -6.410156 -0.275968 0.424923 -1.104175
    2 0.000000 0.000000 0.000000 3.191060 0.228112 0.551209
    3 10.859747 -0.000001 -0.000001 0.269988 0.009191 1.451848
    4 11.118949 -0.012917 -0.055607 1.509157 -0.172688 -0.009329
    5 4.462505 0.096129 -1.190233 1.712739 0.002076 0.202006
    6 1.533205 -0.000001 -0.000001 0.001611 0.138484 0.007556
    7 0.922225 0.000000 0.000000 -0.000109 -0.019301 0.001690
    8 4.581339 -0.202365 -0.322599 1.496029 -0.057153 0.333222
    9 1.706794 -0.000006 0.000000 0.015137 0.295634 0.007211
    10 0.995784 0.000001 0.000000 0.025531 0.028309 -0.013330
    11 4.329579 -0.047878 0.601895 1.444505 -0.026053 0.321100
    12 1.571783 0.000002 0.000005 0.026620 0.413483 0.024654
    13 1.038471 0.000006 0.000000 0.005741 0.275920 0.015820
    14 3.871905 0.337152 1.438553 1.375745 -0.051047 0.061060
    15 1.197247 -0.000007 -0.000013 0.079797 0.549783 0.080889
    16 0.862615 0.000000 0.000000 -0.008980 0.450984 -0.000955
    17 1.188218 1.062015 -1.188354 3.699601 0.348615 0.355695
    18 1.984254 -0.000001 0.000000 -0.026186 0.140775 -0.093278
    19 1.217773 0.000004 0.000002 -0.020700 -0.169366 0.027834
    20 9.582013 0.082096 -0.005725 1.677629 -1.237698 1.406775
    21 -1.511719 11.007813 -4.187500 1.244308 0.425693 -2.037295
    22 0.000000 0.000000 0.000000 2.872353 0.022294 -0.107462
    23 10.859730 0.000013 -0.000005 -0.260898 0.004501 -0.735721
    24 11.118959 0.012915 -0.055609 0.051889 0.294009 -0.968611
    25 4.460938 -0.096558 -1.193359 -1.667169 0.090820 -0.169460
    26 1.534180 0.000004 -0.000001 -0.001688 -0.111364 -0.007557
    27 0.923828 0.000000 0.000000 -0.000167 -0.106593 -0.001704
    28 3.871094 -0.338867 1.439453 -1.480019 0.189903 -1.416936
    29 1.197266 0.000004 -0.000016 -0.127146 1.001777 -0.146524
    30 0.866211 -0.000001 -0.000003 0.009351 0.733784 0.001142
    31 4.582031 0.205322 -0.326172 -1.539698 0.007204 -1.420212
    32 1.709961 0.000006 -0.000002 -0.026879 1.095842 -0.020771
    33 0.998047 -0.000002 0.000002 -0.016608 0.557664 0.006715
    34 4.332031 0.048065 0.604980 -1.502394 0.106974 -1.508525
    35 1.571289 0.000007 -0.000001 -0.060351 1.044535 -0.069431
    36 1.039063 -0.000008 0.000002 -0.009609 0.637010 -0.018240
    37 1.191406 -1.063477 -1.191406 2.688815 0.147029 -0.438545
    38 1.987305 0.000004 0.000003 0.027278 0.315271 0.098085
    39 1.217773 -0.000005 0.000003 0.021152 0.266873 -0.018769
    40 9.578125 -0.084412 -0.006870 -1.606853 -0.254477 -1.498648
    41 -6.226415 -11.245781 2.330724 -1.478379 0.314320 -1.280098
    42 -5.980018 -9.697408 -2.161464 -1.428573 -0.315402 1.082520
    43 -6.300207 -13.325487 8.125101 -1.428573 -0.315402 1.082520
    44 0.000000 0.000000 0.000000 0.000000 0.000000 0.000000
    45 0.000000 0.000000 0.000000 0.000000 0.000000 0.000000
    46 0.000000 0.000000 0.000000 0.000000 0.000000 0.000000
    47 0.000000 0.000000 0.000000 -1.570796 0.000000 0.000000
    48 0.000000 0.000000 0.000000 -1.570796 0.000000 0.000000
    49 0.000000 0.000000 0.000000 -1.570796 0.000000 0.000000
    50 0.000000 0.000000 0.000000 1.570796 0.000000 0.000000
    51 0.000000 0.000000 0.000000 1.570796 0.000000 0.000000
    52 0.000000 0.000000 0.000000 1.570796 0.000000 0.000000
    53 0.000000 0.000000 0.000000 1.570796 0.000000 0.000000
    54 0.000000 0.000000 0.000000 1.570796 0.000000 0.000000
    55 0.000000 0.000000 0.000000 1.570796 0.000000 0.000000
    56 0.000000 0.000000 0.000000 1.570796 0.000000 0.000000
    57 0.000000 0.000000 0.000000 1.570796 0.000000 0.000000
    58 0.000000 0.000000 0.000000 1.570796 0.000000 0.000000
    59 0.000000 0.000000 0.000000 1.570796 0.000000 0.000000
    60 0.000000 0.000000 0.000000 1.570796 0.000000 0.000000
    61 0.000000 0.000000 0.000000 1.570796 0.000000 0.000000
    62 0.000000 0.000001 0.000000 0.000000 0.000000 0.000000
    63 0.000000 0.000000 0.000000 0.000000 0.000000 0.000000
    64 0.000000 0.000000 0.000000 -3.141593 0.000000 0.000000
    65 0.000000 0.000000 0.000000 -1.570796 0.000000 0.000000
    66 0.000000 0.000000 0.000000 -1.570796 0.000000 0.000000
    67 0.000000 0.000000 0.000000 -1.570796 0.000000 0.000000
    68 0.000000 0.000000 0.000000 1.570796 0.000000 0.000000
    69 0.000000 0.000000 0.000000 1.570796 0.000000 0.000000
    70 0.000000 0.000000 0.000000 1.570796 0.000000 0.000000
    71 0.000000 0.000000 0.000001 1.570796 0.000000 0.000000
    72 0.000000 0.000000 0.000000 1.570796 0.000000 0.000000
    73 0.000000 0.000000 0.000000 1.570796 0.000000 0.000000
    74 0.000000 0.000000 0.000000 1.570796 0.000000 0.000000
    75 0.000000 0.000000 0.000000 1.570796 0.000000 0.000000
    76 -0.000001 0.000000 0.000000 1.570796 0.000000 0.000000
    77 0.000000 0.000000 0.000000 1.570796 0.000000 0.000000
    78 0.000000 0.000000 0.000000 1.570796 0.000000 0.000000
    79 0.000000 0.000000 0.000000 1.570796 0.000000 0.000000
  time 22
    0 -5.744504 -8.770661 -4.960205 -1.424621 -0.315288 1.074348
    1 7.195313 4.312500 -6.410156 -0.275968 0.424923 -1.104175
    2 0.000000 0.000000 0.000000 3.187382 0.230499 0.541726
    3 10.859747 -0.000001 -0.000001 0.269820 0.009167 1.440400
    4 11.118949 -0.012917 -0.055607 1.508443 -0.176643 -0.000336
    5 4.462505 0.096129 -1.190233 1.712560 0.001405 0.206465
    6 1.533205 -0.000001 -0.000001 0.001695 0.150436 0.007568
    7 0.922225 0.000000 0.000000 -0.000109 -0.019301 0.001690
    8 4.581339 -0.202365 -0.322599 1.495418 -0.057129 0.342217
    9 1.706794 -0.000006 0.000000 0.015137 0.310580 0.007581
    10 0.995784 0.000001 0.000000 0.025555 0.034330 -0.013187
    11 4.329579 -0.047878 0.601895 1.444290 -0.025322 0.327009
    12 1.571783 0.000002 0.000005 0.027063 0.434439 0.025397
    13 1.038471 0.000006 0.000000 0.005764 0.287952 0.015880
    14 3.871905 0.337152 1.438553 1.375529 -0.048131 0.060841
    15 1.197247 -0.000007 -0.000013 0.081066 0.567625 0.082907
    16 0.862615 0.000000 0.000000 -0.009004 0.471916 -0.000955
    17 1.188218 1.062015 -1.188354 3.699601 0.348615 0.355695
    18 1.984254 -0.000001 0.000000 -0.026186 0.140775 -0.093290
    19 1.217773 0.000004 0.000002 -0.020700 -0.169366 0.027834
    20 9.582013 0.082096 -0.005725 1.675616 -1.231045 1.408908
    21 -1.511719 11.007813 -4.187500 1.244308 0.425693 -2.037295
    22 0.000000 0.000000 0.000000 2.871718 0.020438 -0.108319
    23 10.859730 0.000013 -0.000005 -0.260946 0.004537 -0.740322
    24 11.118959 0.012915 -0.055609 0.048461 0.293049 -0.961157
    25 4.460938 -0.096558 -1.193359 -1.667169 0.090820 -0.169460
    26 1.534180 0.000004 -0.000001 -0.001688 -0.111364 -0.007557
    27 0.923828 0.000000 0.000000 -0.000167 -0.106593 -0.001704
    28 3.871094 -0.338867 1.439453 -1.480019 0.189903 -1.416936
    29 1.197266 0.000004 -0.000016 -0.127146 1.001777 -0.146524
    30 0.866211 -0.000001 -0.000003 0.009351 0.733784 0.001142
    31 4.582031 0.205322 -0.326172 -1.539698 0.007204 -1.420212
    32 1.709961 0.000006 -0.000002 -0.026879 1.095842 -0.020771
    33 0.998047 -0.000002 0.000002 -0.016608 0.557664 0.006715
    34 4.332031 0.048065 0.604980 -1.502394 0.106974 -1.508525
    35 1.571289 0.000007 -0.000001 -0.060351 1.044535 -0.069431
    36 1.039063 -0.000008 0.000002 -0.009609 0.637010 -0.018240
    37 1.191406 -1.063477 -1.191406 2.688815 0.147029 -0.438545
    38 1.987305 0.000004 0.000003 0.027278 0.315271 0.098085
    39 1.217773 -0.000005 0.000003 0.021152 0.266873 -0.018769
    40 9.578125 -0.084412 -0.006870 -1.606853 -0.254477 -1.498648
    41 -6.218602 -11.257500 2.358069 -1.481282 0.316837 -1.287912
    42 -5.972205 -9.705220 -2.130213 -1.424621 -0.315288 1.074348
    43 -6.288488 -13.345019 8.148539 -1.424621 -0.315288 1.074348
    44 0.000000 0.000000 0.000000 0.000000 0.000000 0.000000
    45 0.000000 0.000000 0.000000 0.000000 0.000000 0.000000
    46 0.000000 0.000000 0.000000 0.000000 0.000000 0.000000
    47 0.000000 0.000000 0.000000 -1.570796 0.000000 0.000000
    48 0.000000 0.000000 0.000000 -1.570796 0.000000 0.000000
    49 0.000000 0.000000 0.000000 -1.570796 0.000000 0.000000
    50 0.000000 0.000000 0.000000 1.570796 0.000000 0.000000
    51 0.000000 0.000000 0.000000 1.570796 0.000000 0.000000
    52 0.000000 0.000000 0.000000 1.570796 0.000000 0.000000
    53 0.000000 0.000000 0.000000 1.570796 0.000000 0.000000
    54 0.000000 0.000000 0.000000 1.570796 0.000000 0.000000
    55 0.000000 0.000000 0.000000 1.570796 0.000000 0.000000
    56 0.000000 0.000000 0.000000 1.570796 0.000000 0.000000
    57 0.000000 0.000000 0.000000 1.570796 0.000000 0.000000
    58 0.000000 0.000000 0.000000 1.570796 0.000000 0.000000
    59 0.000000 0.000000 0.000000 1.570796 0.000000 0.000000
    60 0.000000 0.000000 0.000000 1.570796 0.000000 0.000000
    61 0.000000 0.000000 0.000000 1.570796 0.000000 0.000000
    62 0.000000 0.000001 0.000000 0.000000 0.000000 0.000000
    63 0.000000 0.000000 0.000000 0.000000 0.000000 0.000000
    64 0.000000 0.000000 0.000000 -3.141593 0.000000 0.000000
    65 0.000000 0.000000 0.000000 -1.570796 0.000000 0.000000
    66 0.000000 0.000000 0.000000 -1.570796 0.000000 0.000000
    67 0.000000 0.000000 0.000000 -1.570796 0.000000 0.000000
    68 0.000000 0.000000 0.000000 1.570796 0.000000 0.000000
    69 0.000000 0.000000 0.000000 1.570796 0.000000 0.000000
    70 0.000000 0.000000 0.000000 1.570796 0.000000 0.000000
    71 0.000000 0.000000 0.000001 1.570796 0.000000 0.000000
    72 0.000000 0.000000 0.000000 1.570796 0.000000 0.000000
    73 0.000000 0.000000 0.000000 1.570796 0.000000 0.000000
    74 0.000000 0.000000 0.000000 1.570796 0.000000 0.000000
    75 0.000000 0.000000 0.000000 1.570796 0.000000 0.000000
    76 -0.000001 0.000000 0.000000 1.570796 0.000000 0.000000
    77 0.000000 0.000000 0.000000 1.570796 0.000000 0.000000
    78 0.000000 0.000000 0.000000 1.570796 0.000000 0.000000
    79 0.000000 0.000000 0.000000 1.570796 0.000000 0.000000
  time 23
    0 -5.744504 -8.770661 -4.932860 -1.421805 -0.315174 1.066934
    1 7.195313 4.312500 -6.410156 -0.275968 0.424923 -1.104175
    2 0.000000 0.000000 0.000000 3.183606 0.231847 0.533006
    3 10.859747 -0.000001 -0.000001 0.269664 0.009143 1.430221
    4 11.118949 -0.012917 -0.055607 1.507788 -0.180756 0.007712
    5 4.462505 0.096129 -1.190233 1.712560 0.001405 0.206465
    6 1.533205 -0.000001 -0.000001 0.001695 0.150436 0.007568
    7 0.922225 0.000000 0.000000 -0.000109 -0.019301 0.001690
    8 4.581339 -0.202365 -0.322599 1.495418 -0.057129 0.342217
    9 1.706794 -0.000006 0.000000 0.015137 0.310580 0.007581
    10 0.995784 0.000001 0.000000 0.025555 0.034330 -0.013187
    11 4.329579 -0.047878 0.601895 1.444290 -0.025322 0.327009
    12 1.571783 0.000002 0.000005 0.027063 0.434439 0.025397
    13 1.038471 0.000006 0.000000 0.005764 0.287952 0.015880
    14 3.871905 0.337152 1.438553 1.375529 -0.048131 0.060841
    15 1.197247 -0.000007 -0.000013 0.081066 0.567625 0.082907
    16 0.862615 0.000000 0.000000 -0.009004 0.471916 -0.000955
    17 1.188218 1.062015 -1.188354 3.699601 0.348615 0.355695
    18 1.984254 -0.000001 0.000000 -0.026186 0.140775 -0.093290
    19 1.217773 0.000004 0.000002 -0.020700 -0.169366 0.027834
    20 9.582013 0.082096 -0.005725 1.673890 -1.225062 1.410730
    21 -1.511719 11.007813 -4.187500 1.244308 0.425693 -2.037295
    22 0.000000 0.000000 0.000000 2.870987 0.018769 -0.108996
    23 10.859730 0.000013 -0.000005 -0.260982 0.004584 -0.744535
    24 11.118959 0.012915 -0.055609 0.045538 0.292975 -0.954176
    25 4.460938 -0.096558 -1.193359 -1.667169 0.090820 -0.169460
    26 1.534180 0.000004 -0.000001 -0.001688 -0.111364 -0.007557
    27 0.923828 0.000000 0.000000 -0.000167 -0.106593 -0.001704
    28 3.871094 -0.338867 1.439453 -1.480019 0.189903 -1.416936
    29 1.197266 0.000004 -0.000016 -0.127146 1.001777 -0.146524
    30 0.866211 -0.000001 -0.000003 0.009351 0.733784 0.001142
    31 4.582031 0.205322 -0.326172 -1.539698 0.007204 -1.420212
    32 1.709961 0.000006 -0.000002 -0.026879 1.095842 -0.020771
    33 0.998047 -0.000002 0.000002 -0.016608 0.557664 0.006715
    34 4.332031 0.048065 0.604980 -1.502394 0.106974 -1.508525
    35 1.571289 0.000007 -0.000001 -0.060351 1.044535 -0.069431
    36 1.039063 -0.000008 0.000002 -0.009609 0.637010 -0.018240
    37 1.191406 -1.063477 -1.191406 2.688815 0.147029 -0.438545
    38 1.987305 0.000004 0.000003 0.027278 0.315271 0.098085
    39 1.217773 -0.000005 0.000003 0.021152 0.266873 -0.018769
    40 9.578125 -0.084412 -0.006870 -1.606853 -0.254477 -1.498648
    41 -6.218602 -11.261406 2.385414 -1.483414 0.318658 -1.294959
    42 -5.972205 -9.705220 -2.102868 -1.421805 -0.315174 1.066934
    43 -6.288488 -13.360645 8.171978 -1.421805 -0.315174 1.066934
    44 0.000000 0.000000 0.000000 0.000000 0.000000 0.000000
    45 0.000000 0.000000 0.000000 0.000000 0.000000 0.000000
    46 0.000000 0.000000 0.000000 0.000000 0.000000 0.000000
    47 0.000000 0.000000 0.000000 -1.570796 0.000000 0.000000
    48 0.000000 0.000000 0.000000 -1.570796 0.000000 0.000000
    49 0.000000 0.000000 0.000000 -1.570796 0.000000 0.000000
    50 0.000000 0.000000 0.000000 1.570796 0.000000 0.000000
    51 0.000000 0.000000 0.000000 1.570796 0.000000 0.000000
    52 0.000000 0.000000 0.000000 1.570796 0.000000 0.000000
    53 0.000000 0.000000 0.000000 1.570796 0.000000 0.000000
    54 0.000000 0.000000 0.000000 1.570796 0.000000 0.000000
    55 0.000000 0.000000 0.000000 1.570796 0.000000 0.000000
    56 0.000000 0.000000 0.000000 1.570796 0.000000 0.000000
    57 0.000000 0.000000 0.000000 1.570796 0.000000 0.000000
    58 0.000000 0.000000 0.000000 1.570796 0.000000 0.000000
    59 0.000000 0.000000 0.000000 1.570796 0.000000 0.000000
    60 0.000000 0.000000 0.000000 1.570796 0.000000 0.000000
    61 0.000000 0.000000 0.000000 1.570796 0.000000 0.000000
    62 0.000000 0.000001 0.000000 0.000000 0.000000 0.000000
    63 0.000000 0.000000 0.000000 0.000000 0.000000 0.000000
    64 0.000000 0.000000 0.000000 -3.141593 0.000000 0.000000
    65 0.000000 0.000000 0.000000 -1.570796 0.000000 0.000000
    66 0.000000 0.000000 0.000000 -1.570796 0.000000 0.000000
    67 0.000000 0.000000 0.000000 -1.570796 0.000000 0.000000
    68 0.000000 0.000000 0.000000 1.570796 0.000000 0.000000
    69 0.000000 0.000000 0.000000 1.570796 0.000000 0.000000
    70 0.000000 0.000000 0.000000 1.570796 0.000000 0.000000
    71 0.000000 0.000000 0.000001 1.570796 0.000000 0.000000
    72 0.000000 0.000000 0.000000 1.570796 0.000000 0.000000
    73 0.000000 0.000000 0.000000 1.570796 0.000000 0.000000
    74 0.000000 0.000000 0.000000 1.570796 0.000000 0.000000
    75 0.000000 0.000000 0.000000 1.570796 0.000000 0.000000
    76 -0.000001 0.000000 0.000000 1.570796 0.000000 0.000000
    77 0.000000 0.000000 0.000000 1.570796 0.000000 0.000000
    78 0.000000 0.000000 0.000000 1.570796 0.000000 0.000000
    79 0.000000 0.000000 0.000000 1.570796 0.000000 0.000000
  time 24
    0 -5.744504 -8.770661 -4.905516 -1.419829 -0.315098 1.060953
    1 7.195313 4.312500 -6.410156 -0.275968 0.424923 -1.104175
    2 0.000000 0.000000 0.000000 3.179976 0.232577 0.525485
    3 10.859747 -0.000001 -0.000001 0.269544 0.009131 1.421659
    4 11.118949 -0.012917 -0.055607 1.507312 -0.184711 0.014551
    5 4.462505 0.096129 -1.190233 1.712560 0.001405 0.206465
    6 1.533205 -0.000001 -0.000001 0.001695 0.150468 0.007568
    7 0.922225 0.000000 0.000000 -0.000109 -0.019301 0.001690
    8 4.581339 -0.202365 -0.322599 1.495418 -0.057129 0.342217
    9 1.706794 -0.000006 0.000000 0.015137 0.310580 0.007581
    10 0.995784 0.000001 0.000000 0.025555 0.034330 -0.013187
    11 4.329579 -0.047878 0.601895 1.444290 -0.025322 0.327009
    12 1.571783 0.000002 0.000005 0.027063 0.434439 0.025397
    13 1.038471 0.000006 0.000000 0.005764 0.287952 0.015880
    14 3.871905 0.337152 1.438553 1.375529 -0.048131 0.060841
    15 1.197247 -0.000007 -0.000013 0.081066 0.567625 0.082907
    16 0.862615 0.000000 0.000000 -0.009004 0.471916 -0.000955
    17 1.188218 1.062015 -1.188354 3.699601 0.348615 0.355695
    18 1.984254 -0.000001 0.000000 -0.026186 0.140775 -0.093290
    19 1.217773 0.000004 0.000002 -0.020700 -0.169366 0.027834
    20 9.582013 0.082096 -0.005725 1.672488 -1.220036 1.412204
    21 -1.511719 11.007813 -4.187500 1.244308 0.425693 -2.037295
    22 0.000000 0.000000 0.000000 2.870244 0.017383 -0.109474
    23 10.859730 0.000013 -0.000005 -0.261006 0.004620 -0.748147
    24 11.118959 0.012915 -0.055609 0.043119 0.293455 -0.948077
    25 4.460938 -0.096558 -1.193359 -1.667169 0.090820 -0.169460
    26 1.534180 0.000004 -0.000001 -0.001688 -0.111364 -0.007557
    27 0.923828 0.000000 0.000000 -0.000167 -0.106593 -0.001704
    28 3.871094 -0.338867 1.439453 -1.480019 0.189903 -1.416936
    29 1.197266 0.000004 -0.000016 -0.127146 1.001777 -0.146524
    30 0.866211 -0.000001 -0.000003 0.009351 0.733784 0.001142
    31 4.582031 0.205322 -0.326172 -1.539698 0.007204 -1.420212
    32 1.709961 0.000006 -0.000002 -0.026879 1.095842 -0.020771
    33 0.998047 -0.000002 0.000002 -0.016608 0.557664 0.006715
    34 4.332031 0.048065 0.604980 -1.502394 0.106974 -1.508525
    35 1.571289 0.000007 -0.000001 -0.060351 1.044535 -0.069431
    36 1.039063 -0.000008 0.000002 -0.009609 0.637010 -0.018240
    37 1.191406 -1.063477 -1.191406 2.688815 0.147029 -0.438545
    38 1.987305 0.000004 0.000003 0.027278 0.315271 0.098085
    39 1.217773 -0.000005 0.000003 0.021152 0.266873 -0.018769
    40 9.578125 -0.084412 -0.006870 -1.606853 -0.254477 -1.498648
    41 -6.218602 -11.265312 2.408852 -1.484820 0.319941 -1.300951
    42 -5.972205 -9.705220 -2.079430 -1.419829 -0.315098 1.060953
    43 -6.292394 -13.364551 8.195416 -1.419829 -0.315098 1.060953
    44 0.000000 0.000000 0.000000 0.000000 0.000000 0.000000
    45 0.000000 0.000000 0.000000 0.000000 0.000000 0.000000
    46 0.000000 0.000000 0.000000 0.000000 0.000000 0.000000
    47 0.000000 0.000000 0.000000 -1.570796 0.000000 0.000000
    48 0.000000 0.000000 0.000000 -1.570796 0.000000 0.000000
    49 0.000000 0.000000 0.000000 -1.570796 0.000000 0.000000
    50 0.000000 0.000000 0.000000 1.570796 0.000000 0.000000
    51 0.000000 0.000000 0.000000 1.570796 0.000000 0.000000
    52 0.000000 0.000000 0.000000 1.570796 0.000000 0.000000
    53 0.000000 0.000000 0.000000 1.570796 0.000000 0.000000
    54 0.000000 0.000000 0.000000 1.570796 0.000000 0.000000
    55 0.000000 0.000000 0.000000 1.570796 0.000000 0.000000
    56 0.000000 0.000000 0.000000 1.570796 0.000000 0.000000
    57 0.000000 0.000000 0.000000 1.570796 0.000000 0.000000
    58 0.000000 0.000000 0.000000 1.570796 0.000000 0.000000
    59 0.000000 0.000000 0.000000 1.570796 0.000000 0.000000
    60 0.000000 0.000000 0.000000 1.570796 0.000000 0.000000
    61 0.000000 0.000000 0.000000 1.570796 0.000000 0.000000
    62 0.000000 0.000001 0.000000 0.000000 0.000000 0.000000
    63 0.000000 0.000000 0.000000 0.000000 0.000000 0.000000
    64 0.000000 0.000000 0.000000 -3.141593 0.000000 0.000000
    65 0.000000 0.000000 0.000000 -1.570796 0.000000 0.000000
    66 0.000000 0.000000 0.000000 -1.570796 0.000000 0.000000
    67 0.000000 0.000000 0.000000 -1.570796 0.000000 0.000000
    68 0.000000 0.000000 0.000000 1.570796 0.000000 0.000000
    69 0.000000 0.000000 0.000000 1.570796 0.000000 0.000000
    70 0.000000 0.000000 0.000000 1.570796 0.000000 0.000000
    71 0.000000 0.000000 0.000001 1.570796 0.000000 0.000000
    72 0.000000 0.000000 0.000000 1.570796 0.000000 0.000000
    73 0.000000 0.000000 0.000000 1.570796 0.000000 0.000000
    74 0.000000 0.000000 0.000000 1.570796 0.000000 0.000000
    75 0.000000 0.000000 0.000000 1.570796 0.000000 0.000000
    76 -0.000001 0.000000 0.000000 1.570796 0.000000 0.000000
    77 0.000000 0.000000 0.000000 1.570796 0.000000 0.000000
    78 0.000000 0.000000 0.000000 1.570796 0.000000 0.000000
    79 0.000000 0.000000 0.000000 1.570796 0.000000 0.000000
  time 25
    0 -5.744504 -8.770661 -4.882078 -1.418594 -0.315060 1.056235
    1 7.195313 4.312500 -6.410156 -0.275968 0.424923 -1.104175
    2 0.000000 0.000000 0.000000 3.176879 0.232886 0.519599
    3 10.859747 -0.000001 -0.000001 0.269448 0.009119 1.415095
    4 11.118949 -0.012917 -0.055607 1.507074 -0.188141 0.019841
    5 4.462505 0.096129 -1.190233 1.712560 0.001405 0.206465
    6 1.533205 -0.000001 -0.000001 0.001695 0.150436 0.007568
    7 0.922225 0.000000 0.000000 -0.000109 -0.019301 0.001690
    8 4.581339 -0.202365 -0.322599 1.495418 -0.057129 0.342217
    9 1.706794 -0.000006 0.000000 0.015137 0.310580 0.007581
    10 0.995784 0.000001 0.000000 0.025555 0.034330 -0.013187
    11 4.329579 -0.047878 0.601895 1.444290 -0.025322 0.327009
    12 1.571783 0.000002 0.000005 0.027063 0.434439 0.025397
    13 1.038471 0.000006 0.000000 0.005764 0.287952 0.015880
    14 3.871905 0.337152 1.438553 1.375529 -0.048131 0.060841
    15 1.197247 -0.000007 -0.000013 0.081066 0.567625 0.082907
    16 0.862615 0.000000 0.000000 -0.009004 0.471916 -0.000955
    17 1.188218 1.062015 -1.188354 3.699601 0.348615 0.355695
    18 1.984254 -0.000001 0.000000 -0.026186 0.140775 -0.093290
    19 1.217773 0.000004 0.000002 -0.020700 -0.169366 0.027834
    20 9.582013 0.082096 -0.005725 1.671445 -1.216255 1.413319
    21 -1.511719 11.007813 -4.187500 1.244308 0.425693 -2.037295
    22 0.000000 0.000000 0.000000 2.869932 0.016428 -0.109833
    23 10.859730 0.000013 -0.000005 -0.261041 0.004656 -0.750941
    24 11.118959 0.012915 -0.055609 0.041254 0.293861 -0.943401
    25 4.460938 -0.096558 -1.193359 -1.667169 0.090820 -0.169460
    26 1.534180 0.000004 -0.000001 -0.001688 -0.111364 -0.007557
    27 0.923828 0.000000 0.000000 -0.000167 -0.106593 -0.001704
    28 3.871094 -0.338867 1.439453 -1.480019 0.189903 -1.416936
    29 1.197266 0.000004 -0.000016 -0.127146 1.001777 -0.146524
    30 0.866211 -0.000001 -0.000003 0.009351 0.733784 0.001142
    31 4.582031 0.205322 -0.326172 -1.539698 0.007204 -1.420212
    32 1.709961 0.000006 -0.000002 -0.026879 1.095842 -0.020771
    33 0.998047 -0.000002 0.000002 -0.016608 0.557664 0.006715
    34 4.332031 0.048065 0.604980 -1.502394 0.106974 -1.508525
    35 1.571289 0.000007 -0.000001 -0.060351 1.044535 -0.069431
    36 1.039063 -0.000008 0.000002 -0.009609 0.637010 -0.018240
    37 1.191406 -1.063477 -1.191406 2.688815 0.147029 -0.438545
    38 1.987305 0.000004 0.000003 0.027278 0.315271 0.098085
    39 1.217773 -0.000005 0.000003 0.021152 0.266873 -0.018769
    40 9.578125 -0.084412 -0.006870 -1.606853 -0.254477 -1.498648
    41 -6.222509 -11.265312 2.432290 -1.485727 0.320720 -1.305553
    42 -5.972205 -9.705220 -2.055992 -1.418594 -0.315060 1.056235
    43 -6.296301 -13.368457 8.218854 -1.418594 -0.315060 1.056235
    44 0.000000 0.000000 0.000000 0.000000 0.000000 0.000000
    45 0.000000 0.000000 0.000000 0.000000 0.000000 0.000000
    46 0.000000 0.000000 0.000000 0.000000 0.000000 0.000000
    47 0.000000 0.000000 0.000000 -1.570796 0.000000 0.000000
    48 0.000000 0.000000 0.000000 -1.570796 0.000000 0.000000
    49 0.000000 0.000000 0.000000 -1.570796 0.000000 0.000000
    50 0.000000 0.000000 0.000000 1.570796 0.000000 0.000000
    51 0.000000 0.000000 0.000000 1.570796 0.000000 0.000000
    52 0.000000 0.000000 0.000000 1.570796 0.000000 0.000000
    53 0.000000 0.000000 0.000000 1.570796 0.000000 0.000000
    54 0.000000 0.000000 0.000000 1.570796 0.000000 0.000000
    55 0.000000 0.000000 0.000000 1.570796 0.000000 0.000000
    56 0.000000 0.000000 0.000000 1.570796 0.000000 0.000000
    57 0.000000 0.000000 0.000000 1.570796 0.000000 0.000000
    58 0.000000 0.000000 0.000000 1.570796 0.000000 0.000000
    59 0.000000 0.000000 0.000000 1.570796 0.000000 0.000000
    60 0.000000 0.000000 0.000000 1.570796 0.000000 0.000000
    61 0.000000 0.000000 0.000000 1.570796 0.000000 0.000000
    62 0.000000 0.000001 0.000000 0.000000 0.000000 0.000000
    63 0.000000 0.000000 0.000000 0.000000 0.000000 0.000000
    64 0.000000 0.000000 0.000000 -3.141593 0.000000 0.000000
    65 0.000000 0.000000 0.000000 -1.570796 0.000000 0.000000
    66 0.000000 0.000000 0.000000 -1.570796 0.000000 0.000000
    67 0.000000 0.000000 0.000000 -1.570796 0.000000 0.000000
    68 0.000000 0.000000 0.000000 1.570796 0.000000 0.000000
    69 0.000000 0.000000 0.000000 1.570796 0.000000 0.000000
    70 0.000000 0.000000 0.000000 1.570796 0.000000 0.000000
    71 0.000000 0.000000 0.000001 1.570796 0.000000 0.000000
    72 0.000000 0.000000 0.000000 1.570796 0.000000 0.000000
    73 0.000000 0.000000 0.000000 1.570796 0.000000 0.000000
    74 0.000000 0.000000 0.000000 1.570796 0.000000 0.000000
    75 0.000000 0.000000 0.000000 1.570796 0.000000 0.000000
    76 -0.000001 0.000000 0.000000 1.570796 0.000000 0.000000
    77 0.000000 0.000000 0.000000 1.570796 0.000000 0.000000
    78 0.000000 0.000000 0.000000 1.570796 0.000000 0.000000
    79 0.000000 0.000000 0.000000 1.570796 0.000000 0.000000
  time 26
    0 -5.744504 -8.770661 -4.866452 -1.418001 -0.315022 1.053202
    1 7.195313 4.312500 -6.410156 -0.275968 0.424923 -1.104175
    2 0.000000 0.000000 0.000000 3.174749 0.232974 0.515784
    3 10.859747 -0.000001 -0.000001 0.269388 0.009107 1.410877
    4 11.118949 -0.012917 -0.055607 1.506955 -0.190503 0.023280
    5 4.462505 0.096129 -1.190233 1.712560 0.001405 0.206465
    6 1.533205 -0.000001 -0.000001 0.001695 0.150436 0.007568
    7 0.922225 0.000000 0.000000 -0.000109 -0.019301 0.001690
    8 4.581339 -0.202365 -0.322599 1.495418 -0.057129 0.342217
    9 1.706794 -0.000006 0.000000 0.015137 0.310580 0.007581
    10 0.995784 0.000001 0.000000 0.025555 0.034330 -0.013187
    11 4.329579 -0.047878 0.601895 1.444290 -0.025322 0.327009
    12 1.571783 0.000002 0.000005 0.027063 0.434439 0.025397
    13 1.038471 0.000006 0.000000 0.005764 0.287952 0.015880
    14 3.871905 0.337152 1.438553 1.375529 -0.048131 0.060841
    15 1.197247 -0.000007 -0.000013 0.081066 0.567625 0.082907
    16 0.862615 0.000000 0.000000 -0.009004 0.471916 -0.000955
    17 1.188218 1.062015 -1.188354 3.699601 0.348615 0.355695
    18 1.984254 -0.000001 0.000000 -0.026186 0.140775 -0.093278
    19 1.217773 0.000004 0.000002 -0.020700 -0.169366 0.027834
    20 9.582013 0.082096 -0.005725 1.670786 -1.213766 1.414014
    21 -1.511719 11.007813 -4.187500 1.244308 0.425693 -2.037295
    22 0.000000 0.000000 0.000000 2.869141 0.015607 -0.109952
    23 10.859730 0.000013 -0.000005 -0.261053 0.004668 -0.752747
    24 11.118959 0.012915 -0.055609 0.040195 0.294859 -0.940148
    25 4.460938 -0.096558 -1.193359 -1.667169 0.090820 -0.169460
    26 1.534180 0.000004 -0.000001 -0.001688 -0.111364 -0.007557
    27 0.923828 0.000000 0.000000 -0.000167 -0.106593 -0.001704
    28 3.871094 -0.338867 1.439453 -1.480019 0.189903 -1.416936
    29 1.197266 0.000004 -0.000016 -0.127146 1.001777 -0.146524
    30 0.866211 -0.000001 -0.000003 0.009351 0.733784 0.001142
    31 4.582031 0.205322 -0.326172 -1.539698 0.007204 -1.420212
    32 1.709961 0.000006 -0.000002 -0.026879 1.095842 -0.020771
    33 0.998047 -0.000002 0.000002 -0.016608 0.557664 0.006715
    34 4.332031 0.048065 0.604980 -1.502394 0.106974 -1.508525
    35 1.571289 0.000007 -0.000001 -0.060351 1.044535 -0.069431
    36 1.039063 -0.000008 0.000002 -0.009609 0.637010 -0.018240
    37 1.191406 -1.063477 -1.191406 2.688815 0.147029 -0.438545
    38 1.987305 0.000004 0.000003 0.027278 0.315271 0.098085
    39 1.217773 -0.000005 0.000003 0.021152 0.266873 -0.018769
    40 9.578125 -0.084412 -0.006870 -1.606853 -0.254477 -1.498648
    41 -6.222509 -11.265312 2.447915 -1.486226 0.321103 -1.308573
    42 -5.980018 -9.705220 -2.044273 -1.418001 -0.315022 1.053202
    43 -6.300207 -13.372364 8.234480 -1.418001 -0.315022 1.053202
    44 0.000000 0.000000 0.000000 0.000000 0.000000 0.000000
    45 0.000000 0.000000 0.000000 0.000000 0.000000 0.000000
    46 0.000000 0.000000 0.000000 0.000000 0.000000 0.000000
    47 0.000000 0.000000 0.000000 -1.570796 0.000000 0.000000
    48 0.000000 0.000000 0.000000 -1.570796 0.000000 0.000000
    49 0.000000 0.000000 0.000000 -1.570796 0.000000 0.000000
    50 0.000000 0.000000 0.000000 1.570796 0.000000 0.000000
    51 0.000000 0.000000 0.000000 1.570796 0.000000 0.000000
    52 0.000000 0.000000 0.000000 1.570796 0.000000 0.000000
    53 0.000000 0.000000 0.000000 1.570796 0.000000 0.000000
    54 0.000000 0.000000 0.000000 1.570796 0.000000 0.000000
    55 0.000000 0.000000 0.000000 1.570796 0.000000 0.000000
    56 0.000000 0.000000 0.000000 1.570796 0.000000 0.000000
    57 0.000000 0.000000 0.000000 1.570796 0.000000 0.000000
    58 0.000000 0.000000 0.000000 1.570796 0.000000 0.000000
    59 0.000000 0.000000 0.000000 1.570796 0.000000 0.000000
    60 0.000000 0.000000 0.000000 1.570796 0.000000 0.000000
    61 0.000000 0.000000 0.000000 1.570796 0.000000 0.000000
    62 0.000000 0.000001 0.000000 0.000000 0.000000 0.000000
    63 0.000000 0.000000 0.000000 0.000000 0.000000 0.000000
    64 0.000000 0.000000 0.000000 -3.141593 0.000000 0.000000
    65 0.000000 0.000000 0.000000 -1.570796 0.000000 0.000000
    66 0.000000 0.000000 0.000000 -1.570796 0.000000 0.000000
    67 0.000000 0.000000 0.000000 -1.570796 0.000000 0.000000
    68 0.000000 0.000000 0.000000 1.570796 0.000000 0.000000
    69 0.000000 0.000000 0.000000 1.570796 0.000000 0.000000
    70 0.000000 0.000000 0.000000 1.570796 0.000000 0.000000
    71 0.000000 0.000000 0.000001 1.570796 0.000000 0.000000
    72 0.000000 0.000000 0.000000 1.570796 0.000000 0.000000
    73 0.000000 0.000000 0.000000 1.570796 0.000000 0.000000
    74 0.000000 0.000000 0.000000 1.570796 0.000000 0.000000
    75 0.000000 0.000000 0.000000 1.570796 0.000000 0.000000
    76 -0.000001 0.000000 0.000000 1.570796 0.000000 0.000000
    77 0.000000 0.000000 0.000000 1.570796 0.000000 0.000000
    78 0.000000 0.000000 0.000000 1.570796 0.000000 0.000000
    79 0.000000 0.000000 0.000000 1.570796 0.000000 0.000000
  time 27
    0 -5.744504 -8.770661 -4.862546 -1.417754 -0.315022 1.052107
    1 7.195313 4.312500 -6.410156 -0.275968 0.424923 -1.104175
    2 0.000000 0.000000 0.000000 3.174168 0.232731 0.514476
    3 10.859747 -0.000001 -0.000001 0.269364 0.009095 1.409387
    4 11.118949 -0.012917 -0.055607 1.506657 -0.191186 0.024489
    5 4.462505 0.096129 -1.190233 1.712560 0.001405 0.206465
    6 1.533205 -0.000001 -0.000001 0.001695 0.150436 0.007568
    7 0.922225 0.000000 0.000000 -0.000109 -0.019301 0.001690
    8 4.581339 -0.202365 -0.322599 1.495418 -0.057129 0.342217
    9 1.706794 -0.000006 0.000000 0.015137 0.310580 0.007581
    10 0.995784 0.000001 0.000000 0.025555 0.034330 -0.013187
    11 4.329579 -0.047878 0.601895 1.444290 -0.025322 0.327009
    12 1.571783 0.000002 0.000005 0.027063 0.434439 0.025397
    13 1.038471 0.000006 0.000000 0.005764 0.287952 0.015880
    14 3.871905 0.337152 1.438553 1.375529 -0.048131 0.060841
    15 1.197247 -0.000007 -0.000013 0.081066 0.567625 0.082907
    16 0.862615 0.000000 0.000000 -0.009004 0.471916 -0.000955
    17 1.188218 1.062015 -1.188354 3.699601 0.348615 0.355695
    18 1.984254 -0.000001 0.000000 -0.026186 0.140775 -0.093278
    19 1.217773 0.000004 0.000002 -0.020700 -0.169366 0.027834
    20 9.582013 0.082096 -0.005725 1.670546 -1.212856 1.414266
    21 -1.511719 11.007813 -4.187500 1.244308 0.425693 -2.037295
    22 0.000000 0.000000 0.000000 2.868985 0.015365 -0.109992
    23 10.859730 0.000013 -0.000005 -0.261065 0.004680 -0.753392
    24 11.118959 0.012915 -0.055609 0.039792 0.295154 -0.939064
    25 4.460938 -0.096558 -1.193359 -1.667169 0.090820 -0.169460
    26 1.534180 0.000004 -0.000001 -0.001688 -0.111364 -0.007557
    27 0.923828 0.000000 0.000000 -0.000167 -0.106593 -0.001704
    28 3.871094 -0.338867 1.439453 -1.480019 0.189903 -1.416936
    29 1.197266 0.000004 -0.000016 -0.127146 1.001777 -0.146524
    30 0.866211 -0.000001 -0.000003 0.009351 0.733784 0.001142
    31 4.582031 0.205322 -0.326172 -1.539698 0.007204 -1.420212
    32 1.709961 0.000006 -0.000002 -0.026879 1.095842 -0.020771
    33 0.998047 -0.000002 0.000002 -0.016608 0.557664 0.006715
    34 4.332031 0.048065 0.604980 -1.502394 0.106974 -1.508525
    35 1.571289 0.000007 -0.000001 -0.060351 1.044535 -0.069431
    36 1.039063 -0.000008 0.000002 -0.009609 0.637010 -0.018240
    37 1.191406 -1.063477 -1.191406 2.688815 0.147029 -0.438545
    38 1.987305 0.000004 0.000003 0.027278 0.315271 0.098085
    39 1.217773 -0.000005 0.000003 0.021152 0.266873 -0.018769
    40 9.578125 -0.084412 -0.006870 -1.606853 -0.254477 -1.498648
    41 -6.226415 -11.265312 2.451822 -1.486362 0.321235 -1.309580
    42 -5.980018 -9.705220 -2.036460 -1.417754 -0.315022 1.052107
    43 -6.304114 -13.372364 8.238386 -1.417754 -0.315022 1.052107
    44 0.000000 0.000000 0.000000 0.000000 0.000000 0.000000
    45 0.000000 0.000000 0.000000 0.000000 0.000000 0.000000
    46 0.000000 0.000000 0.000000 0.000000 0.000000 0.000000
    47 0.000000 0.000000 0.000000 -1.570796 0.000000 0.000000
    48 0.000000 0.000000 0.000000 -1.570796 0.000000 0.000000
    49 0.000000 0.000000 0.000000 -1.570796 0.000000 0.000000
    50 0.000000 0.000000 0.000000 1.570796 0.000000 0.000000
    51 0.000000 0.000000 0.000000 1.570796 0.000000 0.000000
    52 0.000000 0.000000 0.000000 1.570796 0.000000 0.000000
    53 0.000000 0.000000 0.000000 1.570796 0.000000 0.000000
    54 0.000000 0.000000 0.000000 1.570796 0.000000 0.000000
    55 0.000000 0.000000 0.000000 1.570796 0.000000 0.000000
    56 0.000000 0.000000 0.000000 1.570796 0.000000 0.000000
    57 0.000000 0.000000 0.000000 1.570796 0.000000 0.000000
    58 0.000000 0.000000 0.000000 1.570796 0.000000 0.000000
    59 0.000000 0.000000 0.000000 1.570796 0.000000 0.000000
    60 0.000000 0.000000 0.000000 1.570796 0.000000 0.000000
    61 0.000000 0.000000 0.000000 1.570796 0.000000 0.000000
    62 0.000000 0.000001 0.000000 0.000000 0.000000 0.000000
    63 0.000000 0.000000 0.000000 0.000000 0.000000 0.000000
    64 0.000000 0.000000 0.000000 -3.141593 0.000000 0.000000
    65 0.000000 0.000000 0.000000 -1.570796 0.000000 0.000000
    66 0.000000 0.000000 0.000000 -1.570796 0.000000 0.000000
    67 0.000000 0.000000 0.000000 -1.570796 0.000000 0.000000
    68 0.000000 0.000000 0.000000 1.570796 0.000000 0.000000
    69 0.000000 0.000000 0.000000 1.570796 0.000000 0.000000
    70 0.000000 0.000000 0.000000 1.570796 0.000000 0.000000
    71 0.000000 0.000000 0.000001 1.570796 0.000000 0.000000
    72 0.000000 0.000000 0.000000 1.570796 0.000000 0.000000
    73 0.000000 0.000000 0.000000 1.570796 0.000000 0.000000
    74 0.000000 0.000000 0.000000 1.570796 0.000000 0.000000
    75 0.000000 0.000000 0.000000 1.570796 0.000000 0.000000
    76 -0.000001 0.000000 0.000000 1.570796 0.000000 0.000000
    77 0.000000 0.000000 0.000000 1.570796 0.000000 0.000000
    78 0.000000 0.000000 0.000000 1.570796 0.000000 0.000000
    79 0.000000 0.000000 0.000000 1.570796 0.000000 0.000000
end
