// Created by Crowbar 0.74
version 1
nodes
  0 "body" -1
  1 "l-upperarm-movement" -1
  2 "l-upperarm" 1
  3 "l-forearm" 2
  4 "lwrist" 3
  5 "l-index-low" 4
  6 "l-index-mid" 5
  7 "l-index-tip" 6
  8 "l-middle-low" 4
  9 "l-middle-mid" 8
  10 "l-middle-tip" 9
  11 "l-ring-low" 4
  12 "l-ring-mid" 11
  13 "l-ring-tip" 12
  14 "l-pinky-low" 4
  15 "l-pinky-mid" 14
  16 "l-pinky-tip" 15
  17 "l-thumb-low" 4
  18 "l-thumb-mid" 17
  19 "l-thumb-tip" 18
  20 "l-forearm-twist" 3
  21 "r-upperarm-movement" -1
  22 "r-upperarm" 21
  23 "r-forearm" 22
  24 "r-rist" 23
  25 "r-index-low" 24
  26 "r-index-mid" 25
  27 "r-index-tip" 26
  28 "r-pinky-low" 24
  29 "r-pinky-mid" 28
  30 "r-pinky-tip" 29
  31 "r-middle-low" 24
  32 "r-middle-mid" 31
  33 "r-middle-tip" 32
  34 "r-ring-low" 24
  35 "r-ring-mid" 34
  36 "r-ring-tip" 35
  37 "r-thumb-low" 24
  38 "r-thumb-mid" 37
  39 "r-thumb-tip" 38
  40 "r-forearm-twist" 23
  41 "Shell" -1
  42 "trigger" -1
  43 "pump." -1
  44 "ValveBiped.Bip01_R_UpperArm" 22
  45 "ValveBiped.Bip01_R_Forearm" 23
  46 "ValveBiped.Bip01_R_Hand" 24
  47 "ValveBiped.Bip01_R_Finger0" 37
  48 "ValveBiped.Bip01_R_Finger01" 38
  49 "ValveBiped.Bip01_R_Finger02" 39
  50 "ValveBiped.Bip01_R_Finger1" 25
  51 "ValveBiped.Bip01_R_Finger11" 26
  52 "ValveBiped.Bip01_R_Finger12" 27
  53 "ValveBiped.Bip01_R_Finger2" 31
  54 "ValveBiped.Bip01_R_Finger21" 32
  55 "ValveBiped.Bip01_R_Finger22" 33
  56 "ValveBiped.Bip01_R_Finger3" 34
  57 "ValveBiped.Bip01_R_Finger31" 35
  58 "ValveBiped.Bip01_R_Finger32" 36
  59 "ValveBiped.Bip01_R_Finger4" 28
  60 "ValveBiped.Bip01_R_Finger41" 29
  61 "ValveBiped.Bip01_R_Finger42" 30
  62 "ValveBiped.Bip01_L_UpperArm" 2
  63 "ValveBiped.Bip01_L_Forearm" 3
  64 "ValveBiped.Bip01_L_Hand" 4
  65 "ValveBiped.Bip01_L_Finger0" 17
  66 "ValveBiped.Bip01_L_Finger01" 18
  67 "ValveBiped.Bip01_L_Finger02" 19
  68 "ValveBiped.Bip01_L_Finger1" 5
  69 "ValveBiped.Bip01_L_Finger11" 6
  70 "ValveBiped.Bip01_L_Finger12" 7
  71 "ValveBiped.Bip01_L_Finger2" 8
  72 "ValveBiped.Bip01_L_Finger21" 9
  73 "ValveBiped.Bip01_L_Finger22" 10
  74 "ValveBiped.Bip01_L_Finger3" 11
  75 "ValveBiped.Bip01_L_Finger31" 12
  76 "ValveBiped.Bip01_L_Finger32" 13
  77 "ValveBiped.Bip01_L_Finger4" 14
  78 "ValveBiped.Bip01_L_Finger41" 15
  79 "ValveBiped.Bip01_L_Finger42" 16
end
skeleton
  time 0
    0 -2.338150 -2.993141 -3.589069 0.000000 0.000000 -0.000121
    1 7.196623 4.312815 -6.410477 -0.275969 0.424926 -1.104174
    2 0.000000 0.000000 0.000000 2.499906 0.221061 -0.622615
    3 10.859747 -0.000001 -0.000001 0.263528 0.006782 0.975798
    4 11.118949 -0.012917 -0.055607 -0.439714 -0.076172 -0.480030
    5 4.460938 0.096558 -1.193359 1.700635 -0.250355 0.126839
    6 1.534180 -0.000001 -0.000001 0.009042 0.848532 0.011307
    7 0.923828 0.000000 0.000000 0.002695 1.027849 0.003260
    8 4.582031 -0.205322 -0.326172 1.346533 -0.259536 0.638898
    9 1.709961 -0.000007 0.000000 3.036021 1.434016 3.039811
    10 0.998047 0.000000 0.000000 0.026837 -0.314590 -0.022355
    11 4.332031 -0.048065 0.604980 1.141283 -0.111227 1.109616
    12 1.571289 0.000003 0.000003 0.269056 1.478394 0.281975
    13 1.039063 0.000006 0.000000 0.006016 -0.410155 0.011865
    14 3.871094 0.338867 1.439453 1.121923 0.266193 1.782702
    15 1.197266 -0.000006 -0.000016 0.081066 0.567625 0.082907
    16 0.866211 0.000000 -0.000001 -0.008129 -0.487940 -0.000955
    17 1.191406 1.062500 -1.191406 3.072296 0.219014 0.151813
    18 1.987305 -0.000002 0.000000 -0.025970 0.053561 -0.091013
    19 1.217773 0.000004 0.000002 -0.020700 -0.169366 0.027834
    20 9.582013 0.082096 -0.005725 1.606992 0.268796 1.517345
    21 -1.511719 11.007813 -4.187500 1.244308 0.425693 -2.037295
    22 0.000000 0.000000 0.000000 2.785285 -0.396270 -0.375403
    23 10.859730 0.000013 -0.000005 -0.279330 0.007173 -2.116317
    24 11.118959 0.012915 -0.055609 -0.701936 -0.729903 1.221545
    25 4.462496 -0.096127 -1.190239 -1.692327 0.052480 -0.517339
    26 1.533207 0.000003 0.000000 -0.001689 0.412204 -0.007557
    27 0.922219 0.000000 0.000000 -0.000168 1.027815 -0.001706
    28 3.871094 -0.338867 1.439453 -1.480019 0.189903 -1.416936
    29 1.197266 0.000004 -0.000017 -0.127146 1.001777 -0.146524
    30 0.866211 -0.000001 -0.000003 0.009351 0.733784 0.001142
    31 4.582031 0.205322 -0.326172 -1.539698 0.007204 -1.420212
    32 1.709961 0.000006 -0.000002 -0.026879 1.095842 -0.020771
    33 0.998047 -0.000001 0.000001 -0.016608 0.557664 0.006715
    34 4.332031 0.048065 0.604980 -1.502394 0.106974 -1.508525
    35 1.571289 0.000006 -0.000001 -0.060351 1.044535 -0.069431
    36 1.039063 -0.000008 0.000001 -0.009609 0.637010 -0.018240
    37 1.191406 -1.062500 -1.191406 2.688815 0.147029 -0.438545
    38 1.987305 0.000004 0.000002 0.027278 0.315271 0.098085
    39 1.217773 -0.000005 0.000003 0.021152 0.266873 -0.018769
    40 9.578125 -0.084412 -0.006874 -1.606853 -0.254477 -1.498648
    41 -0.871094 11.210938 -11.585938 0.000000 0.000000 -0.000001
    42 -2.339282 -5.982450 -3.391970 0.087245 0.000000 -0.000121
    43 -2.335242 -16.892002 -3.265871 0.000000 0.000000 -0.000121
    44 0.000000 0.000000 0.000000 0.000000 0.000000 0.000000
    45 0.000000 0.000000 0.000000 0.000000 0.000000 0.000000
    46 0.000000 0.000000 0.000000 0.000000 0.000000 0.000000
    47 0.000000 0.000000 0.000000 -1.570796 0.000000 0.000000
    48 0.000000 0.000000 0.000000 -1.570796 0.000000 0.000000
    49 0.000000 0.000000 0.000000 -1.570796 0.000000 0.000000
    50 0.000000 0.000000 0.000000 1.570796 0.000000 0.000000
    51 0.000000 0.000000 0.000000 1.570796 0.000000 0.000000
    52 0.000000 0.000000 0.000000 1.570796 0.000000 0.000000
    53 0.000000 0.000000 0.000000 1.570796 0.000000 0.000000
    54 0.000000 0.000000 0.000000 1.570796 0.000000 0.000000
    55 0.000000 0.000000 0.000000 1.570796 0.000000 0.000000
    56 0.000000 0.000000 0.000000 1.570796 0.000000 0.000000
    57 0.000000 0.000000 0.000000 1.570796 0.000000 0.000000
    58 0.000000 0.000000 0.000000 1.570796 0.000000 0.000000
    59 0.000000 0.000000 0.000000 1.570796 0.000000 0.000000
    60 0.000000 0.000000 0.000000 1.570796 0.000000 0.000000
    61 0.000000 0.000000 0.000000 1.570796 0.000000 0.000000
    62 0.000000 0.000001 0.000000 0.000000 0.000000 0.000000
    63 0.000000 0.000000 0.000000 0.000000 0.000000 0.000000
    64 0.000000 0.000000 0.000000 -3.141593 0.000000 0.000000
    65 0.000000 0.000000 0.000000 -1.570796 0.000000 0.000000
    66 0.000000 0.000000 0.000000 -1.570796 0.000000 0.000000
    67 0.000000 0.000000 0.000000 -1.570796 0.000000 0.000000
    68 0.000000 0.000000 0.000000 1.570796 0.000000 0.000000
    69 0.000000 0.000000 0.000000 1.570796 0.000000 0.000000
    70 0.000000 0.000000 0.000000 1.570796 0.000000 0.000000
    71 0.000000 0.000000 0.000001 1.570796 0.000000 0.000000
    72 0.000000 0.000000 0.000000 1.570796 0.000000 0.000000
    73 0.000000 0.000000 0.000000 1.570796 0.000000 0.000000
    74 0.000000 0.000000 0.000000 1.570796 0.000000 0.000000
    75 0.000000 0.000000 0.000000 1.570796 0.000000 0.000000
    76 -0.000001 0.000000 0.000000 1.570796 0.000000 0.000000
    77 0.000000 0.000000 0.000000 1.570796 0.000000 0.000000
    78 0.000000 0.000000 0.000000 1.570796 0.000000 0.000000
    79 0.000000 0.000000 0.000000 1.570796 0.000000 0.000000
  time 1
    0 -2.338150 -2.993141 -3.432815 0.019465 0.000000 -0.000121
    1 7.196623 4.312815 -6.410477 -0.275969 0.424926 -1.104174
    2 0.000000 0.000000 0.000000 2.501890 0.224465 -0.619509
    3 10.859747 -0.000001 -0.000001 0.263600 0.006818 0.981665
    4 11.118949 -0.012917 -0.055607 -0.446617 -0.085220 -0.496656
    5 4.460938 0.096558 -1.193359 1.700635 -0.250355 0.126839
    6 1.534180 -0.000001 -0.000001 0.009042 0.848532 0.011307
    7 0.923828 0.000000 0.000000 0.002695 1.027849 0.003260
    8 4.582031 -0.205322 -0.326172 1.346533 -0.259536 0.638898
    9 1.709961 -0.000007 0.000000 3.036021 1.434016 3.039811
    10 0.998047 0.000000 0.000000 0.026837 -0.314590 -0.022355
    11 4.332031 -0.048065 0.604980 1.141283 -0.111227 1.109616
    12 1.571289 0.000003 0.000003 0.269056 1.478394 0.281975
    13 1.039063 0.000006 0.000000 0.006016 -0.410155 0.011865
    14 3.871094 0.338867 1.439453 1.121923 0.266193 1.782702
    15 1.197266 -0.000006 -0.000016 0.081066 0.567625 0.082907
    16 0.866211 0.000000 -0.000001 -0.008129 -0.487940 -0.000955
    17 1.191406 1.062500 -1.191406 3.072296 0.219014 0.151813
    18 1.987305 -0.000002 0.000000 -0.025970 0.053561 -0.091013
    19 1.217773 0.000004 0.000002 -0.020700 -0.169366 0.027834
    20 9.582013 0.082096 -0.005725 1.606992 0.268796 1.517345
    21 -1.511719 11.007813 -4.187500 1.244308 0.425693 -2.037295
    22 0.000000 0.000000 0.000000 2.783871 -0.406941 -0.351932
    23 10.859730 0.000013 -0.000005 -0.279282 0.007197 -2.111373
    24 11.118959 0.012915 -0.055609 -0.707178 -0.762520 1.246213
    25 4.462496 -0.096127 -1.190239 -1.692327 0.052480 -0.517339
    26 1.533207 0.000003 0.000000 -0.001689 0.401514 -0.007557
    27 0.922219 0.000000 0.000000 -0.000168 1.013583 -0.001706
    28 3.871094 -0.338867 1.439453 -1.480019 0.189903 -1.416936
    29 1.197266 0.000004 -0.000017 -0.127146 1.001777 -0.146524
    30 0.866211 -0.000001 -0.000003 0.009351 0.733784 0.001142
    31 4.582031 0.205322 -0.326172 -1.539698 0.007204 -1.420212
    32 1.709961 0.000006 -0.000002 -0.026879 1.095842 -0.020771
    33 0.998047 -0.000001 0.000001 -0.016608 0.557664 0.006715
    34 4.332031 0.048065 0.604980 -1.502394 0.106974 -1.508525
    35 1.571289 0.000006 -0.000001 -0.060351 1.044535 -0.069431
    36 1.039063 -0.000008 0.000001 -0.009609 0.637010 -0.018240
    37 1.191406 -1.062500 -1.191406 2.688815 0.147029 -0.438545
    38 1.987305 0.000004 0.000002 0.027278 0.315271 0.098085
    39 1.217773 -0.000005 0.000003 0.021152 0.266873 -0.018769
    40 9.578125 -0.084412 -0.006874 -1.606853 -0.254477 -1.498648
    41 -0.871094 11.210938 -11.585938 0.000000 0.000000 -0.000001
    42 -2.339282 -5.986357 -3.294311 0.101868 0.000000 -0.000121
    43 -2.335242 -16.899815 -3.375250 0.019465 0.000000 -0.000121
    44 0.000000 0.000000 0.000000 0.000000 0.000000 0.000000
    45 0.000000 0.000000 0.000000 0.000000 0.000000 0.000000
    46 0.000000 0.000000 0.000000 0.000000 0.000000 0.000000
    47 0.000000 0.000000 0.000000 -1.570796 0.000000 0.000000
    48 0.000000 0.000000 0.000000 -1.570796 0.000000 0.000000
    49 0.000000 0.000000 0.000000 -1.570796 0.000000 0.000000
    50 0.000000 0.000000 0.000000 1.570796 0.000000 0.000000
    51 0.000000 0.000000 0.000000 1.570796 0.000000 0.000000
    52 0.000000 0.000000 0.000000 1.570796 0.000000 0.000000
    53 0.000000 0.000000 0.000000 1.570796 0.000000 0.000000
    54 0.000000 0.000000 0.000000 1.570796 0.000000 0.000000
    55 0.000000 0.000000 0.000000 1.570796 0.000000 0.000000
    56 0.000000 0.000000 0.000000 1.570796 0.000000 0.000000
    57 0.000000 0.000000 0.000000 1.570796 0.000000 0.000000
    58 0.000000 0.000000 0.000000 1.570796 0.000000 0.000000
    59 0.000000 0.000000 0.000000 1.570796 0.000000 0.000000
    60 0.000000 0.000000 0.000000 1.570796 0.000000 0.000000
    61 0.000000 0.000000 0.000000 1.570796 0.000000 0.000000
    62 0.000000 0.000001 0.000000 0.000000 0.000000 0.000000
    63 0.000000 0.000000 0.000000 0.000000 0.000000 0.000000
    64 0.000000 0.000000 0.000000 -3.141593 0.000000 0.000000
    65 0.000000 0.000000 0.000000 -1.570796 0.000000 0.000000
    66 0.000000 0.000000 0.000000 -1.570796 0.000000 0.000000
    67 0.000000 0.000000 0.000000 -1.570796 0.000000 0.000000
    68 0.000000 0.000000 0.000000 1.570796 0.000000 0.000000
    69 0.000000 0.000000 0.000000 1.570796 0.000000 0.000000
    70 0.000000 0.000000 0.000000 1.570796 0.000000 0.000000
    71 0.000000 0.000000 0.000001 1.570796 0.000000 0.000000
    72 0.000000 0.000000 0.000000 1.570796 0.000000 0.000000
    73 0.000000 0.000000 0.000000 1.570796 0.000000 0.000000
    74 0.000000 0.000000 0.000000 1.570796 0.000000 0.000000
    75 0.000000 0.000000 0.000000 1.570796 0.000000 0.000000
    76 -0.000001 0.000000 0.000000 1.570796 0.000000 0.000000
    77 0.000000 0.000000 0.000000 1.570796 0.000000 0.000000
    78 0.000000 0.000000 0.000000 1.570796 0.000000 0.000000
    79 0.000000 0.000000 0.000000 1.570796 0.000000 0.000000
  time 2
    0 -2.342056 -0.731353 -3.307811 -0.036212 -0.035315 -0.015875
    1 7.196623 4.312815 -6.410477 -0.275969 0.424926 -1.104174
    2 0.000000 0.000000 0.000000 2.506295 0.316656 -0.578197
    3 10.859747 -0.000001 -0.000001 0.267627 0.008687 1.286632
    4 11.118949 -0.012917 -0.055607 -0.334852 -0.093113 -0.672626
    5 4.460938 0.096558 -1.193359 1.700635 -0.250355 0.126839
    6 1.534180 -0.000001 -0.000001 0.009042 0.848532 0.011307
    7 0.923828 0.000000 0.000000 0.002695 1.027849 0.003260
    8 4.582031 -0.205322 -0.326172 1.346533 -0.259536 0.638898
    9 1.709961 -0.000007 0.000000 3.036021 1.434016 3.039811
    10 0.998047 0.000000 0.000000 0.026837 -0.314590 -0.022355
    11 4.332031 -0.048065 0.604980 1.141283 -0.111227 1.109616
    12 1.571289 0.000003 0.000003 0.269056 1.478394 0.281975
    13 1.039063 0.000006 0.000000 0.006016 -0.410155 0.011865
    14 3.871094 0.338867 1.439453 1.121923 0.266193 1.782702
    15 1.197266 -0.000006 -0.000016 0.081066 0.567625 0.082907
    16 0.866211 0.000000 -0.000001 -0.008129 -0.487940 -0.000955
    17 1.191406 1.062500 -1.191406 3.072296 0.219014 0.151813
    18 1.987305 -0.000002 0.000000 -0.025970 0.053561 -0.091013
    19 1.217773 0.000004 0.000002 -0.020700 -0.169366 0.027834
    20 9.582013 0.082096 -0.005725 1.606992 0.268796 1.517345
    21 -1.511719 11.007813 -4.187500 1.244308 0.425693 -2.037295
    22 0.000000 0.000000 0.000000 2.897736 -0.455975 -0.496343
    23 10.859730 0.000013 -0.000005 -0.281931 0.005172 -2.341601
    24 11.118959 0.012915 -0.055609 -0.695837 -0.776040 1.318251
    25 4.462496 -0.096127 -1.190239 -1.692327 0.052480 -0.517339
    26 1.533207 0.000003 0.000000 -0.001689 0.373039 -0.007557
    27 0.922219 0.000000 0.000000 -0.000168 0.974404 -0.001706
    28 3.871094 -0.338867 1.439453 -1.480019 0.189903 -1.416936
    29 1.197266 0.000004 -0.000017 -0.127146 1.001777 -0.146524
    30 0.866211 -0.000001 -0.000003 0.009351 0.733784 0.001142
    31 4.582031 0.205322 -0.326172 -1.539698 0.007204 -1.420212
    32 1.709961 0.000006 -0.000002 -0.026879 1.095842 -0.020771
    33 0.998047 -0.000001 0.000001 -0.016608 0.557664 0.006715
    34 4.332031 0.048065 0.604980 -1.502394 0.106974 -1.508525
    35 1.571289 0.000006 -0.000001 -0.060351 1.044535 -0.069431
    36 1.039063 -0.000008 0.000001 -0.009609 0.637010 -0.018240
    37 1.191406 -1.062500 -1.191406 2.688815 0.147029 -0.438545
    38 1.987305 0.000004 0.000002 0.027278 0.315271 0.098085
    39 1.217773 -0.000005 0.000003 0.021152 0.266873 -0.018769
    40 9.578125 -0.084412 -0.006874 -1.606853 -0.254477 -1.498648
    41 -0.871094 11.210938 -11.585938 0.000000 0.000000 -0.000001
    42 -2.401784 -3.708944 -3.005240 0.033594 -0.035315 -0.015875
    43 -2.589156 -14.606776 -2.488504 -0.036212 -0.035315 -0.015875
    44 0.000000 0.000000 0.000000 0.000000 0.000000 0.000000
    45 0.000000 0.000000 0.000000 0.000000 0.000000 0.000000
    46 0.000000 0.000000 0.000000 0.000000 0.000000 0.000000
    47 0.000000 0.000000 0.000000 -1.570796 0.000000 0.000000
    48 0.000000 0.000000 0.000000 -1.570796 0.000000 0.000000
    49 0.000000 0.000000 0.000000 -1.570796 0.000000 0.000000
    50 0.000000 0.000000 0.000000 1.570796 0.000000 0.000000
    51 0.000000 0.000000 0.000000 1.570796 0.000000 0.000000
    52 0.000000 0.000000 0.000000 1.570796 0.000000 0.000000
    53 0.000000 0.000000 0.000000 1.570796 0.000000 0.000000
    54 0.000000 0.000000 0.000000 1.570796 0.000000 0.000000
    55 0.000000 0.000000 0.000000 1.570796 0.000000 0.000000
    56 0.000000 0.000000 0.000000 1.570796 0.000000 0.000000
    57 0.000000 0.000000 0.000000 1.570796 0.000000 0.000000
    58 0.000000 0.000000 0.000000 1.570796 0.000000 0.000000
    59 0.000000 0.000000 0.000000 1.570796 0.000000 0.000000
    60 0.000000 0.000000 0.000000 1.570796 0.000000 0.000000
    61 0.000000 0.000000 0.000000 1.570796 0.000000 0.000000
    62 0.000000 0.000001 0.000000 0.000000 0.000000 0.000000
    63 0.000000 0.000000 0.000000 0.000000 0.000000 0.000000
    64 0.000000 0.000000 0.000000 -3.141593 0.000000 0.000000
    65 0.000000 0.000000 0.000000 -1.570796 0.000000 0.000000
    66 0.000000 0.000000 0.000000 -1.570796 0.000000 0.000000
    67 0.000000 0.000000 0.000000 -1.570796 0.000000 0.000000
    68 0.000000 0.000000 0.000000 1.570796 0.000000 0.000000
    69 0.000000 0.000000 0.000000 1.570796 0.000000 0.000000
    70 0.000000 0.000000 0.000000 1.570796 0.000000 0.000000
    71 0.000000 0.000000 0.000001 1.570796 0.000000 0.000000
    72 0.000000 0.000000 0.000000 1.570796 0.000000 0.000000
    73 0.000000 0.000000 0.000000 1.570796 0.000000 0.000000
    74 0.000000 0.000000 0.000000 1.570796 0.000000 0.000000
    75 0.000000 0.000000 0.000000 1.570796 0.000000 0.000000
    76 -0.000001 0.000000 0.000000 1.570796 0.000000 0.000000
    77 0.000000 0.000000 0.000000 1.570796 0.000000 0.000000
    78 0.000000 0.000000 0.000000 1.570796 0.000000 0.000000
    79 0.000000 0.000000 0.000000 1.570796 0.000000 0.000000
  time 3
    0 -2.338150 -0.871982 -3.229684 -0.023911 -0.052061 -0.028259
    1 7.196623 4.312815 -6.410477 -0.275969 0.424926 -1.104174
    2 0.000000 0.000000 0.000000 2.505327 0.310909 -0.587898
    3 10.859747 -0.000001 -0.000001 0.267255 0.008591 1.260914
    4 11.118949 -0.012917 -0.055607 -0.328068 -0.108391 -0.666844
    5 4.460938 0.096558 -1.193359 1.700635 -0.250355 0.126839
    6 1.534180 -0.000001 -0.000001 0.009042 0.848532 0.011307
    7 0.923828 0.000000 0.000000 0.002695 1.027849 0.003260
    8 4.582031 -0.205322 -0.326172 1.346533 -0.259536 0.638898
    9 1.709961 -0.000007 0.000000 3.036021 1.434016 3.039811
    10 0.998047 0.000000 0.000000 0.026837 -0.314590 -0.022355
    11 4.332031 -0.048065 0.604980 1.141283 -0.111227 1.109616
    12 1.571289 0.000003 0.000003 0.269056 1.478394 0.281975
    13 1.039063 0.000006 0.000000 0.006016 -0.410155 0.011865
    14 3.871094 0.338867 1.439453 1.121923 0.266193 1.782702
    15 1.197266 -0.000006 -0.000016 0.081066 0.567625 0.082907
    16 0.866211 0.000000 -0.000001 -0.008129 -0.487940 -0.000955
    17 1.191406 1.062500 -1.191406 3.072296 0.219014 0.151813
    18 1.987305 -0.000002 0.000000 -0.025970 0.053561 -0.091013
    19 1.217773 0.000004 0.000002 -0.020700 -0.169366 0.027834
    20 9.582013 0.082096 -0.005725 1.606992 0.268796 1.517345
    21 -1.511719 11.007813 -4.187500 1.244308 0.425693 -2.037295
    22 0.000000 0.000000 0.000000 2.886063 -0.459285 -0.474188
    23 10.859730 0.000013 -0.000005 -0.281787 0.005304 -2.327715
    24 11.118959 0.012915 -0.055609 -0.679860 -0.784462 1.336074
    25 4.462496 -0.096127 -1.190239 -1.692327 0.052480 -0.517339
    26 1.533207 0.000003 0.000000 -0.001689 0.332064 -0.007557
    27 0.922219 0.000000 0.000000 -0.000168 0.915624 -0.001706
    28 3.871094 -0.338867 1.439453 -1.480019 0.189903 -1.416936
    29 1.197266 0.000004 -0.000017 -0.127146 1.001777 -0.146524
    30 0.866211 -0.000001 -0.000003 0.009351 0.733784 0.001142
    31 4.582031 0.205322 -0.326172 -1.539698 0.007204 -1.420212
    32 1.709961 0.000006 -0.000002 -0.026879 1.095842 -0.020771
    33 0.998047 -0.000001 0.000001 -0.016608 0.557664 0.006715
    34 4.332031 0.048065 0.604980 -1.502394 0.106974 -1.508525
    35 1.571289 0.000006 -0.000001 -0.060351 1.044535 -0.069431
    36 1.039063 -0.000008 0.000001 -0.009609 0.637010 -0.018240
    37 1.191406 -1.062500 -1.191406 2.688815 0.147029 -0.438545
    38 1.987305 0.000004 0.000002 0.027278 0.315271 0.098085
    39 1.217773 -0.000005 0.000003 0.021152 0.266873 -0.018769
    40 9.578125 -0.084412 -0.006874 -1.606853 -0.254477 -1.498648
    41 -0.871094 11.210938 -11.585938 0.000000 0.000000 -0.000001
    42 -2.444754 -3.849573 -2.966176 0.028950 -0.052061 -0.028259
    43 -2.764943 -14.751312 -2.582257 -0.023911 -0.052061 -0.028259
    44 0.000000 0.000000 0.000000 0.000000 0.000000 0.000000
    45 0.000000 0.000000 0.000000 0.000000 0.000000 0.000000
    46 0.000000 0.000000 0.000000 0.000000 0.000000 0.000000
    47 0.000000 0.000000 0.000000 -1.570796 0.000000 0.000000
    48 0.000000 0.000000 0.000000 -1.570796 0.000000 0.000000
    49 0.000000 0.000000 0.000000 -1.570796 0.000000 0.000000
    50 0.000000 0.000000 0.000000 1.570796 0.000000 0.000000
    51 0.000000 0.000000 0.000000 1.570796 0.000000 0.000000
    52 0.000000 0.000000 0.000000 1.570796 0.000000 0.000000
    53 0.000000 0.000000 0.000000 1.570796 0.000000 0.000000
    54 0.000000 0.000000 0.000000 1.570796 0.000000 0.000000
    55 0.000000 0.000000 0.000000 1.570796 0.000000 0.000000
    56 0.000000 0.000000 0.000000 1.570796 0.000000 0.000000
    57 0.000000 0.000000 0.000000 1.570796 0.000000 0.000000
    58 0.000000 0.000000 0.000000 1.570796 0.000000 0.000000
    59 0.000000 0.000000 0.000000 1.570796 0.000000 0.000000
    60 0.000000 0.000000 0.000000 1.570796 0.000000 0.000000
    61 0.000000 0.000000 0.000000 1.570796 0.000000 0.000000
    62 0.000000 0.000001 0.000000 0.000000 0.000000 0.000000
    63 0.000000 0.000000 0.000000 0.000000 0.000000 0.000000
    64 0.000000 0.000000 0.000000 -3.141593 0.000000 0.000000
    65 0.000000 0.000000 0.000000 -1.570796 0.000000 0.000000
    66 0.000000 0.000000 0.000000 -1.570796 0.000000 0.000000
    67 0.000000 0.000000 0.000000 -1.570796 0.000000 0.000000
    68 0.000000 0.000000 0.000000 1.570796 0.000000 0.000000
    69 0.000000 0.000000 0.000000 1.570796 0.000000 0.000000
    70 0.000000 0.000000 0.000000 1.570796 0.000000 0.000000
    71 0.000000 0.000000 0.000001 1.570796 0.000000 0.000000
    72 0.000000 0.000000 0.000000 1.570796 0.000000 0.000000
    73 0.000000 0.000000 0.000000 1.570796 0.000000 0.000000
    74 0.000000 0.000000 0.000000 1.570796 0.000000 0.000000
    75 0.000000 0.000000 0.000000 1.570796 0.000000 0.000000
    76 -0.000001 0.000000 0.000000 1.570796 0.000000 0.000000
    77 0.000000 0.000000 0.000000 1.570796 0.000000 0.000000
    78 0.000000 0.000000 0.000000 1.570796 0.000000 0.000000
    79 0.000000 0.000000 0.000000 1.570796 0.000000 0.000000
  time 4
    0 -2.338150 -1.200117 -3.171088 -0.000988 -0.064858 -0.039379
    1 7.196623 4.312815 -6.410477 -0.275969 0.424926 -1.104174
    2 0.000000 0.000000 0.000000 2.506924 0.301007 -0.595964
    3 10.859747 -0.000001 -0.000001 0.266632 0.008376 1.214965
    4 11.118949 -0.012917 -0.055607 -0.334674 -0.124334 -0.650143
    5 4.460938 0.096558 -1.193359 1.700635 -0.250355 0.126839
    6 1.534180 -0.000001 -0.000001 0.009042 0.848532 0.011307
    7 0.923828 0.000000 0.000000 0.002695 1.027849 0.003260
    8 4.582031 -0.205322 -0.326172 1.346533 -0.259536 0.638898
    9 1.709961 -0.000007 0.000000 3.036021 1.434016 3.039811
    10 0.998047 0.000000 0.000000 0.026837 -0.314590 -0.022355
    11 4.332031 -0.048065 0.604980 1.141283 -0.111227 1.109616
    12 1.571289 0.000003 0.000003 0.269056 1.478394 0.281975
    13 1.039063 0.000006 0.000000 0.006016 -0.410155 0.011865
    14 3.871094 0.338867 1.439453 1.121923 0.266193 1.782702
    15 1.197266 -0.000006 -0.000016 0.081066 0.567625 0.082907
    16 0.866211 0.000000 -0.000001 -0.008129 -0.487940 -0.000955
    17 1.191406 1.062500 -1.191406 3.072296 0.219014 0.151813
    18 1.987305 -0.000002 0.000000 -0.025970 0.053561 -0.091013
    19 1.217773 0.000004 0.000002 -0.020700 -0.169366 0.027834
    20 9.582013 0.082096 -0.005725 1.606992 0.268796 1.517345
    21 -1.511719 11.007813 -4.187500 1.244308 0.425693 -2.037295
    22 0.000000 0.000000 0.000000 2.864119 -0.459285 -0.438065
    23 10.859730 0.000013 -0.000005 -0.281403 0.005639 -2.294309
    24 11.118959 0.012915 -0.055609 -0.669477 -0.797502 1.353694
    25 4.462496 -0.096127 -1.190239 -1.692327 0.052480 -0.517339
    26 1.533207 0.000003 0.000000 -0.001689 0.283981 -0.007557
    27 0.922219 0.000000 0.000000 -0.000168 0.842613 -0.001706
    28 3.871094 -0.338867 1.439453 -1.480019 0.189903 -1.416936
    29 1.197266 0.000004 -0.000017 -0.127146 1.001777 -0.146524
    30 0.866211 -0.000001 -0.000003 0.009351 0.733784 0.001142
    31 4.582031 0.205322 -0.326172 -1.539698 0.007204 -1.420212
    32 1.709961 0.000006 -0.000002 -0.026879 1.095842 -0.020771
    33 0.998047 -0.000001 0.000001 -0.016608 0.557664 0.006715
    34 4.332031 0.048065 0.604980 -1.502394 0.106974 -1.508525
    35 1.571289 0.000006 -0.000001 -0.060351 1.044535 -0.069431
    36 1.039063 -0.000008 0.000001 -0.009609 0.637010 -0.018240
    37 1.191406 -1.062500 -1.191406 2.688815 0.147029 -0.438545
    38 1.987305 0.000004 0.000002 0.027278 0.315271 0.098085
    39 1.217773 -0.000005 0.000003 0.021152 0.266873 -0.018769
    40 9.578125 -0.084412 -0.006874 -1.606853 -0.254477 -1.498648
    41 -0.871094 11.210938 -11.585938 0.000000 0.000000 -0.000001
    42 -2.472098 -4.181614 -2.970082 0.033248 -0.064858 -0.039379
    43 -2.905572 -15.087260 -2.836171 -0.000988 -0.064858 -0.039379
    44 0.000000 0.000000 0.000000 0.000000 0.000000 0.000000
    45 0.000000 0.000000 0.000000 0.000000 0.000000 0.000000
    46 0.000000 0.000000 0.000000 0.000000 0.000000 0.000000
    47 0.000000 0.000000 0.000000 -1.570796 0.000000 0.000000
    48 0.000000 0.000000 0.000000 -1.570796 0.000000 0.000000
    49 0.000000 0.000000 0.000000 -1.570796 0.000000 0.000000
    50 0.000000 0.000000 0.000000 1.570796 0.000000 0.000000
    51 0.000000 0.000000 0.000000 1.570796 0.000000 0.000000
    52 0.000000 0.000000 0.000000 1.570796 0.000000 0.000000
    53 0.000000 0.000000 0.000000 1.570796 0.000000 0.000000
    54 0.000000 0.000000 0.000000 1.570796 0.000000 0.000000
    55 0.000000 0.000000 0.000000 1.570796 0.000000 0.000000
    56 0.000000 0.000000 0.000000 1.570796 0.000000 0.000000
    57 0.000000 0.000000 0.000000 1.570796 0.000000 0.000000
    58 0.000000 0.000000 0.000000 1.570796 0.000000 0.000000
    59 0.000000 0.000000 0.000000 1.570796 0.000000 0.000000
    60 0.000000 0.000000 0.000000 1.570796 0.000000 0.000000
    61 0.000000 0.000000 0.000000 1.570796 0.000000 0.000000
    62 0.000000 0.000001 0.000000 0.000000 0.000000 0.000000
    63 0.000000 0.000000 0.000000 0.000000 0.000000 0.000000
    64 0.000000 0.000000 0.000000 -3.141593 0.000000 0.000000
    65 0.000000 0.000000 0.000000 -1.570796 0.000000 0.000000
    66 0.000000 0.000000 0.000000 -1.570796 0.000000 0.000000
    67 0.000000 0.000000 0.000000 -1.570796 0.000000 0.000000
    68 0.000000 0.000000 0.000000 1.570796 0.000000 0.000000
    69 0.000000 0.000000 0.000000 1.570796 0.000000 0.000000
    70 0.000000 0.000000 0.000000 1.570796 0.000000 0.000000
    71 0.000000 0.000000 0.000001 1.570796 0.000000 0.000000
    72 0.000000 0.000000 0.000000 1.570796 0.000000 0.000000
    73 0.000000 0.000000 0.000000 1.570796 0.000000 0.000000
    74 0.000000 0.000000 0.000000 1.570796 0.000000 0.000000
    75 0.000000 0.000000 0.000000 1.570796 0.000000 0.000000
    76 -0.000001 0.000000 0.000000 1.570796 0.000000 0.000000
    77 0.000000 0.000000 0.000000 1.570796 0.000000 0.000000
    78 0.000000 0.000000 0.000000 1.570796 0.000000 0.000000
    79 0.000000 0.000000 0.000000 1.570796 0.000000 0.000000
  time 5
    0 -2.338150 -1.571222 -3.143743 0.011165 -0.069984 -0.044350
    1 7.196623 4.312815 -6.410477 -0.275969 0.424926 -1.104174
    2 0.000000 0.000000 0.000000 2.505036 0.285535 -0.606047
    3 10.859747 -0.000001 -0.000001 0.265925 0.008076 1.163434
    4 11.118949 -0.012917 -0.055607 -0.343600 -0.132454 -0.624222
    5 4.460938 0.096558 -1.193359 1.700635 -0.250355 0.126839
    6 1.534180 -0.000001 -0.000001 0.009042 0.848532 0.011307
    7 0.923828 0.000000 0.000000 0.002695 1.027849 0.003260
    8 4.582031 -0.205322 -0.326172 1.346533 -0.259536 0.638898
    9 1.709961 -0.000007 0.000000 3.036021 1.434016 3.039811
    10 0.998047 0.000000 0.000000 0.026837 -0.314590 -0.022355
    11 4.332031 -0.048065 0.604980 1.141283 -0.111227 1.109616
    12 1.571289 0.000003 0.000003 0.269056 1.478394 0.281975
    13 1.039063 0.000006 0.000000 0.006016 -0.410155 0.011865
    14 3.871094 0.338867 1.439453 1.121923 0.266193 1.782702
    15 1.197266 -0.000006 -0.000016 0.081066 0.567625 0.082907
    16 0.866211 0.000000 -0.000001 -0.008129 -0.487940 -0.000955
    17 1.191406 1.062500 -1.191406 3.072296 0.219014 0.151813
    18 1.987305 -0.000002 0.000000 -0.025970 0.053561 -0.091013
    19 1.217773 0.000004 0.000002 -0.020700 -0.169366 0.027834
    20 9.582013 0.082096 -0.005725 1.606992 0.268796 1.517345
    21 -1.511719 11.007813 -4.187500 1.244308 0.425693 -2.037295
    22 0.000000 0.000000 0.000000 2.842775 -0.453768 -0.409175
    23 10.859730 0.000013 -0.000005 -0.281008 0.005999 -2.257507
    24 11.118959 0.012915 -0.055609 -0.660404 -0.798721 1.350713
    25 4.462496 -0.096127 -1.190239 -1.692327 0.052480 -0.517339
    26 1.533207 0.000003 0.000000 -0.001689 0.234113 -0.007557
    27 0.922219 0.000000 0.000000 -0.000168 0.760697 -0.001706
    28 3.871094 -0.338867 1.439453 -1.480019 0.189903 -1.416936
    29 1.197266 0.000004 -0.000017 -0.127146 1.001777 -0.146524
    30 0.866211 -0.000001 -0.000003 0.009351 0.733784 0.001142
    31 4.582031 0.205322 -0.326172 -1.539698 0.007204 -1.420212
    32 1.709961 0.000006 -0.000002 -0.026879 1.095842 -0.020771
    33 0.998047 -0.000001 0.000001 -0.016608 0.557664 0.006715
    34 4.332031 0.048065 0.604980 -1.502394 0.106974 -1.508525
    35 1.571289 0.000006 -0.000001 -0.060351 1.044535 -0.069431
    36 1.039063 -0.000008 0.000001 -0.009609 0.637010 -0.018240
    37 1.191406 -1.062500 -1.191406 2.688815 0.147029 -0.438545
    38 1.987305 0.000004 0.000002 0.027278 0.315271 0.098085
    39 1.217773 -0.000005 0.000003 0.021152 0.266873 -0.018769
    40 9.578125 -0.084412 -0.006874 -1.606853 -0.254477 -1.498648
    41 -0.871094 11.210938 -11.585938 0.000000 0.000000 -0.000001
    42 -2.483817 -4.552719 -2.985708 0.028456 -0.069984 -0.044350
    43 -2.964168 -15.458365 -2.980706 0.011165 -0.069984 -0.044350
    44 0.000000 0.000000 0.000000 0.000000 0.000000 0.000000
    45 0.000000 0.000000 0.000000 0.000000 0.000000 0.000000
    46 0.000000 0.000000 0.000000 0.000000 0.000000 0.000000
    47 0.000000 0.000000 0.000000 -1.570796 0.000000 0.000000
    48 0.000000 0.000000 0.000000 -1.570796 0.000000 0.000000
    49 0.000000 0.000000 0.000000 -1.570796 0.000000 0.000000
    50 0.000000 0.000000 0.000000 1.570796 0.000000 0.000000
    51 0.000000 0.000000 0.000000 1.570796 0.000000 0.000000
    52 0.000000 0.000000 0.000000 1.570796 0.000000 0.000000
    53 0.000000 0.000000 0.000000 1.570796 0.000000 0.000000
    54 0.000000 0.000000 0.000000 1.570796 0.000000 0.000000
    55 0.000000 0.000000 0.000000 1.570796 0.000000 0.000000
    56 0.000000 0.000000 0.000000 1.570796 0.000000 0.000000
    57 0.000000 0.000000 0.000000 1.570796 0.000000 0.000000
    58 0.000000 0.000000 0.000000 1.570796 0.000000 0.000000
    59 0.000000 0.000000 0.000000 1.570796 0.000000 0.000000
    60 0.000000 0.000000 0.000000 1.570796 0.000000 0.000000
    61 0.000000 0.000000 0.000000 1.570796 0.000000 0.000000
    62 0.000000 0.000001 0.000000 0.000000 0.000000 0.000000
    63 0.000000 0.000000 0.000000 0.000000 0.000000 0.000000
    64 0.000000 0.000000 0.000000 -3.141593 0.000000 0.000000
    65 0.000000 0.000000 0.000000 -1.570796 0.000000 0.000000
    66 0.000000 0.000000 0.000000 -1.570796 0.000000 0.000000
    67 0.000000 0.000000 0.000000 -1.570796 0.000000 0.000000
    68 0.000000 0.000000 0.000000 1.570796 0.000000 0.000000
    69 0.000000 0.000000 0.000000 1.570796 0.000000 0.000000
    70 0.000000 0.000000 0.000000 1.570796 0.000000 0.000000
    71 0.000000 0.000000 0.000001 1.570796 0.000000 0.000000
    72 0.000000 0.000000 0.000000 1.570796 0.000000 0.000000
    73 0.000000 0.000000 0.000000 1.570796 0.000000 0.000000
    74 0.000000 0.000000 0.000000 1.570796 0.000000 0.000000
    75 0.000000 0.000000 0.000000 1.570796 0.000000 0.000000
    76 -0.000001 0.000000 0.000000 1.570796 0.000000 0.000000
    77 0.000000 0.000000 0.000000 1.570796 0.000000 0.000000
    78 0.000000 0.000000 0.000000 1.570796 0.000000 0.000000
    79 0.000000 0.000000 0.000000 1.570796 0.000000 0.000000
  time 6
    0 -2.427996 -1.981391 -3.221871 0.010523 -0.054719 -0.037189
    1 7.196623 4.312815 -6.410477 -0.381004 0.424926 -1.104174
    2 0.000000 0.000000 0.000000 2.565295 0.339046 -0.602504
    3 10.859747 -0.000001 -0.000001 0.265086 0.007705 1.101185
    4 11.118949 -0.012917 -0.055607 -0.339018 -0.117229 -0.582317
    5 4.460938 0.096558 -1.193359 1.700635 -0.250355 0.126839
    6 1.534180 -0.000001 -0.000001 0.009042 0.848532 0.011307
    7 0.923828 0.000000 0.000000 0.002695 1.027849 0.003260
    8 4.582031 -0.205322 -0.326172 1.346533 -0.259536 0.638898
    9 1.709961 -0.000007 0.000000 3.036021 1.434016 3.039811
    10 0.998047 0.000000 0.000000 0.026837 -0.314590 -0.022355
    11 4.332031 -0.048065 0.604980 1.141283 -0.111227 1.109616
    12 1.571289 0.000003 0.000003 0.269056 1.478394 0.281975
    13 1.039063 0.000006 0.000000 0.006016 -0.410155 0.011865
    14 3.871094 0.338867 1.439453 1.121923 0.266193 1.782702
    15 1.197266 -0.000006 -0.000016 0.081066 0.567625 0.082907
    16 0.866211 0.000000 -0.000001 -0.008129 -0.487940 -0.000955
    17 1.191406 1.062500 -1.191406 3.072296 0.219014 0.151813
    18 1.987305 -0.000002 0.000000 -0.025970 0.053561 -0.091013
    19 1.217773 0.000004 0.000002 -0.020700 -0.169366 0.027834
    20 9.582013 0.082096 -0.005725 1.606357 0.223468 1.516219
    21 -1.511719 11.007813 -4.187500 1.244308 0.425693 -2.037295
    22 0.000000 0.000000 0.000000 2.833343 -0.439693 -0.400308
    23 10.859730 0.000013 -0.000005 -0.280516 0.006370 -2.215502
    24 11.118959 0.012915 -0.055609 -0.672350 -0.785386 1.316557
    25 4.462496 -0.096127 -1.190239 -1.692327 0.052480 -0.517339
    26 1.533207 0.000003 0.000000 -0.001689 0.187817 -0.007557
    27 0.922219 0.000000 0.000000 -0.000168 0.675201 -0.001706
    28 3.871094 -0.338867 1.439453 -1.480019 0.189903 -1.416936
    29 1.197266 0.000004 -0.000017 -0.127146 1.001777 -0.146524
    30 0.866211 -0.000001 -0.000003 0.009351 0.733784 0.001142
    31 4.582031 0.205322 -0.326172 -1.539698 0.007204 -1.420212
    32 1.709961 0.000006 -0.000002 -0.026879 1.095842 -0.020771
    33 0.998047 -0.000001 0.000001 -0.016608 0.557664 0.006715
    34 4.332031 0.048065 0.604980 -1.502394 0.106974 -1.508525
    35 1.571289 0.000006 -0.000001 -0.060351 1.044535 -0.069431
    36 1.039063 -0.000008 0.000001 -0.009609 0.637010 -0.018240
    37 1.191406 -1.062500 -1.191406 2.688815 0.147029 -0.438545
    38 1.987305 0.000004 0.000002 0.027278 0.315271 0.098085
    39 1.217773 -0.000005 0.000003 0.021152 0.266873 -0.018769
    40 9.578125 -0.084412 -0.006874 -1.606853 -0.254477 -1.498648
    41 -0.871094 11.210938 -11.585938 0.000000 0.000000 -0.000001
    42 -2.550226 -4.970701 -3.056022 0.015315 -0.054719 -0.037189
    43 -2.948542 -15.872440 -3.047115 0.010523 -0.054719 -0.037189
    44 0.000000 0.000000 0.000000 0.000000 0.000000 0.000000
    45 0.000000 0.000000 0.000000 0.000000 0.000000 0.000000
    46 0.000000 0.000000 0.000000 0.000000 0.000000 0.000000
    47 0.000000 0.000000 0.000000 -1.570796 0.000000 0.000000
    48 0.000000 0.000000 0.000000 -1.570796 0.000000 0.000000
    49 0.000000 0.000000 0.000000 -1.570796 0.000000 0.000000
    50 0.000000 0.000000 0.000000 1.570796 0.000000 0.000000
    51 0.000000 0.000000 0.000000 1.570796 0.000000 0.000000
    52 0.000000 0.000000 0.000000 1.570796 0.000000 0.000000
    53 0.000000 0.000000 0.000000 1.570796 0.000000 0.000000
    54 0.000000 0.000000 0.000000 1.570796 0.000000 0.000000
    55 0.000000 0.000000 0.000000 1.570796 0.000000 0.000000
    56 0.000000 0.000000 0.000000 1.570796 0.000000 0.000000
    57 0.000000 0.000000 0.000000 1.570796 0.000000 0.000000
    58 0.000000 0.000000 0.000000 1.570796 0.000000 0.000000
    59 0.000000 0.000000 0.000000 1.570796 0.000000 0.000000
    60 0.000000 0.000000 0.000000 1.570796 0.000000 0.000000
    61 0.000000 0.000000 0.000000 1.570796 0.000000 0.000000
    62 0.000000 0.000001 0.000000 0.000000 0.000000 0.000000
    63 0.000000 0.000000 0.000000 0.000000 0.000000 0.000000
    64 0.000000 0.000000 0.000000 -3.141593 0.000000 0.000000
    65 0.000000 0.000000 0.000000 -1.570796 0.000000 0.000000
    66 0.000000 0.000000 0.000000 -1.570796 0.000000 0.000000
    67 0.000000 0.000000 0.000000 -1.570796 0.000000 0.000000
    68 0.000000 0.000000 0.000000 1.570796 0.000000 0.000000
    69 0.000000 0.000000 0.000000 1.570796 0.000000 0.000000
    70 0.000000 0.000000 0.000000 1.570796 0.000000 0.000000
    71 0.000000 0.000000 0.000001 1.570796 0.000000 0.000000
    72 0.000000 0.000000 0.000000 1.570796 0.000000 0.000000
    73 0.000000 0.000000 0.000000 1.570796 0.000000 0.000000
    74 0.000000 0.000000 0.000000 1.570796 0.000000 0.000000
    75 0.000000 0.000000 0.000000 1.570796 0.000000 0.000000
    76 -0.000001 0.000000 0.000000 1.570796 0.000000 0.000000
    77 0.000000 0.000000 0.000000 1.570796 0.000000 0.000000
    78 0.000000 0.000000 0.000000 1.570796 0.000000 0.000000
    79 0.000000 0.000000 0.000000 1.570796 0.000000 0.000000
  time 7
    0 -2.638940 -2.473594 -3.401564 0.007213 -0.010291 -0.018739
    1 7.196623 4.312815 -6.410477 -0.643645 0.424926 -1.104174
    2 0.000000 0.000000 0.000000 2.713883 0.504729 -0.550620
    3 10.859747 -0.000001 -0.000001 0.264055 0.007117 1.020352
    4 11.118949 -0.012917 -0.055607 -0.302358 -0.075927 -0.518836
    5 4.460938 0.096558 -1.193359 1.700635 -0.250355 0.126839
    6 1.534180 -0.000001 -0.000001 0.009042 0.848532 0.011307
    7 0.923828 0.000000 0.000000 0.002695 1.027849 0.003260
    8 4.582031 -0.205322 -0.326172 1.346533 -0.259536 0.638898
    9 1.709961 -0.000007 0.000000 3.036021 1.434016 3.039811
    10 0.998047 0.000000 0.000000 0.026837 -0.314590 -0.022355
    11 4.332031 -0.048065 0.604980 1.141283 -0.111227 1.109616
    12 1.571289 0.000003 0.000003 0.269056 1.478394 0.281975
    13 1.039063 0.000006 0.000000 0.006016 -0.410155 0.011865
    14 3.871094 0.338867 1.439453 1.121923 0.266193 1.782702
    15 1.197266 -0.000006 -0.000016 0.081066 0.567625 0.082907
    16 0.866211 0.000000 -0.000001 -0.008129 -0.487940 -0.000955
    17 1.191406 1.062500 -1.191406 3.072296 0.219014 0.151813
    18 1.987305 -0.000002 0.000000 -0.025970 0.053561 -0.091013
    19 1.217773 0.000004 0.000002 -0.020700 -0.169366 0.027834
    20 9.582013 0.082096 -0.005725 1.605230 0.115389 1.513103
    21 -1.511719 11.007813 -4.187500 1.244308 0.425693 -2.037295
    22 0.000000 0.000000 0.000000 2.835536 -0.418957 -0.402958
    23 10.859730 0.000013 -0.000005 -0.279881 0.006826 -2.162019
    24 11.118959 0.012915 -0.055609 -0.722349 -0.766657 1.264646
    25 4.462496 -0.096127 -1.190239 -1.692327 0.052480 -0.517339
    26 1.533207 0.000003 0.000000 -0.001689 0.150425 -0.007557
    27 0.922219 0.000000 0.000000 -0.000168 0.591517 -0.001706
    28 3.871094 -0.338867 1.439453 -1.480019 0.189903 -1.416936
    29 1.197266 0.000004 -0.000017 -0.127146 1.001777 -0.146524
    30 0.866211 -0.000001 -0.000003 0.009351 0.733784 0.001142
    31 4.582031 0.205322 -0.326172 -1.539698 0.007204 -1.420212
    32 1.709961 0.000006 -0.000002 -0.026879 1.095842 -0.020771
    33 0.998047 -0.000001 0.000001 -0.016608 0.557664 0.006715
    34 4.332031 0.048065 0.604980 -1.502394 0.106974 -1.508525
    35 1.571289 0.000006 -0.000001 -0.060351 1.044535 -0.069431
    36 1.039063 -0.000008 0.000001 -0.009609 0.637010 -0.018240
    37 1.191406 -1.062500 -1.191406 2.688815 0.147029 -0.438545
    38 1.987305 0.000004 0.000002 0.027278 0.315271 0.098085
    39 1.217773 -0.000005 0.000003 0.021152 0.266873 -0.018769
    40 9.578125 -0.084412 -0.006874 -1.606853 -0.254477 -1.498648
    41 -0.871094 11.210938 -11.585938 0.000000 0.000000 -0.000001
    42 -2.702574 -5.462903 -3.227903 0.007213 -0.010291 -0.018739
    43 -2.901666 -16.372455 -3.179931 0.007213 -0.010291 -0.018739
    44 0.000000 0.000000 0.000000 0.000000 0.000000 0.000000
    45 0.000000 0.000000 0.000000 0.000000 0.000000 0.000000
    46 0.000000 0.000000 0.000000 0.000000 0.000000 0.000000
    47 0.000000 0.000000 0.000000 -1.570796 0.000000 0.000000
    48 0.000000 0.000000 0.000000 -1.570796 0.000000 0.000000
    49 0.000000 0.000000 0.000000 -1.570796 0.000000 0.000000
    50 0.000000 0.000000 0.000000 1.570796 0.000000 0.000000
    51 0.000000 0.000000 0.000000 1.570796 0.000000 0.000000
    52 0.000000 0.000000 0.000000 1.570796 0.000000 0.000000
    53 0.000000 0.000000 0.000000 1.570796 0.000000 0.000000
    54 0.000000 0.000000 0.000000 1.570796 0.000000 0.000000
    55 0.000000 0.000000 0.000000 1.570796 0.000000 0.000000
    56 0.000000 0.000000 0.000000 1.570796 0.000000 0.000000
    57 0.000000 0.000000 0.000000 1.570796 0.000000 0.000000
    58 0.000000 0.000000 0.000000 1.570796 0.000000 0.000000
    59 0.000000 0.000000 0.000000 1.570796 0.000000 0.000000
    60 0.000000 0.000000 0.000000 1.570796 0.000000 0.000000
    61 0.000000 0.000000 0.000000 1.570796 0.000000 0.000000
    62 0.000000 0.000001 0.000000 0.000000 0.000000 0.000000
    63 0.000000 0.000000 0.000000 0.000000 0.000000 0.000000
    64 0.000000 0.000000 0.000000 -3.141593 0.000000 0.000000
    65 0.000000 0.000000 0.000000 -1.570796 0.000000 0.000000
    66 0.000000 0.000000 0.000000 -1.570796 0.000000 0.000000
    67 0.000000 0.000000 0.000000 -1.570796 0.000000 0.000000
    68 0.000000 0.000000 0.000000 1.570796 0.000000 0.000000
    69 0.000000 0.000000 0.000000 1.570796 0.000000 0.000000
    70 0.000000 0.000000 0.000000 1.570796 0.000000 0.000000
    71 0.000000 0.000000 0.000001 1.570796 0.000000 0.000000
    72 0.000000 0.000000 0.000000 1.570796 0.000000 0.000000
    73 0.000000 0.000000 0.000000 1.570796 0.000000 0.000000
    74 0.000000 0.000000 0.000000 1.570796 0.000000 0.000000
    75 0.000000 0.000000 0.000000 1.570796 0.000000 0.000000
    76 -0.000001 0.000000 0.000000 1.570796 0.000000 0.000000
    77 0.000000 0.000000 0.000000 1.570796 0.000000 0.000000
    78 0.000000 0.000000 0.000000 1.570796 0.000000 0.000000
    79 0.000000 0.000000 0.000000 1.570796 0.000000 0.000000
  time 8
    0 -2.892854 -2.946264 -3.616414 -0.000247 0.061326 0.005355
    1 7.196623 4.312815 -6.410477 -0.984476 0.424926 -1.104174
    2 0.000000 0.000000 0.000000 2.913727 0.718486 -0.399055
    3 10.859747 -0.000001 -0.000001 0.263049 0.006434 0.934225
    4 11.118949 -0.012917 -0.055607 -0.220171 -0.022165 -0.433138
    5 4.460938 0.096558 -1.193359 1.700635 -0.250355 0.126839
    6 1.534180 -0.000001 -0.000001 0.009042 0.848532 0.011307
    7 0.923828 0.000000 0.000000 0.002695 1.027849 0.003260
    8 4.582031 -0.205322 -0.326172 1.346533 -0.259536 0.638898
    9 1.709961 -0.000007 0.000000 3.036021 1.434016 3.039811
    10 0.998047 0.000000 0.000000 0.026837 -0.314590 -0.022355
    11 4.332031 -0.048065 0.604980 1.141283 -0.111227 1.109616
    12 1.571289 0.000003 0.000003 0.269056 1.478394 0.281975
    13 1.039063 0.000006 0.000000 0.006016 -0.410155 0.011865
    14 3.871094 0.338867 1.439453 1.121923 0.266193 1.782702
    15 1.197266 -0.000006 -0.000016 0.081066 0.567625 0.082907
    16 0.866211 0.000000 -0.000001 -0.008129 -0.487940 -0.000955
    17 1.191406 1.062500 -1.191406 3.072296 0.219014 0.151813
    18 1.987305 -0.000002 0.000000 -0.025970 0.053561 -0.091013
    19 1.217773 0.000004 0.000002 -0.020700 -0.169366 0.027834
    20 9.582013 0.082096 -0.005725 1.604895 -0.013702 1.508596
    21 -1.511719 11.007813 -4.187500 1.244308 0.425693 -2.037295
    22 0.000000 0.000000 0.000000 2.841397 -0.399096 -0.406883
    23 10.859730 0.000013 -0.000005 -0.279234 0.007221 -2.108020
    24 11.118959 0.012915 -0.055609 -0.800121 -0.742425 1.209414
    25 4.462496 -0.096127 -1.190239 -1.691356 0.054110 -0.502898
    26 1.533207 0.000003 0.000000 -0.001689 0.117863 -0.007557
    27 0.922219 0.000000 0.000000 -0.000168 0.493323 -0.001706
    28 3.871094 -0.338867 1.439453 -1.480019 0.189903 -1.416936
    29 1.197266 0.000004 -0.000017 -0.127146 1.001777 -0.146524
    30 0.866211 -0.000001 -0.000003 0.009351 0.733784 0.001142
    31 4.582031 0.205322 -0.326172 -1.539698 0.007204 -1.420212
    32 1.709961 0.000006 -0.000002 -0.026879 1.095842 -0.020771
    33 0.998047 -0.000001 0.000001 -0.016608 0.557664 0.006715
    34 4.332031 0.048065 0.604980 -1.502394 0.106974 -1.508525
    35 1.571289 0.000006 -0.000001 -0.060351 1.044535 -0.069431
    36 1.039063 -0.000008 0.000001 -0.009609 0.637010 -0.018240
    37 1.191406 -1.062500 -1.191406 2.688815 0.147029 -0.438545
    38 1.987305 0.000004 0.000002 0.027278 0.315271 0.098085
    39 1.217773 -0.000005 0.000003 0.021152 0.266873 -0.018769
    40 9.578125 -0.084412 -0.006874 -1.606853 -0.254477 -1.498648
    41 -0.871094 11.210938 -11.585938 0.000000 0.000000 -0.000001
    42 -2.874454 -5.935574 -3.423221 -0.000247 0.061326 0.005355
    43 -2.804007 -16.845126 -3.289310 -0.000247 0.061326 0.005355
    44 0.000000 0.000000 0.000000 0.000000 0.000000 0.000000
    45 0.000000 0.000000 0.000000 0.000000 0.000000 0.000000
    46 0.000000 0.000000 0.000000 0.000000 0.000000 0.000000
    47 0.000000 0.000000 0.000000 -1.570796 0.000000 0.000000
    48 0.000000 0.000000 0.000000 -1.570796 0.000000 0.000000
    49 0.000000 0.000000 0.000000 -1.570796 0.000000 0.000000
    50 0.000000 0.000000 0.000000 1.570796 0.000000 0.000000
    51 0.000000 0.000000 0.000000 1.570796 0.000000 0.000000
    52 0.000000 0.000000 0.000000 1.570796 0.000000 0.000000
    53 0.000000 0.000000 0.000000 1.570796 0.000000 0.000000
    54 0.000000 0.000000 0.000000 1.570796 0.000000 0.000000
    55 0.000000 0.000000 0.000000 1.570796 0.000000 0.000000
    56 0.000000 0.000000 0.000000 1.570796 0.000000 0.000000
    57 0.000000 0.000000 0.000000 1.570796 0.000000 0.000000
    58 0.000000 0.000000 0.000000 1.570796 0.000000 0.000000
    59 0.000000 0.000000 0.000000 1.570796 0.000000 0.000000
    60 0.000000 0.000000 0.000000 1.570796 0.000000 0.000000
    61 0.000000 0.000000 0.000000 1.570796 0.000000 0.000000
    62 0.000000 0.000001 0.000000 0.000000 0.000000 0.000000
    63 0.000000 0.000000 0.000000 0.000000 0.000000 0.000000
    64 0.000000 0.000000 0.000000 -3.141593 0.000000 0.000000
    65 0.000000 0.000000 0.000000 -1.570796 0.000000 0.000000
    66 0.000000 0.000000 0.000000 -1.570796 0.000000 0.000000
    67 0.000000 0.000000 0.000000 -1.570796 0.000000 0.000000
    68 0.000000 0.000000 0.000000 1.570796 0.000000 0.000000
    69 0.000000 0.000000 0.000000 1.570796 0.000000 0.000000
    70 0.000000 0.000000 0.000000 1.570796 0.000000 0.000000
    71 0.000000 0.000000 0.000001 1.570796 0.000000 0.000000
    72 0.000000 0.000000 0.000000 1.570796 0.000000 0.000000
    73 0.000000 0.000000 0.000000 1.570796 0.000000 0.000000
    74 0.000000 0.000000 0.000000 1.570796 0.000000 0.000000
    75 0.000000 0.000000 0.000000 1.570796 0.000000 0.000000
    76 -0.000001 0.000000 0.000000 1.570796 0.000000 0.000000
    77 0.000000 0.000000 0.000000 1.570796 0.000000 0.000000
    78 0.000000 0.000000 0.000000 1.570796 0.000000 0.000000
    79 0.000000 0.000000 0.000000 1.570796 0.000000 0.000000
  time 9
    0 -3.103798 -3.305650 -3.800013 -0.014080 0.158346 0.030039
    1 7.196623 4.312815 -6.410477 -1.324615 0.424926 -1.104174
    2 0.000000 0.000000 0.000000 3.172813 0.886732 -0.108079
    3 10.859747 -0.000001 -0.000001 0.262222 0.005775 0.862081
    4 11.118949 -0.012917 -0.055607 -0.110012 0.024404 -0.329113
    5 4.460938 0.096558 -1.193359 1.700635 -0.250355 0.126839
    6 1.534180 -0.000001 -0.000001 0.009042 0.848532 0.011307
    7 0.923828 0.000000 0.000000 0.002695 1.027849 0.003260
    8 4.582031 -0.205322 -0.326172 1.346533 -0.259536 0.638898
    9 1.709961 -0.000007 0.000000 3.036021 1.434016 3.039811
    10 0.998047 0.000000 0.000000 0.026837 -0.314590 -0.022355
    11 4.332031 -0.048065 0.604980 1.141283 -0.111227 1.109616
    12 1.571289 0.000003 0.000003 0.269056 1.478394 0.281975
    13 1.039063 0.000006 0.000000 0.006016 -0.410155 0.011865
    14 3.871094 0.338867 1.439453 1.121923 0.266193 1.782702
    15 1.197266 -0.000006 -0.000016 0.081066 0.567625 0.082907
    16 0.866211 0.000000 -0.000001 -0.008129 -0.487940 -0.000955
    17 1.191406 1.062500 -1.191406 3.072296 0.219014 0.151813
    18 1.987305 -0.000002 0.000000 -0.025970 0.053561 -0.091013
    19 1.217773 0.000004 0.000002 -0.020700 -0.169366 0.027834
    20 9.582013 0.082096 -0.005725 1.605602 -0.121876 1.504018
    21 -1.511719 11.007813 -4.187500 1.244308 0.425693 -2.037295
    22 0.000000 0.000000 0.000000 2.846035 -0.384563 -0.407900
    23 10.859730 0.000013 -0.000005 -0.278707 0.007533 -2.066101
    24 11.118959 0.012915 -0.055609 -0.897852 -0.711360 1.163264
    25 4.462496 -0.096127 -1.190239 -1.688851 0.058328 -0.465661
    26 1.533207 0.000003 0.000000 -0.001689 0.084030 -0.007557
    27 0.922219 0.000000 0.000000 -0.000168 0.370438 -0.001706
    28 3.871094 -0.338867 1.439453 -1.480019 0.189903 -1.416936
    29 1.197266 0.000004 -0.000017 -0.127146 1.001777 -0.146524
    30 0.866211 -0.000001 -0.000003 0.009351 0.733784 0.001142
    31 4.582031 0.205322 -0.326172 -1.539698 0.007204 -1.420212
    32 1.709961 0.000006 -0.000002 -0.026879 1.095842 -0.020771
    33 0.998047 -0.000001 0.000001 -0.016608 0.557664 0.006715
    34 4.332031 0.048065 0.604980 -1.502394 0.106974 -1.508525
    35 1.571289 0.000006 -0.000001 -0.060351 1.044535 -0.069431
    36 1.039063 -0.000008 0.000001 -0.009609 0.637010 -0.018240
    37 1.191406 -1.062500 -1.191406 2.688815 0.147029 -0.438545
    38 1.987305 0.000004 0.000002 0.027278 0.315271 0.098085
    39 1.217773 -0.000005 0.000003 0.021152 0.266873 -0.018769
    40 9.578125 -0.084412 -0.006874 -1.606853 -0.254477 -1.498648
    41 -0.871094 11.210938 -11.585938 0.000000 0.000000 -0.000001
    42 -2.987739 -6.287147 -3.563850 -0.014080 0.158346 0.030039
    43 -2.612595 -17.188886 -3.285403 -0.014080 0.158346 0.030039
    44 0.000000 0.000000 0.000000 0.000000 0.000000 0.000000
    45 0.000000 0.000000 0.000000 0.000000 0.000000 0.000000
    46 0.000000 0.000000 0.000000 0.000000 0.000000 0.000000
    47 0.000000 0.000000 0.000000 -1.570796 0.000000 0.000000
    48 0.000000 0.000000 0.000000 -1.570796 0.000000 0.000000
    49 0.000000 0.000000 0.000000 -1.570796 0.000000 0.000000
    50 0.000000 0.000000 0.000000 1.570796 0.000000 0.000000
    51 0.000000 0.000000 0.000000 1.570796 0.000000 0.000000
    52 0.000000 0.000000 0.000000 1.570796 0.000000 0.000000
    53 0.000000 0.000000 0.000000 1.570796 0.000000 0.000000
    54 0.000000 0.000000 0.000000 1.570796 0.000000 0.000000
    55 0.000000 0.000000 0.000000 1.570796 0.000000 0.000000
    56 0.000000 0.000000 0.000000 1.570796 0.000000 0.000000
    57 0.000000 0.000000 0.000000 1.570796 0.000000 0.000000
    58 0.000000 0.000000 0.000000 1.570796 0.000000 0.000000
    59 0.000000 0.000000 0.000000 1.570796 0.000000 0.000000
    60 0.000000 0.000000 0.000000 1.570796 0.000000 0.000000
    61 0.000000 0.000000 0.000000 1.570796 0.000000 0.000000
    62 0.000000 0.000001 0.000000 0.000000 0.000000 0.000000
    63 0.000000 0.000000 0.000000 0.000000 0.000000 0.000000
    64 0.000000 0.000000 0.000000 -3.141593 0.000000 0.000000
    65 0.000000 0.000000 0.000000 -1.570796 0.000000 0.000000
    66 0.000000 0.000000 0.000000 -1.570796 0.000000 0.000000
    67 0.000000 0.000000 0.000000 -1.570796 0.000000 0.000000
    68 0.000000 0.000000 0.000000 1.570796 0.000000 0.000000
    69 0.000000 0.000000 0.000000 1.570796 0.000000 0.000000
    70 0.000000 0.000000 0.000000 1.570796 0.000000 0.000000
    71 0.000000 0.000000 0.000001 1.570796 0.000000 0.000000
    72 0.000000 0.000000 0.000000 1.570796 0.000000 0.000000
    73 0.000000 0.000000 0.000000 1.570796 0.000000 0.000000
    74 0.000000 0.000000 0.000000 1.570796 0.000000 0.000000
    75 0.000000 0.000000 0.000000 1.570796 0.000000 0.000000
    76 -0.000001 0.000000 0.000000 1.570796 0.000000 0.000000
    77 0.000000 0.000000 0.000000 1.570796 0.000000 0.000000
    78 0.000000 0.000000 0.000000 1.570796 0.000000 0.000000
    79 0.000000 0.000000 0.000000 1.570796 0.000000 0.000000
  time 10
    0 -3.193645 -3.446280 -3.874234 -0.035718 0.278720 0.049921
    1 7.196623 4.312815 -6.410477 -1.584966 0.424926 -1.104174
    2 0.000000 0.000000 0.000000 3.433012 0.945305 0.223500
    3 10.859747 -0.000001 -0.000001 0.261874 0.005499 0.831670
    4 11.118949 -0.012917 -0.055607 -0.033895 0.051635 -0.229887
    5 4.460938 0.096558 -1.193359 1.700635 -0.250355 0.126839
    6 1.534180 -0.000001 -0.000001 0.009042 0.848532 0.011307
    7 0.923828 0.000000 0.000000 0.002695 1.027849 0.003260
    8 4.582031 -0.205322 -0.326172 1.346533 -0.259536 0.638898
    9 1.709961 -0.000007 0.000000 3.036021 1.434016 3.039811
    10 0.998047 0.000000 0.000000 0.026837 -0.314590 -0.022355
    11 4.332031 -0.048065 0.604980 1.141283 -0.111227 1.109616
    12 1.571289 0.000003 0.000003 0.269056 1.478394 0.281975
    13 1.039063 0.000006 0.000000 0.006016 -0.410155 0.011865
    14 3.871094 0.338867 1.439453 1.121923 0.266193 1.782702
    15 1.197266 -0.000006 -0.000016 0.081066 0.567625 0.082907
    16 0.866211 0.000000 -0.000001 -0.008129 -0.487940 -0.000955
    17 1.191406 1.062500 -1.191406 3.072296 0.219014 0.151813
    18 1.987305 -0.000002 0.000000 -0.025970 0.053561 -0.091013
    19 1.217773 0.000004 0.000002 -0.020700 -0.169366 0.027834
    20 9.582013 0.082096 -0.005725 1.606201 -0.167252 1.501837
    21 -1.511719 11.007813 -4.187500 1.244308 0.425693 -2.037295
    22 0.000000 0.000000 0.000000 2.845387 -0.380055 -0.404592
    23 10.859730 0.000013 -0.000005 -0.278491 0.007629 -2.049979
    24 11.118959 0.012915 -0.055609 -1.007528 -0.673017 1.136292
    25 4.462496 -0.096127 -1.190239 -1.685400 0.064129 -0.414739
    26 1.533207 0.000003 0.000000 -0.001689 0.051217 -0.007557
    27 0.922219 0.000000 0.000000 -0.000168 0.237391 -0.001706
    28 3.871094 -0.338867 1.439453 -1.480019 0.189903 -1.416936
    29 1.197266 0.000004 -0.000017 -0.127146 1.001777 -0.146524
    30 0.866211 -0.000001 -0.000003 0.009351 0.733784 0.001142
    31 4.582031 0.205322 -0.326172 -1.539698 0.007204 -1.420212
    32 1.709961 0.000006 -0.000002 -0.026879 1.095842 -0.020771
    33 0.998047 -0.000001 0.000001 -0.016608 0.557664 0.006715
    34 4.332031 0.048065 0.604980 -1.502394 0.106974 -1.508525
    35 1.571289 0.000006 -0.000001 -0.060351 1.044535 -0.069431
    36 1.039063 -0.000008 0.000001 -0.009609 0.637010 -0.018240
    37 1.191406 -1.062500 -1.191406 2.688815 0.147029 -0.438545
    38 1.987305 0.000004 0.000002 0.027278 0.315271 0.098085
    39 1.217773 -0.000005 0.000003 0.021152 0.266873 -0.018769
    40 9.578125 -0.084412 -0.006874 -1.606853 -0.254477 -1.498648
    41 -0.871094 11.210938 -11.585938 0.000000 0.000000 -0.000001
    42 -2.972114 -6.416057 -3.579476 -0.035718 0.278720 0.049921
    43 -2.284460 -17.298265 -3.093991 -0.035718 0.278720 0.049921
    44 0.000000 0.000000 0.000000 0.000000 0.000000 0.000000
    45 0.000000 0.000000 0.000000 0.000000 0.000000 0.000000
    46 0.000000 0.000000 0.000000 0.000000 0.000000 0.000000
    47 0.000000 0.000000 0.000000 -1.570796 0.000000 0.000000
    48 0.000000 0.000000 0.000000 -1.570796 0.000000 0.000000
    49 0.000000 0.000000 0.000000 -1.570796 0.000000 0.000000
    50 0.000000 0.000000 0.000000 1.570796 0.000000 0.000000
    51 0.000000 0.000000 0.000000 1.570796 0.000000 0.000000
    52 0.000000 0.000000 0.000000 1.570796 0.000000 0.000000
    53 0.000000 0.000000 0.000000 1.570796 0.000000 0.000000
    54 0.000000 0.000000 0.000000 1.570796 0.000000 0.000000
    55 0.000000 0.000000 0.000000 1.570796 0.000000 0.000000
    56 0.000000 0.000000 0.000000 1.570796 0.000000 0.000000
    57 0.000000 0.000000 0.000000 1.570796 0.000000 0.000000
    58 0.000000 0.000000 0.000000 1.570796 0.000000 0.000000
    59 0.000000 0.000000 0.000000 1.570796 0.000000 0.000000
    60 0.000000 0.000000 0.000000 1.570796 0.000000 0.000000
    61 0.000000 0.000000 0.000000 1.570796 0.000000 0.000000
    62 0.000000 0.000001 0.000000 0.000000 0.000000 0.000000
    63 0.000000 0.000000 0.000000 0.000000 0.000000 0.000000
    64 0.000000 0.000000 0.000000 -3.141593 0.000000 0.000000
    65 0.000000 0.000000 0.000000 -1.570796 0.000000 0.000000
    66 0.000000 0.000000 0.000000 -1.570796 0.000000 0.000000
    67 0.000000 0.000000 0.000000 -1.570796 0.000000 0.000000
    68 0.000000 0.000000 0.000000 1.570796 0.000000 0.000000
    69 0.000000 0.000000 0.000000 1.570796 0.000000 0.000000
    70 0.000000 0.000000 0.000000 1.570796 0.000000 0.000000
    71 0.000000 0.000000 0.000001 1.570796 0.000000 0.000000
    72 0.000000 0.000000 0.000000 1.570796 0.000000 0.000000
    73 0.000000 0.000000 0.000000 1.570796 0.000000 0.000000
    74 0.000000 0.000000 0.000000 1.570796 0.000000 0.000000
    75 0.000000 0.000000 0.000000 1.570796 0.000000 0.000000
    76 -0.000001 0.000000 0.000000 1.570796 0.000000 0.000000
    77 0.000000 0.000000 0.000000 1.570796 0.000000 0.000000
    78 0.000000 0.000000 0.000000 1.570796 0.000000 0.000000
    79 0.000000 0.000000 0.000000 1.570796 0.000000 0.000000
  time 11
    0 -3.166300 -3.407216 -3.839077 -0.099645 0.463230 0.060957
    1 7.196623 4.312815 -6.410477 -1.762226 0.424926 -1.104174
    2 0.000000 0.000000 0.000000 3.606043 0.941570 0.453763
    3 10.859747 -0.000001 -0.000001 0.261994 0.005583 0.841279
    4 11.118949 -0.012917 -0.055607 -0.045500 0.080826 -0.115470
    5 4.460938 0.096558 -1.193359 1.700635 -0.250355 0.126839
    6 1.534180 -0.000001 -0.000001 0.009042 0.848532 0.011307
    7 0.923828 0.000000 0.000000 0.002695 1.027849 0.003260
    8 4.582031 -0.205322 -0.326172 1.346533 -0.259536 0.638898
    9 1.709961 -0.000007 0.000000 3.036021 1.434016 3.039811
    10 0.998047 0.000000 0.000000 0.026837 -0.314590 -0.022355
    11 4.332031 -0.048065 0.604980 1.141283 -0.111227 1.109616
    12 1.571289 0.000003 0.000003 0.269056 1.478394 0.281975
    13 1.039063 0.000006 0.000000 0.006016 -0.410155 0.011865
    14 3.871094 0.338867 1.439453 1.121923 0.266193 1.782702
    15 1.197266 -0.000006 -0.000016 0.081066 0.567625 0.082907
    16 0.866211 0.000000 -0.000001 -0.008129 -0.487940 -0.000955
    17 1.191406 1.062500 -1.191406 3.072296 0.219014 0.151813
    18 1.987305 -0.000002 0.000000 -0.025970 0.053561 -0.091013
    19 1.217773 0.000004 0.000002 -0.020700 -0.169366 0.027834
    20 9.582013 0.082096 -0.005725 1.606141 -0.158110 1.502197
    21 -1.511719 11.007813 -4.187500 1.244308 0.425693 -2.037295
    22 0.000000 0.000000 0.000000 2.840594 -0.381199 -0.404692
    23 10.859730 0.000013 -0.000005 -0.278623 0.007581 -2.058878
    24 11.118959 0.012915 -0.055609 -1.150370 -0.597440 1.089802
    25 4.462496 -0.096127 -1.190239 -1.681649 0.070433 -0.359238
    26 1.533207 0.000003 0.000000 -0.001689 0.021711 -0.007557
    27 0.922219 0.000000 0.000000 -0.000168 0.108647 -0.001706
    28 3.871094 -0.338867 1.439453 -1.480019 0.189903 -1.416936
    29 1.197266 0.000004 -0.000017 -0.127146 1.001777 -0.146524
    30 0.866211 -0.000001 -0.000003 0.009351 0.733784 0.001142
    31 4.582031 0.205322 -0.326172 -1.539698 0.007204 -1.420212
    32 1.709961 0.000006 -0.000002 -0.026879 1.095842 -0.020771
    33 0.998047 -0.000001 0.000001 -0.016608 0.557664 0.006715
    34 4.332031 0.048065 0.604980 -1.502394 0.106974 -1.508525
    35 1.571289 0.000006 -0.000001 -0.060351 1.044535 -0.069431
    36 1.039063 -0.000008 0.000001 -0.009609 0.637010 -0.018240
    37 1.191406 -1.062500 -1.191406 2.688815 0.147029 -0.438545
    38 1.987305 0.000004 0.000002 0.027278 0.315271 0.098085
    39 1.217773 -0.000005 0.000003 0.021152 0.266873 -0.018769
    40 9.578125 -0.084412 -0.006874 -1.606853 -0.254477 -1.498648
    41 -0.871094 11.210938 -11.585938 0.000000 0.000000 -0.000001
    42 -2.776795 -6.341836 -3.399783 -0.099645 0.463230 0.060957
    43 -1.569594 -17.138104 -2.324436 -0.099645 0.463230 0.060957
    44 0.000000 0.000000 0.000000 0.000000 0.000000 0.000000
    45 0.000000 0.000000 0.000000 0.000000 0.000000 0.000000
    46 0.000000 0.000000 0.000000 0.000000 0.000000 0.000000
    47 0.000000 0.000000 0.000000 -1.570796 0.000000 0.000000
    48 0.000000 0.000000 0.000000 -1.570796 0.000000 0.000000
    49 0.000000 0.000000 0.000000 -1.570796 0.000000 0.000000
    50 0.000000 0.000000 0.000000 1.570796 0.000000 0.000000
    51 0.000000 0.000000 0.000000 1.570796 0.000000 0.000000
    52 0.000000 0.000000 0.000000 1.570796 0.000000 0.000000
    53 0.000000 0.000000 0.000000 1.570796 0.000000 0.000000
    54 0.000000 0.000000 0.000000 1.570796 0.000000 0.000000
    55 0.000000 0.000000 0.000000 1.570796 0.000000 0.000000
    56 0.000000 0.000000 0.000000 1.570796 0.000000 0.000000
    57 0.000000 0.000000 0.000000 1.570796 0.000000 0.000000
    58 0.000000 0.000000 0.000000 1.570796 0.000000 0.000000
    59 0.000000 0.000000 0.000000 1.570796 0.000000 0.000000
    60 0.000000 0.000000 0.000000 1.570796 0.000000 0.000000
    61 0.000000 0.000000 0.000000 1.570796 0.000000 0.000000
    62 0.000000 0.000001 0.000000 0.000000 0.000000 0.000000
    63 0.000000 0.000000 0.000000 0.000000 0.000000 0.000000
    64 0.000000 0.000000 0.000000 -3.141593 0.000000 0.000000
    65 0.000000 0.000000 0.000000 -1.570796 0.000000 0.000000
    66 0.000000 0.000000 0.000000 -1.570796 0.000000 0.000000
    67 0.000000 0.000000 0.000000 -1.570796 0.000000 0.000000
    68 0.000000 0.000000 0.000000 1.570796 0.000000 0.000000
    69 0.000000 0.000000 0.000000 1.570796 0.000000 0.000000
    70 0.000000 0.000000 0.000000 1.570796 0.000000 0.000000
    71 0.000000 0.000000 0.000001 1.570796 0.000000 0.000000
    72 0.000000 0.000000 0.000000 1.570796 0.000000 0.000000
    73 0.000000 0.000000 0.000000 1.570796 0.000000 0.000000
    74 0.000000 0.000000 0.000000 1.570796 0.000000 0.000000
    75 0.000000 0.000000 0.000000 1.570796 0.000000 0.000000
    76 -0.000001 0.000000 0.000000 1.570796 0.000000 0.000000
    77 0.000000 0.000000 0.000000 1.570796 0.000000 0.000000
    78 0.000000 0.000000 0.000000 1.570796 0.000000 0.000000
    79 0.000000 0.000000 0.000000 1.570796 0.000000 0.000000
  time 12
    0 -3.099892 -3.313463 -3.757043 -0.214012 0.713205 0.066433
    1 7.196623 4.312815 -6.410477 -1.900071 0.424926 -1.104174
    2 0.000000 0.000000 0.000000 3.726850 0.906183 0.620642
    3 10.859747 -0.000001 -0.000001 0.262785 0.006243 0.911392
    4 11.118949 -0.012917 -0.055607 -0.120784 0.132540 0.006541
    5 4.460938 0.096558 -1.193359 1.700635 -0.250355 0.126839
    6 1.534180 -0.000001 -0.000001 0.009042 0.848532 0.011307
    7 0.923828 0.000000 0.000000 0.002695 1.027849 0.003260
    8 4.582031 -0.205322 -0.326172 1.346533 -0.259536 0.638898
    9 1.709961 -0.000007 0.000000 3.036021 1.434016 3.039811
    10 0.998047 0.000000 0.000000 0.026837 -0.314590 -0.022355
    11 4.332031 -0.048065 0.604980 1.141283 -0.111227 1.109616
    12 1.571289 0.000003 0.000003 0.269056 1.478394 0.281975
    13 1.039063 0.000006 0.000000 0.006016 -0.410155 0.011865
    14 3.871094 0.338867 1.439453 1.121923 0.266193 1.782702
    15 1.197266 -0.000006 -0.000016 0.081066 0.567625 0.082907
    16 0.866211 0.000000 -0.000001 -0.008129 -0.487940 -0.000955
    17 1.191406 1.062500 -1.191406 3.072296 0.219014 0.151813
    18 1.987305 -0.000002 0.000000 -0.025970 0.053561 -0.091013
    19 1.217773 0.000004 0.000002 -0.020700 -0.169366 0.027834
    20 9.582013 0.082096 -0.005725 1.605997 -0.136475 1.503012
    21 -1.511719 11.007813 -4.187500 1.244308 0.425693 -2.037295
    22 0.000000 0.000000 0.000000 2.842703 -0.381643 -0.413359
    23 10.859730 0.000013 -0.000005 -0.278791 0.007485 -2.072206
    24 11.118959 0.012915 -0.055609 -1.331518 -0.512480 0.975612
    25 4.462496 -0.096127 -1.190239 -1.678197 0.076209 -0.308328
    26 1.533207 0.000003 0.000000 -0.001689 -0.002223 -0.007557
    27 0.922219 0.000000 0.000000 -0.000168 -0.001264 -0.001706
    28 3.871094 -0.338867 1.439453 -1.480019 0.189903 -1.416936
    29 1.197266 0.000004 -0.000017 -0.127146 1.001777 -0.146524
    30 0.866211 -0.000001 -0.000003 0.009351 0.733784 0.001142
    31 4.582031 0.205322 -0.326172 -1.539698 0.007204 -1.420212
    32 1.709961 0.000006 -0.000002 -0.026879 1.095842 -0.020771
    33 0.998047 -0.000001 0.000001 -0.016608 0.557664 0.006715
    34 4.332031 0.048065 0.604980 -1.502394 0.106974 -1.508525
    35 1.571289 0.000006 -0.000001 -0.060351 1.044535 -0.069431
    36 1.039063 -0.000008 0.000001 -0.009609 0.637010 -0.018240
    37 1.191406 -1.062500 -1.191406 2.688815 0.147029 -0.438545
    38 1.987305 0.000004 0.000002 0.027278 0.315271 0.098085
    39 1.217773 -0.000005 0.000003 0.021152 0.266873 -0.018769
    40 9.578125 -0.084412 -0.006874 -1.606853 -0.254477 -1.498648
    41 -0.871094 11.210938 -11.585938 0.000000 0.000000 -0.000001
    42 -2.378345 -6.146518 -3.134150 -0.214012 0.713205 0.066433
    43 -0.077361 -16.653714 -1.293155 -0.214012 0.713205 0.066433
    44 0.000000 0.000000 0.000000 0.000000 0.000000 0.000000
    45 0.000000 0.000000 0.000000 0.000000 0.000000 0.000000
    46 0.000000 0.000000 0.000000 0.000000 0.000000 0.000000
    47 0.000000 0.000000 0.000000 -1.570796 0.000000 0.000000
    48 0.000000 0.000000 0.000000 -1.570796 0.000000 0.000000
    49 0.000000 0.000000 0.000000 -1.570796 0.000000 0.000000
    50 0.000000 0.000000 0.000000 1.570796 0.000000 0.000000
    51 0.000000 0.000000 0.000000 1.570796 0.000000 0.000000
    52 0.000000 0.000000 0.000000 1.570796 0.000000 0.000000
    53 0.000000 0.000000 0.000000 1.570796 0.000000 0.000000
    54 0.000000 0.000000 0.000000 1.570796 0.000000 0.000000
    55 0.000000 0.000000 0.000000 1.570796 0.000000 0.000000
    56 0.000000 0.000000 0.000000 1.570796 0.000000 0.000000
    57 0.000000 0.000000 0.000000 1.570796 0.000000 0.000000
    58 0.000000 0.000000 0.000000 1.570796 0.000000 0.000000
    59 0.000000 0.000000 0.000000 1.570796 0.000000 0.000000
    60 0.000000 0.000000 0.000000 1.570796 0.000000 0.000000
    61 0.000000 0.000000 0.000000 1.570796 0.000000 0.000000
    62 0.000000 0.000001 0.000000 0.000000 0.000000 0.000000
    63 0.000000 0.000000 0.000000 0.000000 0.000000 0.000000
    64 0.000000 0.000000 0.000000 -3.141593 0.000000 0.000000
    65 0.000000 0.000000 0.000000 -1.570796 0.000000 0.000000
    66 0.000000 0.000000 0.000000 -1.570796 0.000000 0.000000
    67 0.000000 0.000000 0.000000 -1.570796 0.000000 0.000000
    68 0.000000 0.000000 0.000000 1.570796 0.000000 0.000000
    69 0.000000 0.000000 0.000000 1.570796 0.000000 0.000000
    70 0.000000 0.000000 0.000000 1.570796 0.000000 0.000000
    71 0.000000 0.000000 0.000001 1.570796 0.000000 0.000000
    72 0.000000 0.000000 0.000000 1.570796 0.000000 0.000000
    73 0.000000 0.000000 0.000000 1.570796 0.000000 0.000000
    74 0.000000 0.000000 0.000000 1.570796 0.000000 0.000000
    75 0.000000 0.000000 0.000000 1.570796 0.000000 0.000000
    76 -0.000001 0.000000 0.000000 1.570796 0.000000 0.000000
    77 0.000000 0.000000 0.000000 1.570796 0.000000 0.000000
    78 0.000000 0.000000 0.000000 1.570796 0.000000 0.000000
    79 0.000000 0.000000 0.000000 1.570796 0.000000 0.000000
  time 13
    0 -3.013952 -3.180646 -3.651571 -0.341668 0.967470 0.072920
    1 7.196623 4.312815 -6.410477 -1.989447 0.424926 -1.104174
    2 0.000000 0.000000 0.000000 3.846011 0.827850 0.790846
    3 10.859747 -0.000001 -0.000001 0.265146 0.007729 1.104578
    4 11.118949 -0.012917 -0.055607 -0.215350 0.217278 0.068396
    5 4.460938 0.096558 -1.193359 1.700635 -0.250355 0.126839
    6 1.534180 -0.000001 -0.000001 0.009042 0.848532 0.011307
    7 0.923828 0.000000 0.000000 0.002695 1.027849 0.003260
    8 4.582031 -0.205322 -0.326172 1.346533 -0.259536 0.638898
    9 1.709961 -0.000007 0.000000 3.036021 1.434016 3.039811
    10 0.998047 0.000000 0.000000 0.026837 -0.314590 -0.022355
    11 4.332031 -0.048065 0.604980 1.141283 -0.111227 1.109616
    12 1.571289 0.000003 0.000003 0.269056 1.478394 0.281975
    13 1.039063 0.000006 0.000000 0.006016 -0.410155 0.011865
    14 3.871094 0.338867 1.439453 1.121923 0.266193 1.782702
    15 1.197266 -0.000006 -0.000016 0.081066 0.567625 0.082907
    16 0.866211 0.000000 -0.000001 -0.008129 -0.487940 -0.000955
    17 1.191406 1.062500 -1.191406 3.072296 0.219014 0.151813
    18 1.987305 -0.000002 0.000000 -0.025970 0.053561 -0.091013
    19 1.217773 0.000004 0.000002 -0.020700 -0.169366 0.027834
    20 9.582013 0.082096 -0.005725 1.605877 -0.110676 1.503910
    21 -1.511719 11.007813 -4.187500 1.244308 0.425693 -2.037295
    22 0.000000 0.000000 0.000000 2.854376 -0.386043 -0.419496
    23 10.859730 0.000013 -0.000005 -0.278863 0.007449 -2.078569
    24 11.118959 0.012915 -0.055609 -1.509440 -0.484961 0.820488
    25 4.462496 -0.096127 -1.190239 -1.675680 0.080452 -0.271080
    26 1.533207 0.000003 0.000000 -0.001689 -0.018234 -0.007557
    27 0.922219 0.000000 0.000000 -0.000168 -0.077833 -0.001706
    28 3.871094 -0.338867 1.439453 -1.480019 0.189903 -1.416936
    29 1.197266 0.000004 -0.000017 -0.127146 1.001777 -0.146524
    30 0.866211 -0.000001 -0.000003 0.009351 0.733784 0.001142
    31 4.582031 0.205322 -0.326172 -1.539698 0.007204 -1.420212
    32 1.709961 0.000006 -0.000002 -0.026879 1.095842 -0.020771
    33 0.998047 -0.000001 0.000001 -0.016608 0.557664 0.006715
    34 4.332031 0.048065 0.604980 -1.502394 0.106974 -1.508525
    35 1.571289 0.000006 -0.000001 -0.060351 1.044535 -0.069431
    36 1.039063 -0.000008 0.000001 -0.009609 0.637010 -0.018240
    37 1.191406 -1.062500 -1.191406 2.688815 0.147029 -0.438545
    38 1.987305 0.000004 0.000002 0.027278 0.315271 0.098085
    39 1.217773 -0.000005 0.000003 0.021152 0.266873 -0.018769
    40 9.578125 -0.084412 -0.006874 -1.606853 -0.254477 -1.498648
    41 -0.871094 11.210938 -11.585938 0.000000 0.000000 -0.000001
    42 -1.850986 -5.849634 -2.985708 -0.341668 0.967470 0.072920
    43 1.856292 -15.454458 -0.925956 -0.341668 0.967470 0.072920
    44 0.000000 0.000000 0.000000 0.000000 0.000000 0.000000
    45 0.000000 0.000000 0.000000 0.000000 0.000000 0.000000
    46 0.000000 0.000000 0.000000 0.000000 0.000000 0.000000
    47 0.000000 0.000000 0.000000 -1.570796 0.000000 0.000000
    48 0.000000 0.000000 0.000000 -1.570796 0.000000 0.000000
    49 0.000000 0.000000 0.000000 -1.570796 0.000000 0.000000
    50 0.000000 0.000000 0.000000 1.570796 0.000000 0.000000
    51 0.000000 0.000000 0.000000 1.570796 0.000000 0.000000
    52 0.000000 0.000000 0.000000 1.570796 0.000000 0.000000
    53 0.000000 0.000000 0.000000 1.570796 0.000000 0.000000
    54 0.000000 0.000000 0.000000 1.570796 0.000000 0.000000
    55 0.000000 0.000000 0.000000 1.570796 0.000000 0.000000
    56 0.000000 0.000000 0.000000 1.570796 0.000000 0.000000
    57 0.000000 0.000000 0.000000 1.570796 0.000000 0.000000
    58 0.000000 0.000000 0.000000 1.570796 0.000000 0.000000
    59 0.000000 0.000000 0.000000 1.570796 0.000000 0.000000
    60 0.000000 0.000000 0.000000 1.570796 0.000000 0.000000
    61 0.000000 0.000000 0.000000 1.570796 0.000000 0.000000
    62 0.000000 0.000001 0.000000 0.000000 0.000000 0.000000
    63 0.000000 0.000000 0.000000 0.000000 0.000000 0.000000
    64 0.000000 0.000000 0.000000 -3.141593 0.000000 0.000000
    65 0.000000 0.000000 0.000000 -1.570796 0.000000 0.000000
    66 0.000000 0.000000 0.000000 -1.570796 0.000000 0.000000
    67 0.000000 0.000000 0.000000 -1.570796 0.000000 0.000000
    68 0.000000 0.000000 0.000000 1.570796 0.000000 0.000000
    69 0.000000 0.000000 0.000000 1.570796 0.000000 0.000000
    70 0.000000 0.000000 0.000000 1.570796 0.000000 0.000000
    71 0.000000 0.000000 0.000001 1.570796 0.000000 0.000000
    72 0.000000 0.000000 0.000000 1.570796 0.000000 0.000000
    73 0.000000 0.000000 0.000000 1.570796 0.000000 0.000000
    74 0.000000 0.000000 0.000000 1.570796 0.000000 0.000000
    75 0.000000 0.000000 0.000000 1.570796 0.000000 0.000000
    76 -0.000001 0.000000 0.000000 1.570796 0.000000 0.000000
    77 0.000000 0.000000 0.000000 1.570796 0.000000 0.000000
    78 0.000000 0.000000 0.000000 1.570796 0.000000 0.000000
    79 0.000000 0.000000 0.000000 1.570796 0.000000 0.000000
  time 14
    0 -2.955356 -3.036111 -3.577350 -0.445512 1.164853 0.086821
    1 7.196623 4.312815 -6.410477 -2.021298 0.424926 -1.104174
    2 0.000000 0.000000 0.000000 3.946489 0.738577 0.938160
    3 10.859747 -0.000001 -0.000001 0.268298 0.008867 1.333945
    4 11.118949 -0.012917 -0.055607 -0.280219 0.329264 0.086874
    5 4.460938 0.096558 -1.193359 1.700635 -0.250355 0.126839
    6 1.534180 -0.000001 -0.000001 0.009042 0.848532 0.011307
    7 0.923828 0.000000 0.000000 0.002695 1.027849 0.003260
    8 4.582031 -0.205322 -0.326172 1.346533 -0.259536 0.638898
    9 1.709961 -0.000007 0.000000 3.036021 1.434016 3.039811
    10 0.998047 0.000000 0.000000 0.026837 -0.314590 -0.022355
    11 4.332031 -0.048065 0.604980 1.141283 -0.111227 1.109616
    12 1.571289 0.000003 0.000003 0.269056 1.478394 0.281975
    13 1.039063 0.000006 0.000000 0.006016 -0.410155 0.011865
    14 3.871094 0.338867 1.439453 1.121923 0.266193 1.782702
    15 1.197266 -0.000006 -0.000016 0.081066 0.567625 0.082907
    16 0.866211 0.000000 -0.000001 -0.008129 -0.487940 -0.000955
    17 1.191406 1.062500 -1.191406 3.072296 0.219014 0.151813
    18 1.987305 -0.000002 0.000000 -0.025970 0.053561 -0.091013
    19 1.217773 0.000004 0.000002 -0.020700 -0.169366 0.027834
    20 9.582013 0.082096 -0.005725 1.605829 -0.089089 1.504641
    21 -1.511719 11.007813 -4.187500 1.244308 0.425693 -2.037295
    22 0.000000 0.000000 0.000000 2.869704 -0.393861 -0.418001
    23 10.859730 0.000013 -0.000005 -0.278863 0.007449 -2.077709
    24 11.118959 0.012915 -0.055609 -1.632826 -0.515694 0.676480
    25 4.462496 -0.096127 -1.190239 -1.674710 0.082094 -0.256626
    26 1.533207 0.000003 0.000000 -0.001689 -0.024107 -0.007557
    27 0.922219 0.000000 0.000000 -0.000168 -0.106573 -0.001706
    28 3.871094 -0.338867 1.439453 -1.480019 0.189903 -1.416936
    29 1.197266 0.000004 -0.000017 -0.127146 1.001777 -0.146524
    30 0.866211 -0.000001 -0.000003 0.009351 0.733784 0.001142
    31 4.582031 0.205322 -0.326172 -1.539698 0.007204 -1.420212
    32 1.709961 0.000006 -0.000002 -0.026879 1.095842 -0.020771
    33 0.998047 -0.000001 0.000001 -0.016608 0.557664 0.006715
    34 4.332031 0.048065 0.604980 -1.502394 0.106974 -1.508525
    35 1.571289 0.000006 -0.000001 -0.060351 1.044535 -0.069431
    36 1.039063 -0.000008 0.000001 -0.009609 0.637010 -0.018240
    37 1.191406 -1.062500 -1.191406 2.688815 0.147029 -0.438545
    38 1.987305 0.000004 0.000002 0.027278 0.315271 0.098085
    39 1.217773 -0.000005 0.000003 0.021152 0.266873 -0.018769
    40 9.578125 -0.084412 -0.006874 -1.606853 -0.254477 -1.498648
    41 -0.871094 11.210938 -11.585938 0.000000 0.000000 -0.000001
    42 -1.393940 -5.521499 -2.993520 -0.445512 1.164853 0.086821
    43 3.243053 -13.743469 -1.324406 -0.445512 1.164853 0.086821
    44 0.000000 0.000000 0.000000 0.000000 0.000000 0.000000
    45 0.000000 0.000000 0.000000 0.000000 0.000000 0.000000
    46 0.000000 0.000000 0.000000 0.000000 0.000000 0.000000
    47 0.000000 0.000000 0.000000 -1.570796 0.000000 0.000000
    48 0.000000 0.000000 0.000000 -1.570796 0.000000 0.000000
    49 0.000000 0.000000 0.000000 -1.570796 0.000000 0.000000
    50 0.000000 0.000000 0.000000 1.570796 0.000000 0.000000
    51 0.000000 0.000000 0.000000 1.570796 0.000000 0.000000
    52 0.000000 0.000000 0.000000 1.570796 0.000000 0.000000
    53 0.000000 0.000000 0.000000 1.570796 0.000000 0.000000
    54 0.000000 0.000000 0.000000 1.570796 0.000000 0.000000
    55 0.000000 0.000000 0.000000 1.570796 0.000000 0.000000
    56 0.000000 0.000000 0.000000 1.570796 0.000000 0.000000
    57 0.000000 0.000000 0.000000 1.570796 0.000000 0.000000
    58 0.000000 0.000000 0.000000 1.570796 0.000000 0.000000
    59 0.000000 0.000000 0.000000 1.570796 0.000000 0.000000
    60 0.000000 0.000000 0.000000 1.570796 0.000000 0.000000
    61 0.000000 0.000000 0.000000 1.570796 0.000000 0.000000
    62 0.000000 0.000001 0.000000 0.000000 0.000000 0.000000
    63 0.000000 0.000000 0.000000 0.000000 0.000000 0.000000
    64 0.000000 0.000000 0.000000 -3.141593 0.000000 0.000000
    65 0.000000 0.000000 0.000000 -1.570796 0.000000 0.000000
    66 0.000000 0.000000 0.000000 -1.570796 0.000000 0.000000
    67 0.000000 0.000000 0.000000 -1.570796 0.000000 0.000000
    68 0.000000 0.000000 0.000000 1.570796 0.000000 0.000000
    69 0.000000 0.000000 0.000000 1.570796 0.000000 0.000000
    70 0.000000 0.000000 0.000000 1.570796 0.000000 0.000000
    71 0.000000 0.000000 0.000001 1.570796 0.000000 0.000000
    72 0.000000 0.000000 0.000000 1.570796 0.000000 0.000000
    73 0.000000 0.000000 0.000000 1.570796 0.000000 0.000000
    74 0.000000 0.000000 0.000000 1.570796 0.000000 0.000000
    75 0.000000 0.000000 0.000000 1.570796 0.000000 0.000000
    76 -0.000001 0.000000 0.000000 1.570796 0.000000 0.000000
    77 0.000000 0.000000 0.000000 1.570796 0.000000 0.000000
    78 0.000000 0.000000 0.000000 1.570796 0.000000 0.000000
    79 0.000000 0.000000 0.000000 1.570796 0.000000 0.000000
  time 15
    0 -2.924105 -2.907201 -3.542193 -0.488344 1.244216 0.114453
    1 7.196623 4.312815 -6.410477 -2.021298 0.424926 -1.104174
    2 0.000000 0.000000 0.000000 4.019864 0.681640 1.036860
    3 10.859747 -0.000001 -0.000001 0.270515 0.009239 1.487618
    4 11.118949 -0.012917 -0.055607 -0.273137 0.404814 0.093071
    5 4.460938 0.096558 -1.193359 1.700635 -0.250355 0.126839
    6 1.534180 -0.000001 -0.000001 0.009042 0.848532 0.011307
    7 0.923828 0.000000 0.000000 0.002695 1.027849 0.003260
    8 4.582031 -0.205322 -0.326172 1.346533 -0.259536 0.638898
    9 1.709961 -0.000007 0.000000 3.036021 1.434016 3.039811
    10 0.998047 0.000000 0.000000 0.026837 -0.314590 -0.022355
    11 4.332031 -0.048065 0.604980 1.141283 -0.111227 1.109616
    12 1.571289 0.000003 0.000003 0.269056 1.478394 0.281975
    13 1.039063 0.000006 0.000000 0.006016 -0.410155 0.011865
    14 3.871094 0.338867 1.439453 1.121923 0.266193 1.782702
    15 1.197266 -0.000006 -0.000016 0.081066 0.567625 0.082907
    16 0.866211 0.000000 -0.000001 -0.008129 -0.487940 -0.000955
    17 1.191406 1.062500 -1.191406 3.072296 0.219014 0.151813
    18 1.987305 -0.000002 0.000000 -0.025970 0.053561 -0.091013
    19 1.217773 0.000004 0.000002 -0.020700 -0.169366 0.027834
    20 9.582013 0.082096 -0.005725 1.605805 -0.079994 1.504941
    21 -1.511719 11.007813 -4.187500 1.244308 0.425693 -2.037295
    22 0.000000 0.000000 0.000000 2.884349 -0.398827 -0.420233
    23 10.859730 0.000013 -0.000005 -0.278851 0.007461 -2.077022
    24 11.118959 0.012915 -0.055609 -1.664580 -0.553409 0.588244
    25 4.462496 -0.096127 -1.190239 -1.674710 0.082094 -0.256626
    26 1.533207 0.000003 0.000000 -0.001689 -0.024107 -0.007557
    27 0.922219 0.000000 0.000000 -0.000168 -0.106573 -0.001706
    28 3.871094 -0.338867 1.439453 -1.480019 0.189903 -1.416936
    29 1.197266 0.000004 -0.000017 -0.127146 1.001777 -0.146524
    30 0.866211 -0.000001 -0.000003 0.009351 0.733784 0.001142
    31 4.582031 0.205322 -0.326172 -1.539698 0.007204 -1.420212
    32 1.709961 0.000006 -0.000002 -0.026879 1.095842 -0.020771
    33 0.998047 -0.000001 0.000001 -0.016608 0.557664 0.006715
    34 4.332031 0.048065 0.604980 -1.502394 0.106974 -1.508525
    35 1.571289 0.000006 -0.000001 -0.060351 1.044535 -0.069431
    36 1.039063 -0.000008 0.000001 -0.009609 0.637010 -0.018240
    37 1.191406 -1.062500 -1.191406 2.688815 0.147029 -0.438545
    38 1.987305 0.000004 0.000002 0.027278 0.315271 0.098085
    39 1.217773 -0.000005 0.000003 0.021152 0.266873 -0.018769
    40 9.578125 -0.084412 -0.006874 -1.606853 -0.254477 -1.498648
    41 -0.871094 11.210938 -11.585938 0.000000 0.000000 -0.000001
    42 -1.159558 -5.263679 -3.032584 -0.488344 1.244216 0.114453
    43 3.649315 -12.352801 -1.699417 -0.488344 1.244216 0.114453
    44 0.000000 0.000000 0.000000 0.000000 0.000000 0.000000
    45 0.000000 0.000000 0.000000 0.000000 0.000000 0.000000
    46 0.000000 0.000000 0.000000 0.000000 0.000000 0.000000
    47 0.000000 0.000000 0.000000 -1.570796 0.000000 0.000000
    48 0.000000 0.000000 0.000000 -1.570796 0.000000 0.000000
    49 0.000000 0.000000 0.000000 -1.570796 0.000000 0.000000
    50 0.000000 0.000000 0.000000 1.570796 0.000000 0.000000
    51 0.000000 0.000000 0.000000 1.570796 0.000000 0.000000
    52 0.000000 0.000000 0.000000 1.570796 0.000000 0.000000
    53 0.000000 0.000000 0.000000 1.570796 0.000000 0.000000
    54 0.000000 0.000000 0.000000 1.570796 0.000000 0.000000
    55 0.000000 0.000000 0.000000 1.570796 0.000000 0.000000
    56 0.000000 0.000000 0.000000 1.570796 0.000000 0.000000
    57 0.000000 0.000000 0.000000 1.570796 0.000000 0.000000
    58 0.000000 0.000000 0.000000 1.570796 0.000000 0.000000
    59 0.000000 0.000000 0.000000 1.570796 0.000000 0.000000
    60 0.000000 0.000000 0.000000 1.570796 0.000000 0.000000
    61 0.000000 0.000000 0.000000 1.570796 0.000000 0.000000
    62 0.000000 0.000001 0.000000 0.000000 0.000000 0.000000
    63 0.000000 0.000000 0.000000 0.000000 0.000000 0.000000
    64 0.000000 0.000000 0.000000 -3.141593 0.000000 0.000000
    65 0.000000 0.000000 0.000000 -1.570796 0.000000 0.000000
    66 0.000000 0.000000 0.000000 -1.570796 0.000000 0.000000
    67 0.000000 0.000000 0.000000 -1.570796 0.000000 0.000000
    68 0.000000 0.000000 0.000000 1.570796 0.000000 0.000000
    69 0.000000 0.000000 0.000000 1.570796 0.000000 0.000000
    70 0.000000 0.000000 0.000000 1.570796 0.000000 0.000000
    71 0.000000 0.000000 0.000001 1.570796 0.000000 0.000000
    72 0.000000 0.000000 0.000000 1.570796 0.000000 0.000000
    73 0.000000 0.000000 0.000000 1.570796 0.000000 0.000000
    74 0.000000 0.000000 0.000000 1.570796 0.000000 0.000000
    75 0.000000 0.000000 0.000000 1.570796 0.000000 0.000000
    76 -0.000001 0.000000 0.000000 1.570796 0.000000 0.000000
    77 0.000000 0.000000 0.000000 1.570796 0.000000 0.000000
    78 0.000000 0.000000 0.000000 1.570796 0.000000 0.000000
    79 0.000000 0.000000 0.000000 1.570796 0.000000 0.000000
  time 16
    0 -2.978794 -2.758759 -3.553912 -0.435533 1.229141 0.190948
    1 7.196623 4.312815 -6.410477 -2.021298 0.424926 -1.104174
    2 0.000000 0.000000 0.000000 4.060085 0.650785 1.091469
    3 10.859747 -0.000001 -0.000001 0.271522 0.009287 1.556368
    4 11.118949 -0.012917 -0.055607 -0.226181 0.421107 0.082113
    5 4.460938 0.096558 -1.193359 1.700635 -0.250355 0.126839
    6 1.534180 -0.000001 -0.000001 0.009042 0.848532 0.011307
    7 0.923828 0.000000 0.000000 0.002695 1.027849 0.003260
    8 4.582031 -0.205322 -0.326172 1.346533 -0.259536 0.638898
    9 1.709961 -0.000007 0.000000 3.036021 1.434016 3.039811
    10 0.998047 0.000000 0.000000 0.026837 -0.314590 -0.022355
    11 4.332031 -0.048065 0.604980 1.141283 -0.111227 1.109616
    12 1.571289 0.000003 0.000003 0.269056 1.478394 0.281975
    13 1.039063 0.000006 0.000000 0.006016 -0.410155 0.011865
    14 3.871094 0.338867 1.439453 1.121923 0.266193 1.782702
    15 1.197266 -0.000006 -0.000016 0.081066 0.567625 0.082907
    16 0.866211 0.000000 -0.000001 -0.008129 -0.487940 -0.000955
    17 1.191406 1.062500 -1.191406 3.072296 0.219014 0.151813
    18 1.987305 -0.000002 0.000000 -0.025970 0.053561 -0.091013
    19 1.217773 0.000004 0.000002 -0.020700 -0.169366 0.027834
    20 9.582013 0.082096 -0.005725 1.605805 -0.079994 1.504929
    21 -1.511719 11.007813 -4.187500 1.244308 0.425693 -2.037295
    22 0.000000 0.000000 0.000000 2.902458 -0.402635 -0.430534
    23 10.859730 0.000013 -0.000005 -0.278887 0.007437 -2.080504
    24 11.118959 0.012915 -0.055609 -1.634187 -0.591197 0.558155
    25 4.462496 -0.096127 -1.190239 -1.674710 0.082094 -0.256626
    26 1.533207 0.000003 0.000000 -0.001689 -0.024107 -0.007557
    27 0.922219 0.000000 0.000000 -0.000168 -0.106573 -0.001706
    28 3.871094 -0.338867 1.439453 -1.480019 0.189903 -1.416936
    29 1.197266 0.000004 -0.000017 -0.127146 1.001777 -0.146524
    30 0.866211 -0.000001 -0.000003 0.009351 0.733784 0.001142
    31 4.582031 0.205322 -0.326172 -1.539698 0.007204 -1.420212
    32 1.709961 0.000006 -0.000002 -0.026879 1.095842 -0.020771
    33 0.998047 -0.000001 0.000001 -0.016608 0.557664 0.006715
    34 4.332031 0.048065 0.604980 -1.502394 0.106974 -1.508525
    35 1.571289 0.000006 -0.000001 -0.060351 1.044535 -0.069431
    36 1.039063 -0.000008 0.000001 -0.009609 0.637010 -0.018240
    37 1.191406 -1.062500 -1.191406 2.688815 0.147029 -0.438545
    38 1.987305 0.000004 0.000002 0.027278 0.315271 0.098085
    39 1.217773 -0.000005 0.000003 0.021152 0.266873 -0.018769
    40 9.578125 -0.084412 -0.006874 -1.606853 -0.254477 -1.498648
    41 -0.871094 11.210938 -11.585938 0.000000 0.000000 -0.000001
    42 -1.155652 -5.080079 -3.071648 -0.435533 1.229141 0.190948
    43 3.590720 -11.723876 -1.871298 -0.435533 1.229141 0.190948
    44 0.000000 0.000000 0.000000 0.000000 0.000000 0.000000
    45 0.000000 0.000000 0.000000 0.000000 0.000000 0.000000
    46 0.000000 0.000000 0.000000 0.000000 0.000000 0.000000
    47 0.000000 0.000000 0.000000 -1.570796 0.000000 0.000000
    48 0.000000 0.000000 0.000000 -1.570796 0.000000 0.000000
    49 0.000000 0.000000 0.000000 -1.570796 0.000000 0.000000
    50 0.000000 0.000000 0.000000 1.570796 0.000000 0.000000
    51 0.000000 0.000000 0.000000 1.570796 0.000000 0.000000
    52 0.000000 0.000000 0.000000 1.570796 0.000000 0.000000
    53 0.000000 0.000000 0.000000 1.570796 0.000000 0.000000
    54 0.000000 0.000000 0.000000 1.570796 0.000000 0.000000
    55 0.000000 0.000000 0.000000 1.570796 0.000000 0.000000
    56 0.000000 0.000000 0.000000 1.570796 0.000000 0.000000
    57 0.000000 0.000000 0.000000 1.570796 0.000000 0.000000
    58 0.000000 0.000000 0.000000 1.570796 0.000000 0.000000
    59 0.000000 0.000000 0.000000 1.570796 0.000000 0.000000
    60 0.000000 0.000000 0.000000 1.570796 0.000000 0.000000
    61 0.000000 0.000000 0.000000 1.570796 0.000000 0.000000
    62 0.000000 0.000001 0.000000 0.000000 0.000000 0.000000
    63 0.000000 0.000000 0.000000 0.000000 0.000000 0.000000
    64 0.000000 0.000000 0.000000 -3.141593 0.000000 0.000000
    65 0.000000 0.000000 0.000000 -1.570796 0.000000 0.000000
    66 0.000000 0.000000 0.000000 -1.570796 0.000000 0.000000
    67 0.000000 0.000000 0.000000 -1.570796 0.000000 0.000000
    68 0.000000 0.000000 0.000000 1.570796 0.000000 0.000000
    69 0.000000 0.000000 0.000000 1.570796 0.000000 0.000000
    70 0.000000 0.000000 0.000000 1.570796 0.000000 0.000000
    71 0.000000 0.000000 0.000001 1.570796 0.000000 0.000000
    72 0.000000 0.000000 0.000000 1.570796 0.000000 0.000000
    73 0.000000 0.000000 0.000000 1.570796 0.000000 0.000000
    74 0.000000 0.000000 0.000000 1.570796 0.000000 0.000000
    75 0.000000 0.000000 0.000000 1.570796 0.000000 0.000000
    76 -0.000001 0.000000 0.000000 1.570796 0.000000 0.000000
    77 0.000000 0.000000 0.000000 1.570796 0.000000 0.000000
    78 0.000000 0.000000 0.000000 1.570796 0.000000 0.000000
    79 0.000000 0.000000 0.000000 1.570796 0.000000 0.000000
  time 17
    0 -3.088173 -2.586878 -3.589069 -0.319289 1.192269 0.311335
    1 7.196623 4.312815 -6.410477 -2.021298 0.424926 -1.104174
    2 0.000000 0.000000 0.000000 4.072088 0.625698 1.120136
    3 10.859747 -0.000001 -0.000001 0.271977 0.009287 1.588333
    4 11.118949 -0.012917 -0.055607 -0.190176 0.428195 0.054302
    5 4.460938 0.096558 -1.193359 1.700635 -0.250355 0.126839
    6 1.534180 -0.000001 -0.000001 0.009042 0.848532 0.011307
    7 0.923828 0.000000 0.000000 0.002695 1.027849 0.003260
    8 4.582031 -0.205322 -0.326172 1.346533 -0.259536 0.638898
    9 1.709961 -0.000007 0.000000 3.036021 1.434016 3.039811
    10 0.998047 0.000000 0.000000 0.026837 -0.314590 -0.022355
    11 4.332031 -0.048065 0.604980 1.141283 -0.111227 1.109616
    12 1.571289 0.000003 0.000003 0.269056 1.478394 0.281975
    13 1.039063 0.000006 0.000000 0.006016 -0.410155 0.011865
    14 3.871094 0.338867 1.439453 1.121923 0.266193 1.782702
    15 1.197266 -0.000006 -0.000016 0.081066 0.567625 0.082907
    16 0.866211 0.000000 -0.000001 -0.008129 -0.487940 -0.000955
    17 1.191406 1.062500 -1.191406 3.072296 0.219014 0.151813
    18 1.987305 -0.000002 0.000000 -0.025970 0.053561 -0.091013
    19 1.217773 0.000004 0.000002 -0.020700 -0.169366 0.027834
    20 9.582013 0.082096 -0.005725 1.605805 -0.079994 1.504941
    21 -1.511719 11.007813 -4.187500 1.244308 0.425693 -2.037295
    22 0.000000 0.000000 0.000000 2.923982 -0.409188 -0.438643
    23 10.859730 0.000013 -0.000005 -0.278922 0.007401 -2.083943
    24 11.118959 0.012915 -0.055609 -1.596687 -0.649930 0.555173
    25 4.462496 -0.096127 -1.190239 -1.674710 0.082094 -0.256626
    26 1.533207 0.000003 0.000000 -0.001689 -0.024107 -0.007557
    27 0.922219 0.000000 0.000000 -0.000168 -0.106573 -0.001706
    28 3.871094 -0.338867 1.439453 -1.480019 0.189903 -1.416936
    29 1.197266 0.000004 -0.000017 -0.127146 1.001777 -0.146524
    30 0.866211 -0.000001 -0.000003 0.009351 0.733784 0.001142
    31 4.582031 0.205322 -0.326172 -1.539698 0.007204 -1.420212
    32 1.709961 0.000006 -0.000002 -0.026879 1.095842 -0.020771
    33 0.998047 -0.000001 0.000001 -0.016608 0.557664 0.006715
    34 4.332031 0.048065 0.604980 -1.502394 0.106974 -1.508525
    35 1.571289 0.000006 -0.000001 -0.060351 1.044535 -0.069431
    36 1.039063 -0.000008 0.000001 -0.009609 0.637010 -0.018240
    37 1.191406 -1.062500 -1.191406 2.688815 0.147029 -0.438545
    38 1.987305 0.000004 0.000002 0.027278 0.315271 0.098085
    39 1.217773 -0.000005 0.000003 0.021152 0.266873 -0.018769
    40 9.578125 -0.084412 -0.006874 -1.606853 -0.254477 -1.498648
    41 -0.871094 11.210938 -11.585938 0.000000 0.000000 -0.000001
    42 -1.257218 -4.908199 -3.169307 -0.319289 1.192269 0.311335
    43 3.539937 -11.555902 -2.172088 -0.319289 1.192269 0.311335
    44 0.000000 0.000000 0.000000 0.000000 0.000000 0.000000
    45 0.000000 0.000000 0.000000 0.000000 0.000000 0.000000
    46 0.000000 0.000000 0.000000 0.000000 0.000000 0.000000
    47 0.000000 0.000000 0.000000 -1.570796 0.000000 0.000000
    48 0.000000 0.000000 0.000000 -1.570796 0.000000 0.000000
    49 0.000000 0.000000 0.000000 -1.570796 0.000000 0.000000
    50 0.000000 0.000000 0.000000 1.570796 0.000000 0.000000
    51 0.000000 0.000000 0.000000 1.570796 0.000000 0.000000
    52 0.000000 0.000000 0.000000 1.570796 0.000000 0.000000
    53 0.000000 0.000000 0.000000 1.570796 0.000000 0.000000
    54 0.000000 0.000000 0.000000 1.570796 0.000000 0.000000
    55 0.000000 0.000000 0.000000 1.570796 0.000000 0.000000
    56 0.000000 0.000000 0.000000 1.570796 0.000000 0.000000
    57 0.000000 0.000000 0.000000 1.570796 0.000000 0.000000
    58 0.000000 0.000000 0.000000 1.570796 0.000000 0.000000
    59 0.000000 0.000000 0.000000 1.570796 0.000000 0.000000
    60 0.000000 0.000000 0.000000 1.570796 0.000000 0.000000
    61 0.000000 0.000000 0.000000 1.570796 0.000000 0.000000
    62 0.000000 0.000001 0.000000 0.000000 0.000000 0.000000
    63 0.000000 0.000000 0.000000 0.000000 0.000000 0.000000
    64 0.000000 0.000000 0.000000 -3.141593 0.000000 0.000000
    65 0.000000 0.000000 0.000000 -1.570796 0.000000 0.000000
    66 0.000000 0.000000 0.000000 -1.570796 0.000000 0.000000
    67 0.000000 0.000000 0.000000 -1.570796 0.000000 0.000000
    68 0.000000 0.000000 0.000000 1.570796 0.000000 0.000000
    69 0.000000 0.000000 0.000000 1.570796 0.000000 0.000000
    70 0.000000 0.000000 0.000000 1.570796 0.000000 0.000000
    71 0.000000 0.000000 0.000001 1.570796 0.000000 0.000000
    72 0.000000 0.000000 0.000000 1.570796 0.000000 0.000000
    73 0.000000 0.000000 0.000000 1.570796 0.000000 0.000000
    74 0.000000 0.000000 0.000000 1.570796 0.000000 0.000000
    75 0.000000 0.000000 0.000000 1.570796 0.000000 0.000000
    76 -0.000001 0.000000 0.000000 1.570796 0.000000 0.000000
    77 0.000000 0.000000 0.000000 1.570796 0.000000 0.000000
    78 0.000000 0.000000 0.000000 1.570796 0.000000 0.000000
    79 0.000000 0.000000 0.000000 1.570796 0.000000 0.000000
  time 18
    0 -3.205364 -2.446249 -3.616414 -0.202995 1.146284 0.422624
    1 7.196623 4.312815 -6.410477 -2.021298 0.424926 -1.104174
    2 0.000000 0.000000 0.000000 4.082155 0.599197 1.149566
    3 10.859747 -0.000001 -0.000001 0.272361 0.009275 1.613956
    4 11.118949 -0.012917 -0.055607 -0.157920 0.436420 0.021580
    5 4.460938 0.096558 -1.193359 1.700635 -0.250355 0.126839
    6 1.534180 -0.000001 -0.000001 0.009042 0.848532 0.011307
    7 0.923828 0.000000 0.000000 0.002695 1.027849 0.003260
    8 4.582031 -0.205322 -0.326172 1.346533 -0.259536 0.638898
    9 1.709961 -0.000007 0.000000 3.036021 1.434016 3.039811
    10 0.998047 0.000000 0.000000 0.026837 -0.314590 -0.022355
    11 4.332031 -0.048065 0.604980 1.141283 -0.111227 1.109616
    12 1.571289 0.000003 0.000003 0.269056 1.478394 0.281975
    13 1.039063 0.000006 0.000000 0.006016 -0.410155 0.011865
    14 3.871094 0.338867 1.439453 1.121923 0.266193 1.782702
    15 1.197266 -0.000006 -0.000016 0.081066 0.567625 0.082907
    16 0.866211 0.000000 -0.000001 -0.008129 -0.487940 -0.000955
    17 1.191406 1.062500 -1.191406 3.072296 0.219014 0.151813
    18 1.987305 -0.000002 0.000000 -0.025970 0.053561 -0.091013
    19 1.217773 0.000004 0.000002 -0.020700 -0.169366 0.027834
    20 9.582013 0.082096 -0.005725 1.605805 -0.079994 1.504941
    21 -1.511719 11.007813 -4.187500 1.244308 0.425693 -2.037295
    22 0.000000 0.000000 0.000000 2.941732 -0.416360 -0.441133
    23 10.859730 0.000013 -0.000005 -0.278922 0.007401 -2.084029
    24 11.118959 0.012915 -0.055609 -1.561455 -0.713539 0.564796
    25 4.462496 -0.096127 -1.190239 -1.674710 0.082094 -0.256626
    26 1.533207 0.000003 0.000000 -0.001689 -0.024107 -0.007557
    27 0.922219 0.000000 0.000000 -0.000168 -0.106573 -0.001706
    28 3.871094 -0.338867 1.439453 -1.480019 0.189903 -1.416936
    29 1.197266 0.000004 -0.000017 -0.127146 1.001777 -0.146524
    30 0.866211 -0.000001 -0.000003 0.009351 0.733784 0.001142
    31 4.582031 0.205322 -0.326172 -1.539698 0.007204 -1.420212
    32 1.709961 0.000006 -0.000002 -0.026879 1.095842 -0.020771
    33 0.998047 -0.000001 0.000001 -0.016608 0.557664 0.006715
    34 4.332031 0.048065 0.604980 -1.502394 0.106974 -1.508525
    35 1.571289 0.000006 -0.000001 -0.060351 1.044535 -0.069431
    36 1.039063 -0.000008 0.000001 -0.009609 0.637010 -0.018240
    37 1.191406 -1.062500 -1.191406 2.688815 0.147029 -0.438545
    38 1.987305 0.000004 0.000002 0.027278 0.315271 0.098085
    39 1.217773 -0.000005 0.000003 0.021152 0.266873 -0.018769
    40 9.578125 -0.084412 -0.006874 -1.606853 -0.254477 -1.498648
    41 -0.871094 11.210938 -11.585938 0.000000 0.000000 -0.000001
    42 -1.374409 -4.783195 -3.290405 -0.202995 1.146284 0.422624
    43 3.426652 -11.454336 -2.558819 -0.202995 1.146284 0.422624
    44 0.000000 0.000000 0.000000 0.000000 0.000000 0.000000
    45 0.000000 0.000000 0.000000 0.000000 0.000000 0.000000
    46 0.000000 0.000000 0.000000 0.000000 0.000000 0.000000
    47 0.000000 0.000000 0.000000 -1.570796 0.000000 0.000000
    48 0.000000 0.000000 0.000000 -1.570796 0.000000 0.000000
    49 0.000000 0.000000 0.000000 -1.570796 0.000000 0.000000
    50 0.000000 0.000000 0.000000 1.570796 0.000000 0.000000
    51 0.000000 0.000000 0.000000 1.570796 0.000000 0.000000
    52 0.000000 0.000000 0.000000 1.570796 0.000000 0.000000
    53 0.000000 0.000000 0.000000 1.570796 0.000000 0.000000
    54 0.000000 0.000000 0.000000 1.570796 0.000000 0.000000
    55 0.000000 0.000000 0.000000 1.570796 0.000000 0.000000
    56 0.000000 0.000000 0.000000 1.570796 0.000000 0.000000
    57 0.000000 0.000000 0.000000 1.570796 0.000000 0.000000
    58 0.000000 0.000000 0.000000 1.570796 0.000000 0.000000
    59 0.000000 0.000000 0.000000 1.570796 0.000000 0.000000
    60 0.000000 0.000000 0.000000 1.570796 0.000000 0.000000
    61 0.000000 0.000000 0.000000 1.570796 0.000000 0.000000
    62 0.000000 0.000001 0.000000 0.000000 0.000000 0.000000
    63 0.000000 0.000000 0.000000 0.000000 0.000000 0.000000
    64 0.000000 0.000000 0.000000 -3.141593 0.000000 0.000000
    65 0.000000 0.000000 0.000000 -1.570796 0.000000 0.000000
    66 0.000000 0.000000 0.000000 -1.570796 0.000000 0.000000
    67 0.000000 0.000000 0.000000 -1.570796 0.000000 0.000000
    68 0.000000 0.000000 0.000000 1.570796 0.000000 0.000000
    69 0.000000 0.000000 0.000000 1.570796 0.000000 0.000000
    70 0.000000 0.000000 0.000000 1.570796 0.000000 0.000000
    71 0.000000 0.000000 0.000001 1.570796 0.000000 0.000000
    72 0.000000 0.000000 0.000000 1.570796 0.000000 0.000000
    73 0.000000 0.000000 0.000000 1.570796 0.000000 0.000000
    74 0.000000 0.000000 0.000000 1.570796 0.000000 0.000000
    75 0.000000 0.000000 0.000000 1.570796 0.000000 0.000000
    76 -0.000001 0.000000 0.000000 1.570796 0.000000 0.000000
    77 0.000000 0.000000 0.000000 1.570796 0.000000 0.000000
    78 0.000000 0.000000 0.000000 1.570796 0.000000 0.000000
    79 0.000000 0.000000 0.000000 1.570796 0.000000 0.000000
  time 19
    0 -3.260053 -2.391560 -3.628133 -0.150184 1.103831 0.471486
    1 7.196623 4.312815 -6.410477 -2.021298 0.424926 -1.104174
    2 0.000000 0.000000 0.000000 4.085833 0.585029 1.163191
    3 10.859747 -0.000001 -0.000001 0.272552 0.009263 1.627751
    4 11.118949 -0.012917 -0.055607 -0.130901 0.434880 -0.003473
    5 4.460938 0.096558 -1.193359 1.700635 -0.250355 0.126839
    6 1.534180 -0.000001 -0.000001 0.009042 0.848532 0.011307
    7 0.923828 0.000000 0.000000 0.002695 1.027849 0.003260
    8 4.582031 -0.205322 -0.326172 1.346533 -0.259536 0.638898
    9 1.709961 -0.000007 0.000000 3.036021 1.434016 3.039811
    10 0.998047 0.000000 0.000000 0.026837 -0.314590 -0.022355
    11 4.332031 -0.048065 0.604980 1.141283 -0.111227 1.109616
    12 1.571289 0.000003 0.000003 0.269056 1.478394 0.281975
    13 1.039063 0.000006 0.000000 0.006016 -0.410155 0.011865
    14 3.871094 0.338867 1.439453 1.121923 0.266193 1.782702
    15 1.197266 -0.000006 -0.000016 0.081066 0.567625 0.082907
    16 0.866211 0.000000 -0.000001 -0.008129 -0.487940 -0.000955
    17 1.191406 1.062500 -1.191406 3.072296 0.219014 0.151813
    18 1.987305 -0.000002 0.000000 -0.025970 0.053561 -0.091013
    19 1.217773 0.000004 0.000002 -0.020700 -0.169366 0.027834
    20 9.582013 0.082096 -0.005725 1.605805 -0.079994 1.504941
    21 -1.511719 11.007813 -4.187500 1.244308 0.425693 -2.037295
    22 0.000000 0.000000 0.000000 2.950169 -0.419482 -0.441313
    23 10.859730 0.000013 -0.000005 -0.278887 0.007425 -2.081149
    24 11.118959 0.012915 -0.055609 -1.528744 -0.749961 0.570015
    25 4.462496 -0.096127 -1.190239 -1.674710 0.082094 -0.256626
    26 1.533207 0.000003 0.000000 -0.001689 -0.024107 -0.007557
    27 0.922219 0.000000 0.000000 -0.000168 -0.106573 -0.001706
    28 3.871094 -0.338867 1.439453 -1.480019 0.189903 -1.416936
    29 1.197266 0.000004 -0.000017 -0.127146 1.001777 -0.146524
    30 0.866211 -0.000001 -0.000003 0.009351 0.733784 0.001142
    31 4.582031 0.205322 -0.326172 -1.539698 0.007204 -1.420212
    32 1.709961 0.000006 -0.000002 -0.026879 1.095842 -0.020771
    33 0.998047 -0.000001 0.000001 -0.016608 0.557664 0.006715
    34 4.332031 0.048065 0.604980 -1.502394 0.106974 -1.508525
    35 1.571289 0.000006 -0.000001 -0.060351 1.044535 -0.069431
    36 1.039063 -0.000008 0.000001 -0.009609 0.637010 -0.018240
    37 1.191406 -1.062500 -1.191406 2.688815 0.147029 -0.438545
    38 1.987305 0.000004 0.000002 0.027278 0.315271 0.098085
    39 1.217773 -0.000005 0.000003 0.021152 0.266873 -0.018769
    40 9.578125 -0.084412 -0.006874 -1.606853 -0.254477 -1.498648
    41 -0.871094 11.210938 -11.585938 0.000000 0.000000 -0.000001
    42 -1.429098 -4.736319 -3.345094 -0.150184 1.103831 0.471486
    43 3.356338 -11.426992 -2.730699 -0.150184 1.103831 0.471486
    44 0.000000 0.000000 0.000000 0.000000 0.000000 0.000000
    45 0.000000 0.000000 0.000000 0.000000 0.000000 0.000000
    46 0.000000 0.000000 0.000000 0.000000 0.000000 0.000000
    47 0.000000 0.000000 0.000000 -1.570796 0.000000 0.000000
    48 0.000000 0.000000 0.000000 -1.570796 0.000000 0.000000
    49 0.000000 0.000000 0.000000 -1.570796 0.000000 0.000000
    50 0.000000 0.000000 0.000000 1.570796 0.000000 0.000000
    51 0.000000 0.000000 0.000000 1.570796 0.000000 0.000000
    52 0.000000 0.000000 0.000000 1.570796 0.000000 0.000000
    53 0.000000 0.000000 0.000000 1.570796 0.000000 0.000000
    54 0.000000 0.000000 0.000000 1.570796 0.000000 0.000000
    55 0.000000 0.000000 0.000000 1.570796 0.000000 0.000000
    56 0.000000 0.000000 0.000000 1.570796 0.000000 0.000000
    57 0.000000 0.000000 0.000000 1.570796 0.000000 0.000000
    58 0.000000 0.000000 0.000000 1.570796 0.000000 0.000000
    59 0.000000 0.000000 0.000000 1.570796 0.000000 0.000000
    60 0.000000 0.000000 0.000000 1.570796 0.000000 0.000000
    61 0.000000 0.000000 0.000000 1.570796 0.000000 0.000000
    62 0.000000 0.000001 0.000000 0.000000 0.000000 0.000000
    63 0.000000 0.000000 0.000000 0.000000 0.000000 0.000000
    64 0.000000 0.000000 0.000000 -3.141593 0.000000 0.000000
    65 0.000000 0.000000 0.000000 -1.570796 0.000000 0.000000
    66 0.000000 0.000000 0.000000 -1.570796 0.000000 0.000000
    67 0.000000 0.000000 0.000000 -1.570796 0.000000 0.000000
    68 0.000000 0.000000 0.000000 1.570796 0.000000 0.000000
    69 0.000000 0.000000 0.000000 1.570796 0.000000 0.000000
    70 0.000000 0.000000 0.000000 1.570796 0.000000 0.000000
    71 0.000000 0.000000 0.000001 1.570796 0.000000 0.000000
    72 0.000000 0.000000 0.000000 1.570796 0.000000 0.000000
    73 0.000000 0.000000 0.000000 1.570796 0.000000 0.000000
    74 0.000000 0.000000 0.000000 1.570796 0.000000 0.000000
    75 0.000000 0.000000 0.000000 1.570796 0.000000 0.000000
    76 -0.000001 0.000000 0.000000 1.570796 0.000000 0.000000
    77 0.000000 0.000000 0.000000 1.570796 0.000000 0.000000
    78 0.000000 0.000000 0.000000 1.570796 0.000000 0.000000
    79 0.000000 0.000000 0.000000 1.570796 0.000000 0.000000
  time 20
    0 -3.228802 -2.430624 -3.624227 -0.160509 1.077022 0.467695
    1 7.196623 4.312815 -6.410477 -2.021298 0.424926 -1.104174
    2 0.000000 0.000000 0.000000 4.080848 0.586753 1.156542
    3 10.859747 -0.000001 -0.000001 0.272600 0.009263 1.630922
    4 11.118949 -0.012917 -0.055607 -0.108941 0.422752 -0.013524
    5 4.460938 0.096558 -1.193359 1.700635 -0.250355 0.126839
    6 1.534180 -0.000001 -0.000001 0.009042 0.848532 0.011307
    7 0.923828 0.000000 0.000000 0.002695 1.027849 0.003260
    8 4.582031 -0.205322 -0.326172 1.346533 -0.259536 0.638898
    9 1.709961 -0.000007 0.000000 3.036021 1.434016 3.039811
    10 0.998047 0.000000 0.000000 0.026837 -0.314590 -0.022355
    11 4.332031 -0.048065 0.604980 1.141283 -0.111227 1.109616
    12 1.571289 0.000003 0.000003 0.269056 1.478394 0.281975
    13 1.039063 0.000006 0.000000 0.006016 -0.410155 0.011865
    14 3.871094 0.338867 1.439453 1.121923 0.266193 1.782702
    15 1.197266 -0.000006 -0.000016 0.081066 0.567625 0.082907
    16 0.866211 0.000000 -0.000001 -0.008129 -0.487940 -0.000955
    17 1.191406 1.062500 -1.191406 3.072296 0.219014 0.151813
    18 1.987305 -0.000002 0.000000 -0.025970 0.053561 -0.091013
    19 1.217773 0.000004 0.000002 -0.020700 -0.169366 0.027834
    20 9.582013 0.082096 -0.005725 1.605805 -0.079994 1.504941
    21 -1.511719 11.007813 -4.187500 1.244308 0.425693 -2.037295
    22 0.000000 0.000000 0.000000 2.948383 -0.417100 -0.440077
    23 10.859730 0.000013 -0.000005 -0.278815 0.007473 -2.074571
    24 11.118959 0.012915 -0.055609 -1.497897 -0.751328 0.557748
    25 4.462496 -0.096127 -1.190239 -1.674710 0.082094 -0.256626
    26 1.533207 0.000003 0.000000 -0.001689 -0.024107 -0.007557
    27 0.922219 0.000000 0.000000 -0.000168 -0.106573 -0.001706
    28 3.871094 -0.338867 1.439453 -1.480019 0.189903 -1.416936
    29 1.197266 0.000004 -0.000017 -0.127146 1.001777 -0.146524
    30 0.866211 -0.000001 -0.000003 0.009351 0.733784 0.001142
    31 4.582031 0.205322 -0.326172 -1.539698 0.007204 -1.420212
    32 1.709961 0.000006 -0.000002 -0.026879 1.095842 -0.020771
    33 0.998047 -0.000001 0.000001 -0.016608 0.557664 0.006715
    34 4.332031 0.048065 0.604980 -1.502394 0.106974 -1.508525
    35 1.571289 0.000006 -0.000001 -0.060351 1.044535 -0.069431
    36 1.039063 -0.000008 0.000001 -0.009609 0.637010 -0.018240
    37 1.191406 -1.062500 -1.191406 2.688815 0.147029 -0.438545
    38 1.987305 0.000004 0.000002 0.027278 0.315271 0.098085
    39 1.217773 -0.000005 0.000003 0.021152 0.266873 -0.018769
    40 9.578125 -0.084412 -0.006874 -1.606853 -0.254477 -1.498648
    41 -0.871094 11.210938 -11.585938 0.000000 0.000000 -0.000001
    42 -1.397847 -4.771476 -3.309936 -0.160509 1.077022 0.467695
    43 3.407120 -11.446524 -2.629133 -0.160509 1.077022 0.467695
    44 0.000000 0.000000 0.000000 0.000000 0.000000 0.000000
    45 0.000000 0.000000 0.000000 0.000000 0.000000 0.000000
    46 0.000000 0.000000 0.000000 0.000000 0.000000 0.000000
    47 0.000000 0.000000 0.000000 -1.570796 0.000000 0.000000
    48 0.000000 0.000000 0.000000 -1.570796 0.000000 0.000000
    49 0.000000 0.000000 0.000000 -1.570796 0.000000 0.000000
    50 0.000000 0.000000 0.000000 1.570796 0.000000 0.000000
    51 0.000000 0.000000 0.000000 1.570796 0.000000 0.000000
    52 0.000000 0.000000 0.000000 1.570796 0.000000 0.000000
    53 0.000000 0.000000 0.000000 1.570796 0.000000 0.000000
    54 0.000000 0.000000 0.000000 1.570796 0.000000 0.000000
    55 0.000000 0.000000 0.000000 1.570796 0.000000 0.000000
    56 0.000000 0.000000 0.000000 1.570796 0.000000 0.000000
    57 0.000000 0.000000 0.000000 1.570796 0.000000 0.000000
    58 0.000000 0.000000 0.000000 1.570796 0.000000 0.000000
    59 0.000000 0.000000 0.000000 1.570796 0.000000 0.000000
    60 0.000000 0.000000 0.000000 1.570796 0.000000 0.000000
    61 0.000000 0.000000 0.000000 1.570796 0.000000 0.000000
    62 0.000000 0.000001 0.000000 0.000000 0.000000 0.000000
    63 0.000000 0.000000 0.000000 0.000000 0.000000 0.000000
    64 0.000000 0.000000 0.000000 -3.141593 0.000000 0.000000
    65 0.000000 0.000000 0.000000 -1.570796 0.000000 0.000000
    66 0.000000 0.000000 0.000000 -1.570796 0.000000 0.000000
    67 0.000000 0.000000 0.000000 -1.570796 0.000000 0.000000
    68 0.000000 0.000000 0.000000 1.570796 0.000000 0.000000
    69 0.000000 0.000000 0.000000 1.570796 0.000000 0.000000
    70 0.000000 0.000000 0.000000 1.570796 0.000000 0.000000
    71 0.000000 0.000000 0.000001 1.570796 0.000000 0.000000
    72 0.000000 0.000000 0.000000 1.570796 0.000000 0.000000
    73 0.000000 0.000000 0.000000 1.570796 0.000000 0.000000
    74 0.000000 0.000000 0.000000 1.570796 0.000000 0.000000
    75 0.000000 0.000000 0.000000 1.570796 0.000000 0.000000
    76 -0.000001 0.000000 0.000000 1.570796 0.000000 0.000000
    77 0.000000 0.000000 0.000000 1.570796 0.000000 0.000000
    78 0.000000 0.000000 0.000000 1.570796 0.000000 0.000000
    79 0.000000 0.000000 0.000000 1.570796 0.000000 0.000000
  time 21
    0 -3.158487 -2.540002 -3.612508 -0.185161 1.059592 0.456406
    1 7.196623 4.312815 -6.410477 -2.021298 0.424926 -1.104174
    2 0.000000 0.000000 0.000000 4.038498 0.604125 1.104876
    3 10.859747 -0.000001 -0.000001 0.272217 0.009287 1.604094
    4 11.118949 -0.012917 -0.055607 -0.110012 0.399529 -0.022177
    5 4.460938 0.096558 -1.193359 1.700635 -0.250355 0.126839
    6 1.534180 -0.000001 -0.000001 0.009042 0.848532 0.011307
    7 0.923828 0.000000 0.000000 0.002695 1.027849 0.003260
    8 4.582031 -0.205322 -0.326172 1.346533 -0.259536 0.638898
    9 1.709961 -0.000007 0.000000 3.036021 1.434016 3.039811
    10 0.998047 0.000000 0.000000 0.026837 -0.314590 -0.022355
    11 4.332031 -0.048065 0.604980 1.141283 -0.111227 1.109616
    12 1.571289 0.000003 0.000003 0.269056 1.478394 0.281975
    13 1.039063 0.000006 0.000000 0.006016 -0.410155 0.011865
    14 3.871094 0.338867 1.439453 1.121923 0.266193 1.782702
    15 1.197266 -0.000006 -0.000016 0.081066 0.567625 0.082907
    16 0.866211 0.000000 -0.000001 -0.008129 -0.487940 -0.000955
    17 1.191406 1.062500 -1.191406 3.072296 0.219014 0.151813
    18 1.987305 -0.000002 0.000000 -0.025970 0.053561 -0.091013
    19 1.217773 0.000004 0.000002 -0.020700 -0.169366 0.027834
    20 9.582013 0.082096 -0.005725 1.605805 -0.079994 1.504941
    21 -1.511719 11.007813 -4.187500 1.244308 0.425693 -2.037295
    22 0.000000 0.000000 0.000000 2.940234 -0.412579 -0.434678
    23 10.859730 0.000013 -0.000005 -0.278671 0.007557 -2.063221
    24 11.118959 0.012915 -0.055609 -1.469672 -0.741354 0.536333
    25 4.462496 -0.096127 -1.190239 -1.674710 0.082094 -0.256626
    26 1.533207 0.000003 0.000000 -0.001689 -0.024107 -0.007557
    27 0.922219 0.000000 0.000000 -0.000168 -0.106573 -0.001706
    28 3.871094 -0.338867 1.439453 -1.480019 0.189903 -1.416936
    29 1.197266 0.000004 -0.000017 -0.127146 1.001777 -0.146524
    30 0.866211 -0.000001 -0.000003 0.009351 0.733784 0.001142
    31 4.582031 0.205322 -0.326172 -1.539698 0.007204 -1.420212
    32 1.709961 0.000006 -0.000002 -0.026879 1.095842 -0.020771
    33 0.998047 -0.000001 0.000001 -0.016608 0.557664 0.006715
    34 4.332031 0.048065 0.604980 -1.502394 0.106974 -1.508525
    35 1.571289 0.000006 -0.000001 -0.060351 1.044535 -0.069431
    36 1.039063 -0.000008 0.000001 -0.009609 0.637010 -0.018240
    37 1.191406 -1.062500 -1.191406 2.688815 0.147029 -0.438545
    38 1.987305 0.000004 0.000002 0.027278 0.315271 0.098085
    39 1.217773 -0.000005 0.000003 0.021152 0.266873 -0.018769
    40 9.578125 -0.084412 -0.006874 -1.606853 -0.254477 -1.498648
    41 -0.871094 11.210938 -11.585938 0.000000 0.000000 -0.000001
    42 -1.311907 -4.861323 -3.251341 -0.185161 1.059592 0.456406
    43 3.786038 -11.821535 -2.418189 -0.185161 1.059592 0.456406
    44 0.000000 0.000000 0.000000 0.000000 0.000000 0.000000
    45 0.000000 0.000000 0.000000 0.000000 0.000000 0.000000
    46 0.000000 0.000000 0.000000 0.000000 0.000000 0.000000
    47 0.000000 0.000000 0.000000 -1.570796 0.000000 0.000000
    48 0.000000 0.000000 0.000000 -1.570796 0.000000 0.000000
    49 0.000000 0.000000 0.000000 -1.570796 0.000000 0.000000
    50 0.000000 0.000000 0.000000 1.570796 0.000000 0.000000
    51 0.000000 0.000000 0.000000 1.570796 0.000000 0.000000
    52 0.000000 0.000000 0.000000 1.570796 0.000000 0.000000
    53 0.000000 0.000000 0.000000 1.570796 0.000000 0.000000
    54 0.000000 0.000000 0.000000 1.570796 0.000000 0.000000
    55 0.000000 0.000000 0.000000 1.570796 0.000000 0.000000
    56 0.000000 0.000000 0.000000 1.570796 0.000000 0.000000
    57 0.000000 0.000000 0.000000 1.570796 0.000000 0.000000
    58 0.000000 0.000000 0.000000 1.570796 0.000000 0.000000
    59 0.000000 0.000000 0.000000 1.570796 0.000000 0.000000
    60 0.000000 0.000000 0.000000 1.570796 0.000000 0.000000
    61 0.000000 0.000000 0.000000 1.570796 0.000000 0.000000
    62 0.000000 0.000001 0.000000 0.000000 0.000000 0.000000
    63 0.000000 0.000000 0.000000 0.000000 0.000000 0.000000
    64 0.000000 0.000000 0.000000 -3.141593 0.000000 0.000000
    65 0.000000 0.000000 0.000000 -1.570796 0.000000 0.000000
    66 0.000000 0.000000 0.000000 -1.570796 0.000000 0.000000
    67 0.000000 0.000000 0.000000 -1.570796 0.000000 0.000000
    68 0.000000 0.000000 0.000000 1.570796 0.000000 0.000000
    69 0.000000 0.000000 0.000000 1.570796 0.000000 0.000000
    70 0.000000 0.000000 0.000000 1.570796 0.000000 0.000000
    71 0.000000 0.000000 0.000001 1.570796 0.000000 0.000000
    72 0.000000 0.000000 0.000000 1.570796 0.000000 0.000000
    73 0.000000 0.000000 0.000000 1.570796 0.000000 0.000000
    74 0.000000 0.000000 0.000000 1.570796 0.000000 0.000000
    75 0.000000 0.000000 0.000000 1.570796 0.000000 0.000000
    76 -0.000001 0.000000 0.000000 1.570796 0.000000 0.000000
    77 0.000000 0.000000 0.000000 1.570796 0.000000 0.000000
    78 0.000000 0.000000 0.000000 1.570796 0.000000 0.000000
    79 0.000000 0.000000 0.000000 1.570796 0.000000 0.000000
  time 22
    0 -3.072547 -2.680631 -3.592976 -0.214654 1.036847 0.438125
    1 7.196623 4.312815 -6.410477 -2.021298 0.424926 -1.104174
    2 0.000000 0.000000 0.000000 3.953943 0.637081 1.002579
    3 10.859747 -0.000001 -0.000001 0.271174 0.009287 1.533663
    4 11.118949 -0.012917 -0.055607 -0.125783 0.358350 -0.030490
    5 4.460938 0.096558 -1.193359 1.700635 -0.250355 0.126839
    6 1.534180 -0.000001 -0.000001 0.009042 0.848532 0.011307
    7 0.923828 0.000000 0.000000 0.002695 1.027849 0.003260
    8 4.582031 -0.205322 -0.326172 1.346533 -0.259536 0.638898
    9 1.709961 -0.000007 0.000000 3.036021 1.434016 3.039811
    10 0.998047 0.000000 0.000000 0.026837 -0.314590 -0.022355
    11 4.332031 -0.048065 0.604980 1.141283 -0.111227 1.109616
    12 1.571289 0.000003 0.000003 0.269056 1.478394 0.281975
    13 1.039063 0.000006 0.000000 0.006016 -0.410155 0.011865
    14 3.871094 0.338867 1.439453 1.121923 0.266193 1.782702
    15 1.197266 -0.000006 -0.000016 0.081066 0.567625 0.082907
    16 0.866211 0.000000 -0.000001 -0.008129 -0.487940 -0.000955
    17 1.191406 1.062500 -1.191406 3.072296 0.219014 0.151813
    18 1.987305 -0.000002 0.000000 -0.025970 0.053561 -0.091013
    19 1.217773 0.000004 0.000002 -0.020700 -0.169366 0.027834
    20 9.582013 0.082096 -0.005725 1.605805 -0.079994 1.504941
    21 -1.511719 11.007813 -4.187500 1.244308 0.425693 -2.037295
    22 0.000000 0.000000 0.000000 2.928908 -0.407089 -0.427366
    23 10.859730 0.000013 -0.000005 -0.278491 0.007629 -2.050452
    24 11.118959 0.012915 -0.055609 -1.438473 -0.725618 0.519052
    25 4.462496 -0.096127 -1.190239 -1.674710 0.082094 -0.256626
    26 1.533207 0.000003 0.000000 -0.001689 -0.024107 -0.007557
    27 0.922219 0.000000 0.000000 -0.000168 -0.106573 -0.001706
    28 3.871094 -0.338867 1.439453 -1.480019 0.189903 -1.416936
    29 1.197266 0.000004 -0.000017 -0.127146 1.001777 -0.146524
    30 0.866211 -0.000001 -0.000003 0.009351 0.733784 0.001142
    31 4.582031 0.205322 -0.326172 -1.539698 0.007204 -1.420212
    32 1.709961 0.000006 -0.000002 -0.026879 1.095842 -0.020771
    33 0.998047 -0.000001 0.000001 -0.016608 0.557664 0.006715
    34 4.332031 0.048065 0.604980 -1.502394 0.106974 -1.508525
    35 1.571289 0.000006 -0.000001 -0.060351 1.044535 -0.069431
    36 1.039063 -0.000008 0.000001 -0.009609 0.637010 -0.018240
    37 1.191406 -1.062500 -1.191406 2.688815 0.147029 -0.438545
    38 1.987305 0.000004 0.000002 0.027278 0.315271 0.098085
    39 1.217773 -0.000005 0.000003 0.021152 0.266873 -0.018769
    40 9.578125 -0.084412 -0.006874 -1.606853 -0.254477 -1.498648
    41 -0.871094 11.210938 -11.585938 0.000000 0.000000 -0.000001
    42 -1.214247 -4.982420 -3.173213 -0.214654 1.036847 0.438125
    43 4.438402 -12.641873 -2.078335 -0.214654 1.036847 0.438125
    44 0.000000 0.000000 0.000000 0.000000 0.000000 0.000000
    45 0.000000 0.000000 0.000000 0.000000 0.000000 0.000000
    46 0.000000 0.000000 0.000000 0.000000 0.000000 0.000000
    47 0.000000 0.000000 0.000000 -1.570796 0.000000 0.000000
    48 0.000000 0.000000 0.000000 -1.570796 0.000000 0.000000
    49 0.000000 0.000000 0.000000 -1.570796 0.000000 0.000000
    50 0.000000 0.000000 0.000000 1.570796 0.000000 0.000000
    51 0.000000 0.000000 0.000000 1.570796 0.000000 0.000000
    52 0.000000 0.000000 0.000000 1.570796 0.000000 0.000000
    53 0.000000 0.000000 0.000000 1.570796 0.000000 0.000000
    54 0.000000 0.000000 0.000000 1.570796 0.000000 0.000000
    55 0.000000 0.000000 0.000000 1.570796 0.000000 0.000000
    56 0.000000 0.000000 0.000000 1.570796 0.000000 0.000000
    57 0.000000 0.000000 0.000000 1.570796 0.000000 0.000000
    58 0.000000 0.000000 0.000000 1.570796 0.000000 0.000000
    59 0.000000 0.000000 0.000000 1.570796 0.000000 0.000000
    60 0.000000 0.000000 0.000000 1.570796 0.000000 0.000000
    61 0.000000 0.000000 0.000000 1.570796 0.000000 0.000000
    62 0.000000 0.000001 0.000000 0.000000 0.000000 0.000000
    63 0.000000 0.000000 0.000000 0.000000 0.000000 0.000000
    64 0.000000 0.000000 0.000000 -3.141593 0.000000 0.000000
    65 0.000000 0.000000 0.000000 -1.570796 0.000000 0.000000
    66 0.000000 0.000000 0.000000 -1.570796 0.000000 0.000000
    67 0.000000 0.000000 0.000000 -1.570796 0.000000 0.000000
    68 0.000000 0.000000 0.000000 1.570796 0.000000 0.000000
    69 0.000000 0.000000 0.000000 1.570796 0.000000 0.000000
    70 0.000000 0.000000 0.000000 1.570796 0.000000 0.000000
    71 0.000000 0.000000 0.000001 1.570796 0.000000 0.000000
    72 0.000000 0.000000 0.000000 1.570796 0.000000 0.000000
    73 0.000000 0.000000 0.000000 1.570796 0.000000 0.000000
    74 0.000000 0.000000 0.000000 1.570796 0.000000 0.000000
    75 0.000000 0.000000 0.000000 1.570796 0.000000 0.000000
    76 -0.000001 0.000000 0.000000 1.570796 0.000000 0.000000
    77 0.000000 0.000000 0.000000 1.570796 0.000000 0.000000
    78 0.000000 0.000000 0.000000 1.570796 0.000000 0.000000
    79 0.000000 0.000000 0.000000 1.570796 0.000000 0.000000
  time 23
    0 -2.986607 -2.813448 -3.573444 -0.239306 0.993900 0.413020
    1 7.196623 4.312815 -6.410477 -1.891975 0.424926 -1.104174
    2 0.000000 0.000000 0.000000 3.791851 0.718530 0.769591
    3 10.859747 -0.000001 -0.000001 0.269856 0.009167 1.442715
    4 11.118949 -0.012917 -0.055607 -0.204221 0.364160 -0.077533
    5 4.460938 0.096558 -1.193359 1.700635 -0.250355 0.126839
    6 1.534180 -0.000001 -0.000001 0.009042 0.848532 0.011307
    7 0.923828 0.000000 0.000000 0.002695 1.027849 0.003260
    8 4.582031 -0.205322 -0.326172 1.346533 -0.259536 0.638898
    9 1.709961 -0.000007 0.000000 3.036021 1.434016 3.039811
    10 0.998047 0.000000 0.000000 0.026837 -0.314590 -0.022355
    11 4.332031 -0.048065 0.604980 1.141283 -0.111227 1.109616
    12 1.571289 0.000003 0.000003 0.269056 1.478394 0.281975
    13 1.039063 0.000006 0.000000 0.006016 -0.410155 0.011865
    14 3.871094 0.338867 1.439453 1.121923 0.266193 1.782702
    15 1.197266 -0.000006 -0.000016 0.081066 0.567625 0.082907
    16 0.866211 0.000000 -0.000001 -0.008129 -0.487940 -0.000955
    17 1.191406 1.062500 -1.191406 3.072296 0.219014 0.151813
    18 1.987305 -0.000002 0.000000 -0.025970 0.053561 -0.091013
    19 1.217773 0.000004 0.000002 -0.020700 -0.169366 0.027834
    20 9.582013 0.082096 -0.005725 1.605805 -0.079994 1.504953
    21 -1.511719 11.007813 -4.187500 1.244308 0.425693 -2.037295
    22 0.000000 0.000000 0.000000 2.917487 -0.401666 -0.420950
    23 10.859730 0.000013 -0.000005 -0.278359 0.007700 -2.039961
    24 11.118959 0.012915 -0.055609 -1.397344 -0.708848 0.518578
    25 4.462496 -0.096127 -1.190239 -1.676016 0.079901 -0.275933
    26 1.533207 0.000003 0.000000 -0.001689 -0.011163 -0.007557
    27 0.922219 0.000000 0.000000 -0.000168 -0.022547 -0.001706
    28 3.871094 -0.338867 1.439453 -1.480019 0.189903 -1.416936
    29 1.197266 0.000004 -0.000017 -0.127146 1.001777 -0.146524
    30 0.866211 -0.000001 -0.000003 0.009351 0.733784 0.001142
    31 4.582031 0.205322 -0.326172 -1.539698 0.007204 -1.420212
    32 1.709961 0.000006 -0.000002 -0.026879 1.095842 -0.020771
    33 0.998047 -0.000001 0.000001 -0.016608 0.557664 0.006715
    34 4.332031 0.048065 0.604980 -1.502394 0.106974 -1.508525
    35 1.571289 0.000006 -0.000001 -0.060351 1.044535 -0.069431
    36 1.039063 -0.000008 0.000001 -0.009609 0.637010 -0.018240
    37 1.191406 -1.062500 -1.191406 2.688815 0.147029 -0.438545
    38 1.987305 0.000004 0.000002 0.027278 0.315271 0.098085
    39 1.217773 -0.000005 0.000003 0.021152 0.266873 -0.018769
    40 9.578125 -0.084412 -0.006874 -1.606853 -0.254477 -1.498648
    41 -0.871094 11.210938 -11.585938 0.000000 0.000000 -0.000001
    42 -1.159558 -5.126956 -3.079461 -0.239306 0.993900 0.413020
    43 4.930604 -13.559869 -1.660354 -0.239306 0.993900 0.413020
    44 0.000000 0.000000 0.000000 0.000000 0.000000 0.000000
    45 0.000000 0.000000 0.000000 0.000000 0.000000 0.000000
    46 0.000000 0.000000 0.000000 0.000000 0.000000 0.000000
    47 0.000000 0.000000 0.000000 -1.570796 0.000000 0.000000
    48 0.000000 0.000000 0.000000 -1.570796 0.000000 0.000000
    49 0.000000 0.000000 0.000000 -1.570796 0.000000 0.000000
    50 0.000000 0.000000 0.000000 1.570796 0.000000 0.000000
    51 0.000000 0.000000 0.000000 1.570796 0.000000 0.000000
    52 0.000000 0.000000 0.000000 1.570796 0.000000 0.000000
    53 0.000000 0.000000 0.000000 1.570796 0.000000 0.000000
    54 0.000000 0.000000 0.000000 1.570796 0.000000 0.000000
    55 0.000000 0.000000 0.000000 1.570796 0.000000 0.000000
    56 0.000000 0.000000 0.000000 1.570796 0.000000 0.000000
    57 0.000000 0.000000 0.000000 1.570796 0.000000 0.000000
    58 0.000000 0.000000 0.000000 1.570796 0.000000 0.000000
    59 0.000000 0.000000 0.000000 1.570796 0.000000 0.000000
    60 0.000000 0.000000 0.000000 1.570796 0.000000 0.000000
    61 0.000000 0.000000 0.000000 1.570796 0.000000 0.000000
    62 0.000000 0.000001 0.000000 0.000000 0.000000 0.000000
    63 0.000000 0.000000 0.000000 0.000000 0.000000 0.000000
    64 0.000000 0.000000 0.000000 -3.141593 0.000000 0.000000
    65 0.000000 0.000000 0.000000 -1.570796 0.000000 0.000000
    66 0.000000 0.000000 0.000000 -1.570796 0.000000 0.000000
    67 0.000000 0.000000 0.000000 -1.570796 0.000000 0.000000
    68 0.000000 0.000000 0.000000 1.570796 0.000000 0.000000
    69 0.000000 0.000000 0.000000 1.570796 0.000000 0.000000
    70 0.000000 0.000000 0.000000 1.570796 0.000000 0.000000
    71 0.000000 0.000000 0.000001 1.570796 0.000000 0.000000
    72 0.000000 0.000000 0.000000 1.570796 0.000000 0.000000
    73 0.000000 0.000000 0.000000 1.570796 0.000000 0.000000
    74 0.000000 0.000000 0.000000 1.570796 0.000000 0.000000
    75 0.000000 0.000000 0.000000 1.570796 0.000000 0.000000
    76 -0.000001 0.000000 0.000000 1.570796 0.000000 0.000000
    77 0.000000 0.000000 0.000000 1.570796 0.000000 0.000000
    78 0.000000 0.000000 0.000000 1.570796 0.000000 0.000000
    79 0.000000 0.000000 0.000000 1.570796 0.000000 0.000000
  time 24
    0 -2.924105 -2.907201 -3.542193 -0.249631 0.915979 0.381259
    1 7.196623 4.312815 -6.410477 -1.568774 0.424926 -1.104174
    2 0.000000 0.000000 0.000000 3.466457 0.776329 0.345798
    3 10.859747 -0.000001 -0.000001 0.268789 0.008987 1.369747
    4 11.118949 -0.012917 -0.055607 -0.369667 0.417887 -0.196899
    5 4.460938 0.096558 -1.193359 1.700635 -0.250355 0.126839
    6 1.534180 -0.000001 -0.000001 0.009042 0.848532 0.011307
    7 0.923828 0.000000 0.000000 0.002695 1.027849 0.003260
    8 4.582031 -0.205322 -0.326172 1.346533 -0.259536 0.638898
    9 1.709961 -0.000007 0.000000 3.036021 1.434016 3.039811
    10 0.998047 0.000000 0.000000 0.026837 -0.314590 -0.022355
    11 4.332031 -0.048065 0.604980 1.141283 -0.111227 1.109616
    12 1.571289 0.000003 0.000003 0.269056 1.478394 0.281975
    13 1.039063 0.000006 0.000000 0.006016 -0.410155 0.011865
    14 3.871094 0.338867 1.439453 1.121923 0.266193 1.782702
    15 1.197266 -0.000006 -0.000016 0.081066 0.567625 0.082907
    16 0.866211 0.000000 -0.000001 -0.008129 -0.487940 -0.000955
    17 1.191406 1.062500 -1.191406 3.072296 0.219014 0.151813
    18 1.987305 -0.000002 0.000000 -0.025970 0.053561 -0.091013
    19 1.217773 0.000004 0.000002 -0.020700 -0.169366 0.027834
    20 9.582013 0.082096 -0.005725 1.605805 -0.079994 1.504953
    21 -1.511719 11.007813 -4.187500 1.244308 0.425693 -2.037295
    22 0.000000 0.000000 0.000000 2.908822 -0.397414 -0.418420
    23 10.859730 0.000013 -0.000005 -0.278311 0.007724 -2.036006
    24 11.118959 0.012915 -0.055609 -1.338272 -0.696030 0.546566
    25 4.462496 -0.096127 -1.190239 -1.679288 0.074412 -0.324219
    26 1.533207 0.000003 0.000000 -0.001689 0.021147 -0.007557
    27 0.922219 0.000000 0.000000 -0.000168 0.187538 -0.001706
    28 3.871094 -0.338867 1.439453 -1.480019 0.189903 -1.416936
    29 1.197266 0.000004 -0.000017 -0.127146 1.001777 -0.146524
    30 0.866211 -0.000001 -0.000003 0.009351 0.733784 0.001142
    31 4.582031 0.205322 -0.326172 -1.539698 0.007204 -1.420212
    32 1.709961 0.000006 -0.000002 -0.026879 1.095842 -0.020771
    33 0.998047 -0.000001 0.000001 -0.016608 0.557664 0.006715
    34 4.332031 0.048065 0.604980 -1.502394 0.106974 -1.508525
    35 1.571289 0.000006 -0.000001 -0.060351 1.044535 -0.069431
    36 1.039063 -0.000008 0.000001 -0.009609 0.637010 -0.018240
    37 1.191406 -1.062500 -1.191406 2.688815 0.147029 -0.438545
    38 1.987305 0.000004 0.000002 0.027278 0.315271 0.098085
    39 1.217773 -0.000005 0.000003 0.021152 0.266873 -0.018769
    40 9.578125 -0.084412 -0.006874 -1.606853 -0.254477 -1.498648
    41 -0.871094 11.210938 -11.585938 0.000000 0.000000 -0.000001
    42 -1.190809 -5.275398 -2.977895 -0.249631 0.915979 0.381259
    43 4.813413 -14.227859 -1.261904 -0.249631 0.915979 0.381259
    44 0.000000 0.000000 0.000000 0.000000 0.000000 0.000000
    45 0.000000 0.000000 0.000000 0.000000 0.000000 0.000000
    46 0.000000 0.000000 0.000000 0.000000 0.000000 0.000000
    47 0.000000 0.000000 0.000000 -1.570796 0.000000 0.000000
    48 0.000000 0.000000 0.000000 -1.570796 0.000000 0.000000
    49 0.000000 0.000000 0.000000 -1.570796 0.000000 0.000000
    50 0.000000 0.000000 0.000000 1.570796 0.000000 0.000000
    51 0.000000 0.000000 0.000000 1.570796 0.000000 0.000000
    52 0.000000 0.000000 0.000000 1.570796 0.000000 0.000000
    53 0.000000 0.000000 0.000000 1.570796 0.000000 0.000000
    54 0.000000 0.000000 0.000000 1.570796 0.000000 0.000000
    55 0.000000 0.000000 0.000000 1.570796 0.000000 0.000000
    56 0.000000 0.000000 0.000000 1.570796 0.000000 0.000000
    57 0.000000 0.000000 0.000000 1.570796 0.000000 0.000000
    58 0.000000 0.000000 0.000000 1.570796 0.000000 0.000000
    59 0.000000 0.000000 0.000000 1.570796 0.000000 0.000000
    60 0.000000 0.000000 0.000000 1.570796 0.000000 0.000000
    61 0.000000 0.000000 0.000000 1.570796 0.000000 0.000000
    62 0.000000 0.000001 0.000000 0.000000 0.000000 0.000000
    63 0.000000 0.000000 0.000000 0.000000 0.000000 0.000000
    64 0.000000 0.000000 0.000000 -3.141593 0.000000 0.000000
    65 0.000000 0.000000 0.000000 -1.570796 0.000000 0.000000
    66 0.000000 0.000000 0.000000 -1.570796 0.000000 0.000000
    67 0.000000 0.000000 0.000000 -1.570796 0.000000 0.000000
    68 0.000000 0.000000 0.000000 1.570796 0.000000 0.000000
    69 0.000000 0.000000 0.000000 1.570796 0.000000 0.000000
    70 0.000000 0.000000 0.000000 1.570796 0.000000 0.000000
    71 0.000000 0.000000 0.000001 1.570796 0.000000 0.000000
    72 0.000000 0.000000 0.000000 1.570796 0.000000 0.000000
    73 0.000000 0.000000 0.000000 1.570796 0.000000 0.000000
    74 0.000000 0.000000 0.000000 1.570796 0.000000 0.000000
    75 0.000000 0.000000 0.000000 1.570796 0.000000 0.000000
    76 -0.000001 0.000000 0.000000 1.570796 0.000000 0.000000
    77 0.000000 0.000000 0.000000 1.570796 0.000000 0.000000
    78 0.000000 0.000000 0.000000 1.570796 0.000000 0.000000
    79 0.000000 0.000000 0.000000 1.570796 0.000000 0.000000
  time 25
    0 -2.892854 -2.961890 -3.499223 -0.224683 0.778404 0.339642
    1 7.196623 4.312815 -6.410477 -1.148527 0.424926 -1.104174
    2 0.000000 0.000000 0.000000 3.062558 0.687409 -0.104700
    3 10.859747 -0.000001 -0.000001 0.267818 0.008747 1.300173
    4 11.118949 -0.012917 -0.055607 -0.542969 0.419182 -0.352011
    5 4.460938 0.096558 -1.193359 1.700635 -0.250355 0.126839
    6 1.534180 -0.000001 -0.000001 0.009042 0.848532 0.011307
    7 0.923828 0.000000 0.000000 0.002695 1.027849 0.003260
    8 4.582031 -0.205322 -0.326172 1.346533 -0.259536 0.638898
    9 1.709961 -0.000007 0.000000 3.036021 1.434016 3.039811
    10 0.998047 0.000000 0.000000 0.026837 -0.314590 -0.022355
    11 4.332031 -0.048065 0.604980 1.141283 -0.111227 1.109616
    12 1.571289 0.000003 0.000003 0.269056 1.478394 0.281975
    13 1.039063 0.000006 0.000000 0.006016 -0.410155 0.011865
    14 3.871094 0.338867 1.439453 1.121923 0.266193 1.782702
    15 1.197266 -0.000006 -0.000016 0.081066 0.567625 0.082907
    16 0.866211 0.000000 -0.000001 -0.008129 -0.487940 -0.000955
    17 1.191406 1.062500 -1.191406 3.072296 0.219014 0.151813
    18 1.987305 -0.000002 0.000000 -0.025970 0.053561 -0.091013
    19 1.217773 0.000004 0.000002 -0.020700 -0.169366 0.027834
    20 9.582013 0.082096 -0.005725 1.605074 -0.036390 1.507350
    21 -1.511719 11.007813 -4.187500 1.244308 0.425693 -2.037295
    22 0.000000 0.000000 0.000000 2.900133 -0.396270 -0.415790
    23 10.859730 0.000013 -0.000005 -0.278371 0.007688 -2.041165
    24 11.118959 0.012915 -0.055609 -1.251276 -0.696769 0.635005
    25 4.462496 -0.096127 -1.190239 -1.683518 0.067281 -0.386995
    26 1.533207 0.000003 0.000000 -0.001689 0.063165 -0.007557
    27 0.922219 0.000000 0.000000 -0.000168 0.460621 -0.001706
    28 3.871094 -0.338867 1.439453 -1.480019 0.189903 -1.416936
    29 1.197266 0.000004 -0.000017 -0.127146 1.001777 -0.146524
    30 0.866211 -0.000001 -0.000003 0.009351 0.733784 0.001142
    31 4.582031 0.205322 -0.326172 -1.539698 0.007204 -1.420212
    32 1.709961 0.000006 -0.000002 -0.026879 1.095842 -0.020771
    33 0.998047 -0.000001 0.000001 -0.016608 0.557664 0.006715
    34 4.332031 0.048065 0.604980 -1.502394 0.106974 -1.508525
    35 1.571289 0.000006 -0.000001 -0.060351 1.044535 -0.069431
    36 1.039063 -0.000008 0.000001 -0.009609 0.637010 -0.018240
    37 1.191406 -1.062500 -1.191406 2.688815 0.147029 -0.438545
    38 1.987305 0.000004 0.000002 0.027278 0.315271 0.098085
    39 1.217773 -0.000005 0.000003 0.021152 0.266873 -0.018769
    40 9.578125 -0.084412 -0.006874 -1.606853 -0.254477 -1.498648
    41 -0.871094 11.210938 -11.585938 0.000000 0.000000 -0.000001
    42 -1.378315 -5.466810 -2.888049 -0.224683 0.778404 0.339642
    43 3.852446 -14.868503 -1.074398 -0.224683 0.778404 0.339642
    44 0.000000 0.000000 0.000000 0.000000 0.000000 0.000000
    45 0.000000 0.000000 0.000000 0.000000 0.000000 0.000000
    46 0.000000 0.000000 0.000000 0.000000 0.000000 0.000000
    47 0.000000 0.000000 0.000000 -1.570796 0.000000 0.000000
    48 0.000000 0.000000 0.000000 -1.570796 0.000000 0.000000
    49 0.000000 0.000000 0.000000 -1.570796 0.000000 0.000000
    50 0.000000 0.000000 0.000000 1.570796 0.000000 0.000000
    51 0.000000 0.000000 0.000000 1.570796 0.000000 0.000000
    52 0.000000 0.000000 0.000000 1.570796 0.000000 0.000000
    53 0.000000 0.000000 0.000000 1.570796 0.000000 0.000000
    54 0.000000 0.000000 0.000000 1.570796 0.000000 0.000000
    55 0.000000 0.000000 0.000000 1.570796 0.000000 0.000000
    56 0.000000 0.000000 0.000000 1.570796 0.000000 0.000000
    57 0.000000 0.000000 0.000000 1.570796 0.000000 0.000000
    58 0.000000 0.000000 0.000000 1.570796 0.000000 0.000000
    59 0.000000 0.000000 0.000000 1.570796 0.000000 0.000000
    60 0.000000 0.000000 0.000000 1.570796 0.000000 0.000000
    61 0.000000 0.000000 0.000000 1.570796 0.000000 0.000000
    62 0.000000 0.000001 0.000000 0.000000 0.000000 0.000000
    63 0.000000 0.000000 0.000000 0.000000 0.000000 0.000000
    64 0.000000 0.000000 0.000000 -3.141593 0.000000 0.000000
    65 0.000000 0.000000 0.000000 -1.570796 0.000000 0.000000
    66 0.000000 0.000000 0.000000 -1.570796 0.000000 0.000000
    67 0.000000 0.000000 0.000000 -1.570796 0.000000 0.000000
    68 0.000000 0.000000 0.000000 1.570796 0.000000 0.000000
    69 0.000000 0.000000 0.000000 1.570796 0.000000 0.000000
    70 0.000000 0.000000 0.000000 1.570796 0.000000 0.000000
    71 0.000000 0.000000 0.000001 1.570796 0.000000 0.000000
    72 0.000000 0.000000 0.000000 1.570796 0.000000 0.000000
    73 0.000000 0.000000 0.000000 1.570796 0.000000 0.000000
    74 0.000000 0.000000 0.000000 1.570796 0.000000 0.000000
    75 0.000000 0.000000 0.000000 1.570796 0.000000 0.000000
    76 -0.000001 0.000000 0.000000 1.570796 0.000000 0.000000
    77 0.000000 0.000000 0.000000 1.570796 0.000000 0.000000
    78 0.000000 0.000000 0.000000 1.570796 0.000000 0.000000
    79 0.000000 0.000000 0.000000 1.570796 0.000000 0.000000
  time 26
    0 -2.873322 -3.000953 -3.448440 -0.162337 0.589300 0.287999
    1 7.196623 4.312815 -6.410477 -0.728440 0.424926 -1.104174
    2 0.000000 0.000000 0.000000 2.746021 0.483201 -0.392624
    3 10.859747 -0.000001 -0.000001 0.266524 0.008340 1.208369
    4 11.118949 -0.012917 -0.055607 -0.648723 0.332834 -0.464802
    5 4.460938 0.096558 -1.193359 1.700635 -0.250355 0.126839
    6 1.534180 -0.000001 -0.000001 0.009042 0.848532 0.011307
    7 0.923828 0.000000 0.000000 0.002695 1.027849 0.003260
    8 4.582031 -0.205322 -0.326172 1.346533 -0.259536 0.638898
    9 1.709961 -0.000007 0.000000 3.036021 1.434016 3.039811
    10 0.998047 0.000000 0.000000 0.026837 -0.314590 -0.022355
    11 4.332031 -0.048065 0.604980 1.141283 -0.111227 1.109616
    12 1.571289 0.000003 0.000003 0.269056 1.478394 0.281975
    13 1.039063 0.000006 0.000000 0.006016 -0.410155 0.011865
    14 3.871094 0.338867 1.439453 1.121923 0.266193 1.782702
    15 1.197266 -0.000006 -0.000016 0.081066 0.567625 0.082907
    16 0.866211 0.000000 -0.000001 -0.008129 -0.487940 -0.000955
    17 1.191406 1.062500 -1.191406 3.072296 0.219014 0.151813
    18 1.987305 -0.000002 0.000000 -0.025970 0.053561 -0.091013
    19 1.217773 0.000004 0.000002 -0.020700 -0.169366 0.027834
    20 9.582013 0.082096 -0.005725 1.604259 0.055654 1.511916
    21 -1.511719 11.007813 -4.187500 1.244308 0.425693 -2.037295
    22 0.000000 0.000000 0.000000 2.887262 -0.400132 -0.405309
    23 10.859730 0.000013 -0.000005 -0.278491 0.007629 -2.050151
    24 11.118959 0.012915 -0.055609 -1.136560 -0.722626 0.776778
    25 4.462496 -0.096127 -1.190239 -1.687773 0.060150 -0.449758
    26 1.533207 0.000003 0.000000 -0.001689 0.105183 -0.007557
    27 0.922219 0.000000 0.000000 -0.000168 0.733704 -0.001706
    28 3.871094 -0.338867 1.439453 -1.480019 0.189903 -1.416936
    29 1.197266 0.000004 -0.000017 -0.127146 1.001777 -0.146524
    30 0.866211 -0.000001 -0.000003 0.009351 0.733784 0.001142
    31 4.582031 0.205322 -0.326172 -1.539698 0.007204 -1.420212
    32 1.709961 0.000006 -0.000002 -0.026879 1.095842 -0.020771
    33 0.998047 -0.000001 0.000001 -0.016608 0.557664 0.006715
    34 4.332031 0.048065 0.604980 -1.502394 0.106974 -1.508525
    35 1.571289 0.000006 -0.000001 -0.060351 1.044535 -0.069431
    36 1.039063 -0.000008 0.000001 -0.009609 0.637010 -0.018240
    37 1.191406 -1.062500 -1.191406 2.688815 0.147029 -0.438545
    38 1.987305 0.000004 0.000002 0.027278 0.315271 0.098085
    39 1.217773 -0.000005 0.000003 0.021152 0.266873 -0.018769
    40 9.578125 -0.084412 -0.006874 -1.606853 -0.254477 -1.498648
    41 -0.871094 11.210938 -11.585938 0.000000 0.000000 -0.000001
    42 -1.694731 -5.689473 -2.884142 -0.162337 0.589300 0.287999
    43 2.371933 -15.696653 -1.320500 -0.162337 0.589300 0.287999
    44 0.000000 0.000000 0.000000 0.000000 0.000000 0.000000
    45 0.000000 0.000000 0.000000 0.000000 0.000000 0.000000
    46 0.000000 0.000000 0.000000 0.000000 0.000000 0.000000
    47 0.000000 0.000000 0.000000 -1.570796 0.000000 0.000000
    48 0.000000 0.000000 0.000000 -1.570796 0.000000 0.000000
    49 0.000000 0.000000 0.000000 -1.570796 0.000000 0.000000
    50 0.000000 0.000000 0.000000 1.570796 0.000000 0.000000
    51 0.000000 0.000000 0.000000 1.570796 0.000000 0.000000
    52 0.000000 0.000000 0.000000 1.570796 0.000000 0.000000
    53 0.000000 0.000000 0.000000 1.570796 0.000000 0.000000
    54 0.000000 0.000000 0.000000 1.570796 0.000000 0.000000
    55 0.000000 0.000000 0.000000 1.570796 0.000000 0.000000
    56 0.000000 0.000000 0.000000 1.570796 0.000000 0.000000
    57 0.000000 0.000000 0.000000 1.570796 0.000000 0.000000
    58 0.000000 0.000000 0.000000 1.570796 0.000000 0.000000
    59 0.000000 0.000000 0.000000 1.570796 0.000000 0.000000
    60 0.000000 0.000000 0.000000 1.570796 0.000000 0.000000
    61 0.000000 0.000000 0.000000 1.570796 0.000000 0.000000
    62 0.000000 0.000001 0.000000 0.000000 0.000000 0.000000
    63 0.000000 0.000000 0.000000 0.000000 0.000000 0.000000
    64 0.000000 0.000000 0.000000 -3.141593 0.000000 0.000000
    65 0.000000 0.000000 0.000000 -1.570796 0.000000 0.000000
    66 0.000000 0.000000 0.000000 -1.570796 0.000000 0.000000
    67 0.000000 0.000000 0.000000 -1.570796 0.000000 0.000000
    68 0.000000 0.000000 0.000000 1.570796 0.000000 0.000000
    69 0.000000 0.000000 0.000000 1.570796 0.000000 0.000000
    70 0.000000 0.000000 0.000000 1.570796 0.000000 0.000000
    71 0.000000 0.000000 0.000001 1.570796 0.000000 0.000000
    72 0.000000 0.000000 0.000000 1.570796 0.000000 0.000000
    73 0.000000 0.000000 0.000000 1.570796 0.000000 0.000000
    74 0.000000 0.000000 0.000000 1.570796 0.000000 0.000000
    75 0.000000 0.000000 0.000000 1.570796 0.000000 0.000000
    76 -0.000001 0.000000 0.000000 1.570796 0.000000 0.000000
    77 0.000000 0.000000 0.000000 1.570796 0.000000 0.000000
    78 0.000000 0.000000 0.000000 1.570796 0.000000 0.000000
    79 0.000000 0.000000 0.000000 1.570796 0.000000 0.000000
  time 27
    0 -2.865510 -3.028298 -3.385938 -0.081218 0.382690 0.231807
    1 7.196623 4.312815 -6.410477 -0.405239 0.424926 -1.104174
    2 0.000000 0.000000 0.000000 2.558035 0.298333 -0.512906
    3 10.859747 -0.000001 -0.000001 0.265493 0.007896 1.132008
    4 11.118949 -0.012917 -0.055607 -0.660209 0.204170 -0.527414
    5 4.460938 0.096558 -1.193359 1.700635 -0.250355 0.126839
    6 1.534180 -0.000001 -0.000001 0.009042 0.848532 0.011307
    7 0.923828 0.000000 0.000000 0.002695 1.027849 0.003260
    8 4.582031 -0.205322 -0.326172 1.346533 -0.259536 0.638898
    9 1.709961 -0.000007 0.000000 3.036021 1.434016 3.039811
    10 0.998047 0.000000 0.000000 0.026837 -0.314590 -0.022355
    11 4.332031 -0.048065 0.604980 1.141283 -0.111227 1.109616
    12 1.571289 0.000003 0.000003 0.269056 1.478394 0.281975
    13 1.039063 0.000006 0.000000 0.006016 -0.410155 0.011865
    14 3.871094 0.338867 1.439453 1.121923 0.266193 1.782702
    15 1.197266 -0.000006 -0.000016 0.081066 0.567625 0.082907
    16 0.866211 0.000000 -0.000001 -0.008129 -0.487940 -0.000955
    17 1.191406 1.062500 -1.191406 3.072296 0.219014 0.151813
    18 1.987305 -0.000002 0.000000 -0.025970 0.053561 -0.091013
    19 1.217773 0.000004 0.000002 -0.020700 -0.169366 0.027834
    20 9.582013 0.082096 -0.005725 1.604403 0.138029 1.515284
    21 -1.511719 11.007813 -4.187500 1.244308 0.425693 -2.037295
    22 0.000000 0.000000 0.000000 2.874103 -0.406618 -0.387916
    23 10.859730 0.000013 -0.000005 -0.278575 0.007605 -2.055869
    24 11.118959 0.012915 -0.055609 -1.008587 -0.778330 0.926479
    25 4.462496 -0.096127 -1.190239 -1.691045 0.054661 -0.498044
    26 1.533207 0.000003 0.000000 -0.001689 0.137518 -0.007557
    27 0.922219 0.000000 0.000000 -0.000168 0.943789 -0.001706
    28 3.871094 -0.338867 1.439453 -1.480019 0.189903 -1.416936
    29 1.197266 0.000004 -0.000017 -0.127146 1.001777 -0.146524
    30 0.866211 -0.000001 -0.000003 0.009351 0.733784 0.001142
    31 4.582031 0.205322 -0.326172 -1.539698 0.007204 -1.420212
    32 1.709961 0.000006 -0.000002 -0.026879 1.095842 -0.020771
    33 0.998047 -0.000001 0.000001 -0.016608 0.557664 0.006715
    34 4.332031 0.048065 0.604980 -1.502394 0.106974 -1.508525
    35 1.571289 0.000006 -0.000001 -0.060351 1.044535 -0.069431
    36 1.039063 -0.000008 0.000001 -0.009609 0.637010 -0.018240
    37 1.191406 -1.062500 -1.191406 2.688815 0.147029 -0.438545
    38 1.987305 0.000004 0.000002 0.027278 0.315271 0.098085
    39 1.217773 -0.000005 0.000003 0.021152 0.266873 -0.018769
    40 9.578125 -0.084412 -0.006874 -1.606853 -0.254477 -1.498648
    41 -0.871094 11.210938 -11.585938 0.000000 0.000000 -0.000001
    42 -2.034585 -5.873072 -2.981801 -0.081218 0.382690 0.231807
    43 0.832823 -16.364643 -2.047084 -0.081218 0.382690 0.231807
    44 0.000000 0.000000 0.000000 0.000000 0.000000 0.000000
    45 0.000000 0.000000 0.000000 0.000000 0.000000 0.000000
    46 0.000000 0.000000 0.000000 0.000000 0.000000 0.000000
    47 0.000000 0.000000 0.000000 -1.570796 0.000000 0.000000
    48 0.000000 0.000000 0.000000 -1.570796 0.000000 0.000000
    49 0.000000 0.000000 0.000000 -1.570796 0.000000 0.000000
    50 0.000000 0.000000 0.000000 1.570796 0.000000 0.000000
    51 0.000000 0.000000 0.000000 1.570796 0.000000 0.000000
    52 0.000000 0.000000 0.000000 1.570796 0.000000 0.000000
    53 0.000000 0.000000 0.000000 1.570796 0.000000 0.000000
    54 0.000000 0.000000 0.000000 1.570796 0.000000 0.000000
    55 0.000000 0.000000 0.000000 1.570796 0.000000 0.000000
    56 0.000000 0.000000 0.000000 1.570796 0.000000 0.000000
    57 0.000000 0.000000 0.000000 1.570796 0.000000 0.000000
    58 0.000000 0.000000 0.000000 1.570796 0.000000 0.000000
    59 0.000000 0.000000 0.000000 1.570796 0.000000 0.000000
    60 0.000000 0.000000 0.000000 1.570796 0.000000 0.000000
    61 0.000000 0.000000 0.000000 1.570796 0.000000 0.000000
    62 0.000000 0.000001 0.000000 0.000000 0.000000 0.000000
    63 0.000000 0.000000 0.000000 0.000000 0.000000 0.000000
    64 0.000000 0.000000 0.000000 -3.141593 0.000000 0.000000
    65 0.000000 0.000000 0.000000 -1.570796 0.000000 0.000000
    66 0.000000 0.000000 0.000000 -1.570796 0.000000 0.000000
    67 0.000000 0.000000 0.000000 -1.570796 0.000000 0.000000
    68 0.000000 0.000000 0.000000 1.570796 0.000000 0.000000
    69 0.000000 0.000000 0.000000 1.570796 0.000000 0.000000
    70 0.000000 0.000000 0.000000 1.570796 0.000000 0.000000
    71 0.000000 0.000000 0.000001 1.570796 0.000000 0.000000
    72 0.000000 0.000000 0.000000 1.570796 0.000000 0.000000
    73 0.000000 0.000000 0.000000 1.570796 0.000000 0.000000
    74 0.000000 0.000000 0.000000 1.570796 0.000000 0.000000
    75 0.000000 0.000000 0.000000 1.570796 0.000000 0.000000
    76 -0.000001 0.000000 0.000000 1.570796 0.000000 0.000000
    77 0.000000 0.000000 0.000000 1.570796 0.000000 0.000000
    78 0.000000 0.000000 0.000000 1.570796 0.000000 0.000000
    79 0.000000 0.000000 0.000000 1.570796 0.000000 0.000000
  time 28
    0 -2.853791 -3.047830 -3.335155 0.000000 0.192864 0.176205
    1 7.196623 4.312815 -6.410477 -0.275969 0.424926 -1.104174
    2 0.000000 0.000000 0.000000 2.503342 0.234676 -0.543971
    3 10.859747 -0.000001 -0.000001 0.264966 0.007645 1.091164
    4 11.118949 -0.012917 -0.055607 -0.594924 0.078638 -0.569507
    5 4.460938 0.096558 -1.193359 1.700635 -0.250355 0.126839
    6 1.534180 -0.000001 -0.000001 0.009042 0.848532 0.011307
    7 0.923828 0.000000 0.000000 0.002695 1.027849 0.003260
    8 4.582031 -0.205322 -0.326172 1.346533 -0.259536 0.638898
    9 1.709961 -0.000007 0.000000 3.036021 1.434016 3.039811
    10 0.998047 0.000000 0.000000 0.026837 -0.314590 -0.022355
    11 4.332031 -0.048065 0.604980 1.141283 -0.111227 1.109616
    12 1.571289 0.000003 0.000003 0.269056 1.478394 0.281975
    13 1.039063 0.000006 0.000000 0.006016 -0.410155 0.011865
    14 3.871094 0.338867 1.439453 1.121923 0.266193 1.782702
    15 1.197266 -0.000006 -0.000016 0.081066 0.567625 0.082907
    16 0.866211 0.000000 -0.000001 -0.008129 -0.487940 -0.000955
    17 1.191406 1.062500 -1.191406 3.072296 0.219014 0.151813
    18 1.987305 -0.000002 0.000000 -0.025970 0.053561 -0.091013
    19 1.217773 0.000004 0.000002 -0.020700 -0.169366 0.027834
    20 9.582013 0.082096 -0.005725 1.605326 0.197813 1.516710
    21 -1.511719 11.007813 -4.187500 1.244308 0.425693 -2.037295
    22 0.000000 0.000000 0.000000 2.863844 -0.413117 -0.369565
    23 10.859730 0.000013 -0.000005 -0.278587 0.007593 -2.056729
    24 11.118959 0.012915 -0.055609 -0.886310 -0.850140 1.049209
    25 4.462496 -0.096127 -1.190239 -1.692327 0.052480 -0.517339
    26 1.533207 0.000003 0.000000 -0.001689 0.150425 -0.007557
    27 0.922219 0.000000 0.000000 -0.000168 1.027815 -0.001706
    28 3.871094 -0.338867 1.439453 -1.480019 0.189903 -1.416936
    29 1.197266 0.000004 -0.000017 -0.127146 1.001777 -0.146524
    30 0.866211 -0.000001 -0.000003 0.009351 0.733784 0.001142
    31 4.582031 0.205322 -0.326172 -1.539698 0.007204 -1.420212
    32 1.709961 0.000006 -0.000002 -0.026879 1.095842 -0.020771
    33 0.998047 -0.000001 0.000001 -0.016608 0.557664 0.006715
    34 4.332031 0.048065 0.604980 -1.502394 0.106974 -1.508525
    35 1.571289 0.000006 -0.000001 -0.060351 1.044535 -0.069431
    36 1.039063 -0.000008 0.000001 -0.009609 0.637010 -0.018240
    37 1.191406 -1.062500 -1.191406 2.688815 0.147029 -0.438545
    38 1.987305 0.000004 0.000002 0.027278 0.315271 0.098085
    39 1.217773 -0.000005 0.000003 0.021152 0.266873 -0.018769
    40 9.578125 -0.084412 -0.006874 -1.606853 -0.254477 -1.498648
    41 -0.871094 11.210938 -11.585938 0.000000 0.000000 -0.000001
    42 -2.304124 -5.982450 -3.145869 0.000000 0.192864 0.176205
    43 -0.362526 -16.720122 -3.015864 0.000000 0.192864 0.176205
    44 0.000000 0.000000 0.000000 0.000000 0.000000 0.000000
    45 0.000000 0.000000 0.000000 0.000000 0.000000 0.000000
    46 0.000000 0.000000 0.000000 0.000000 0.000000 0.000000
    47 0.000000 0.000000 0.000000 -1.570796 0.000000 0.000000
    48 0.000000 0.000000 0.000000 -1.570796 0.000000 0.000000
    49 0.000000 0.000000 0.000000 -1.570796 0.000000 0.000000
    50 0.000000 0.000000 0.000000 1.570796 0.000000 0.000000
    51 0.000000 0.000000 0.000000 1.570796 0.000000 0.000000
    52 0.000000 0.000000 0.000000 1.570796 0.000000 0.000000
    53 0.000000 0.000000 0.000000 1.570796 0.000000 0.000000
    54 0.000000 0.000000 0.000000 1.570796 0.000000 0.000000
    55 0.000000 0.000000 0.000000 1.570796 0.000000 0.000000
    56 0.000000 0.000000 0.000000 1.570796 0.000000 0.000000
    57 0.000000 0.000000 0.000000 1.570796 0.000000 0.000000
    58 0.000000 0.000000 0.000000 1.570796 0.000000 0.000000
    59 0.000000 0.000000 0.000000 1.570796 0.000000 0.000000
    60 0.000000 0.000000 0.000000 1.570796 0.000000 0.000000
    61 0.000000 0.000000 0.000000 1.570796 0.000000 0.000000
    62 0.000000 0.000001 0.000000 0.000000 0.000000 0.000000
    63 0.000000 0.000000 0.000000 0.000000 0.000000 0.000000
    64 0.000000 0.000000 0.000000 -3.141593 0.000000 0.000000
    65 0.000000 0.000000 0.000000 -1.570796 0.000000 0.000000
    66 0.000000 0.000000 0.000000 -1.570796 0.000000 0.000000
    67 0.000000 0.000000 0.000000 -1.570796 0.000000 0.000000
    68 0.000000 0.000000 0.000000 1.570796 0.000000 0.000000
    69 0.000000 0.000000 0.000000 1.570796 0.000000 0.000000
    70 0.000000 0.000000 0.000000 1.570796 0.000000 0.000000
    71 0.000000 0.000000 0.000001 1.570796 0.000000 0.000000
    72 0.000000 0.000000 0.000000 1.570796 0.000000 0.000000
    73 0.000000 0.000000 0.000000 1.570796 0.000000 0.000000
    74 0.000000 0.000000 0.000000 1.570796 0.000000 0.000000
    75 0.000000 0.000000 0.000000 1.570796 0.000000 0.000000
    76 -0.000001 0.000000 0.000000 1.570796 0.000000 0.000000
    77 0.000000 0.000000 0.000000 1.570796 0.000000 0.000000
    78 0.000000 0.000000 0.000000 1.570796 0.000000 0.000000
    79 0.000000 0.000000 0.000000 1.570796 0.000000 0.000000
  time 29
    0 -2.838165 -3.059549 -3.296092 0.062297 0.053883 0.126163
    1 7.196623 4.312815 -6.410477 -0.275969 0.424926 -1.104174
    2 0.000000 0.000000 0.000000 2.522412 0.251651 -0.546042
    3 10.859747 -0.000001 -0.000001 0.264750 0.007525 1.075276
    4 11.118949 -0.012917 -0.055607 -0.511070 -0.013240 -0.603628
    5 4.460938 0.096558 -1.193359 1.700635 -0.250355 0.126839
    6 1.534180 -0.000001 -0.000001 0.009042 0.848532 0.011307
    7 0.923828 0.000000 0.000000 0.002695 1.027849 0.003260
    8 4.582031 -0.205322 -0.326172 1.346533 -0.259536 0.638898
    9 1.709961 -0.000007 0.000000 3.036021 1.434016 3.039811
    10 0.998047 0.000000 0.000000 0.026837 -0.314590 -0.022355
    11 4.332031 -0.048065 0.604980 1.141283 -0.111227 1.109616
    12 1.571289 0.000003 0.000003 0.269056 1.478394 0.281975
    13 1.039063 0.000006 0.000000 0.006016 -0.410155 0.011865
    14 3.871094 0.338867 1.439453 1.121923 0.266193 1.782702
    15 1.197266 -0.000006 -0.000016 0.081066 0.567625 0.082907
    16 0.866211 0.000000 -0.000001 -0.008129 -0.487940 -0.000955
    17 1.191406 1.062500 -1.191406 3.072296 0.219014 0.151813
    18 1.987305 -0.000002 0.000000 -0.025970 0.053561 -0.091013
    19 1.217773 0.000004 0.000002 -0.020700 -0.169366 0.027834
    20 9.582013 0.082096 -0.005725 1.606465 0.247831 1.517261
    21 -1.511719 11.007813 -4.187500 1.244308 0.425693 -2.037295
    22 0.000000 0.000000 0.000000 2.856269 -0.417275 -0.355897
    23 10.859730 0.000013 -0.000005 -0.278587 0.007593 -2.056686
    24 11.118959 0.012915 -0.055609 -0.793367 -0.907912 1.132835
    25 4.462496 -0.096127 -1.190239 -1.692327 0.052480 -0.517339
    26 1.533207 0.000003 0.000000 -0.001689 0.150425 -0.007557
    27 0.922219 0.000000 0.000000 -0.000168 1.027815 -0.001706
    28 3.871094 -0.338867 1.439453 -1.480019 0.189903 -1.416936
    29 1.197266 0.000004 -0.000017 -0.127146 1.001777 -0.146524
    30 0.866211 -0.000001 -0.000003 0.009351 0.733784 0.001142
    31 4.582031 0.205322 -0.326172 -1.539698 0.007204 -1.420212
    32 1.709961 0.000006 -0.000002 -0.026879 1.095842 -0.020771
    33 0.998047 -0.000001 0.000001 -0.016608 0.557664 0.006715
    34 4.332031 0.048065 0.604980 -1.502394 0.106974 -1.508525
    35 1.571289 0.000006 -0.000001 -0.060351 1.044535 -0.069431
    36 1.039063 -0.000008 0.000001 -0.009609 0.637010 -0.018240
    37 1.191406 -1.062500 -1.191406 2.688815 0.147029 -0.438545
    38 1.987305 0.000004 0.000002 0.027278 0.315271 0.098085
    39 1.217773 -0.000005 0.000003 0.021152 0.266873 -0.018769
    40 9.578125 -0.084412 -0.006874 -1.606853 -0.254477 -1.498648
    41 -0.871094 11.210938 -11.585938 0.000000 0.000000 -0.000001
    42 -2.468192 -6.029327 -3.290405 0.062297 0.053883 0.126163
    43 -1.120362 -16.845126 -3.836201 0.062297 0.053883 0.126163
    44 0.000000 0.000000 0.000000 0.000000 0.000000 0.000000
    45 0.000000 0.000000 0.000000 0.000000 0.000000 0.000000
    46 0.000000 0.000000 0.000000 0.000000 0.000000 0.000000
    47 0.000000 0.000000 0.000000 -1.570796 0.000000 0.000000
    48 0.000000 0.000000 0.000000 -1.570796 0.000000 0.000000
    49 0.000000 0.000000 0.000000 -1.570796 0.000000 0.000000
    50 0.000000 0.000000 0.000000 1.570796 0.000000 0.000000
    51 0.000000 0.000000 0.000000 1.570796 0.000000 0.000000
    52 0.000000 0.000000 0.000000 1.570796 0.000000 0.000000
    53 0.000000 0.000000 0.000000 1.570796 0.000000 0.000000
    54 0.000000 0.000000 0.000000 1.570796 0.000000 0.000000
    55 0.000000 0.000000 0.000000 1.570796 0.000000 0.000000
    56 0.000000 0.000000 0.000000 1.570796 0.000000 0.000000
    57 0.000000 0.000000 0.000000 1.570796 0.000000 0.000000
    58 0.000000 0.000000 0.000000 1.570796 0.000000 0.000000
    59 0.000000 0.000000 0.000000 1.570796 0.000000 0.000000
    60 0.000000 0.000000 0.000000 1.570796 0.000000 0.000000
    61 0.000000 0.000000 0.000000 1.570796 0.000000 0.000000
    62 0.000000 0.000001 0.000000 0.000000 0.000000 0.000000
    63 0.000000 0.000000 0.000000 0.000000 0.000000 0.000000
    64 0.000000 0.000000 0.000000 -3.141593 0.000000 0.000000
    65 0.000000 0.000000 0.000000 -1.570796 0.000000 0.000000
    66 0.000000 0.000000 0.000000 -1.570796 0.000000 0.000000
    67 0.000000 0.000000 0.000000 -1.570796 0.000000 0.000000
    68 0.000000 0.000000 0.000000 1.570796 0.000000 0.000000
    69 0.000000 0.000000 0.000000 1.570796 0.000000 0.000000
    70 0.000000 0.000000 0.000000 1.570796 0.000000 0.000000
    71 0.000000 0.000000 0.000001 1.570796 0.000000 0.000000
    72 0.000000 0.000000 0.000000 1.570796 0.000000 0.000000
    73 0.000000 0.000000 0.000000 1.570796 0.000000 0.000000
    74 0.000000 0.000000 0.000000 1.570796 0.000000 0.000000
    75 0.000000 0.000000 0.000000 1.570796 0.000000 0.000000
    76 -0.000001 0.000000 0.000000 1.570796 0.000000 0.000000
    77 0.000000 0.000000 0.000000 1.570796 0.000000 0.000000
    78 0.000000 0.000000 0.000000 1.570796 0.000000 0.000000
    79 0.000000 0.000000 0.000000 1.570796 0.000000 0.000000
  time 30
    0 -2.799101 -3.059549 -3.284373 0.087245 0.000000 0.087242
    1 7.196623 4.312815 -6.410477 -0.275969 0.424926 -1.104174
    2 0.000000 0.000000 0.000000 2.528559 0.256890 -0.557269
    3 10.859747 -0.000001 -0.000001 0.264511 0.007393 1.055425
    4 11.118949 -0.012917 -0.055607 -0.476850 -0.055627 -0.605102
    5 4.460938 0.096558 -1.193359 1.700635 -0.250355 0.126839
    6 1.534180 -0.000001 -0.000001 0.009042 0.848532 0.011307
    7 0.923828 0.000000 0.000000 0.002695 1.027849 0.003260
    8 4.582031 -0.205322 -0.326172 1.346533 -0.259536 0.638898
    9 1.709961 -0.000007 0.000000 3.036021 1.434016 3.039811
    10 0.998047 0.000000 0.000000 0.026837 -0.314590 -0.022355
    11 4.332031 -0.048065 0.604980 1.141283 -0.111227 1.109616
    12 1.571289 0.000003 0.000003 0.269056 1.478394 0.281975
    13 1.039063 0.000006 0.000000 0.006016 -0.410155 0.011865
    14 3.871094 0.338867 1.439453 1.121923 0.266193 1.782702
    15 1.197266 -0.000006 -0.000016 0.081066 0.567625 0.082907
    16 0.866211 0.000000 -0.000001 -0.008129 -0.487940 -0.000955
    17 1.191406 1.062500 -1.191406 3.072296 0.219014 0.151813
    18 1.987305 -0.000002 0.000000 -0.025970 0.053561 -0.091013
    19 1.217773 0.000004 0.000002 -0.020700 -0.169366 0.027834
    20 9.582013 0.082096 -0.005725 1.606992 0.268796 1.517345
    21 -1.511719 11.007813 -4.187500 1.244308 0.425693 -2.037295
    22 0.000000 0.000000 0.000000 2.846634 -0.419253 -0.347629
    23 10.859730 0.000013 -0.000005 -0.278647 0.007569 -2.061587
    24 11.118959 0.012915 -0.055609 -0.758589 -0.917701 1.186983
    25 4.462496 -0.096127 -1.190239 -1.692327 0.052480 -0.517339
    26 1.533207 0.000003 0.000000 -0.001689 0.150425 -0.007557
    27 0.922219 0.000000 0.000000 -0.000168 1.027815 -0.001706
    28 3.871094 -0.338867 1.439453 -1.480019 0.189903 -1.416936
    29 1.197266 0.000004 -0.000017 -0.127146 1.001777 -0.146524
    30 0.866211 -0.000001 -0.000003 0.009351 0.733784 0.001142
    31 4.582031 0.205322 -0.326172 -1.539698 0.007204 -1.420212
    32 1.709961 0.000006 -0.000002 -0.026879 1.095842 -0.020771
    33 0.998047 -0.000001 0.000001 -0.016608 0.557664 0.006715
    34 4.332031 0.048065 0.604980 -1.502394 0.106974 -1.508525
    35 1.571289 0.000006 -0.000001 -0.060351 1.044535 -0.069431
    36 1.039063 -0.000008 0.000001 -0.009609 0.637010 -0.018240
    37 1.191406 -1.062500 -1.191406 2.688815 0.147029 -0.438545
    38 1.987305 0.000004 0.000002 0.027278 0.315271 0.098085
    39 1.217773 -0.000005 0.000003 0.021152 0.266873 -0.018769
    40 9.578125 -0.084412 -0.006874 -1.606853 -0.254477 -1.498648
    41 -0.871094 11.210938 -11.585938 0.000000 0.000000 -0.000001
    42 -2.546319 -6.041046 -3.352906 0.087245 0.000000 0.087242
    43 -1.593032 -16.884190 -4.172149 0.087245 0.000000 0.087242
    44 0.000000 0.000000 0.000000 0.000000 0.000000 0.000000
    45 0.000000 0.000000 0.000000 0.000000 0.000000 0.000000
    46 0.000000 0.000000 0.000000 0.000000 0.000000 0.000000
    47 0.000000 0.000000 0.000000 -1.570796 0.000000 0.000000
    48 0.000000 0.000000 0.000000 -1.570796 0.000000 0.000000
    49 0.000000 0.000000 0.000000 -1.570796 0.000000 0.000000
    50 0.000000 0.000000 0.000000 1.570796 0.000000 0.000000
    51 0.000000 0.000000 0.000000 1.570796 0.000000 0.000000
    52 0.000000 0.000000 0.000000 1.570796 0.000000 0.000000
    53 0.000000 0.000000 0.000000 1.570796 0.000000 0.000000
    54 0.000000 0.000000 0.000000 1.570796 0.000000 0.000000
    55 0.000000 0.000000 0.000000 1.570796 0.000000 0.000000
    56 0.000000 0.000000 0.000000 1.570796 0.000000 0.000000
    57 0.000000 0.000000 0.000000 1.570796 0.000000 0.000000
    58 0.000000 0.000000 0.000000 1.570796 0.000000 0.000000
    59 0.000000 0.000000 0.000000 1.570796 0.000000 0.000000
    60 0.000000 0.000000 0.000000 1.570796 0.000000 0.000000
    61 0.000000 0.000000 0.000000 1.570796 0.000000 0.000000
    62 0.000000 0.000001 0.000000 0.000000 0.000000 0.000000
    63 0.000000 0.000000 0.000000 0.000000 0.000000 0.000000
    64 0.000000 0.000000 0.000000 -3.141593 0.000000 0.000000
    65 0.000000 0.000000 0.000000 -1.570796 0.000000 0.000000
    66 0.000000 0.000000 0.000000 -1.570796 0.000000 0.000000
    67 0.000000 0.000000 0.000000 -1.570796 0.000000 0.000000
    68 0.000000 0.000000 0.000000 1.570796 0.000000 0.000000
    69 0.000000 0.000000 0.000000 1.570796 0.000000 0.000000
    70 0.000000 0.000000 0.000000 1.570796 0.000000 0.000000
    71 0.000000 0.000000 0.000001 1.570796 0.000000 0.000000
    72 0.000000 0.000000 0.000000 1.570796 0.000000 0.000000
    73 0.000000 0.000000 0.000000 1.570796 0.000000 0.000000
    74 0.000000 0.000000 0.000000 1.570796 0.000000 0.000000
    75 0.000000 0.000000 0.000000 1.570796 0.000000 0.000000
    76 -0.000001 0.000000 0.000000 1.570796 0.000000 0.000000
    77 0.000000 0.000000 0.000000 1.570796 0.000000 0.000000
    78 0.000000 0.000000 0.000000 1.570796 0.000000 0.000000
    79 0.000000 0.000000 0.000000 1.570796 0.000000 0.000000
  time 31
    0 -2.728787 -3.055643 -3.307811 0.080724 0.000000 0.058598
    1 7.196623 4.312815 -6.410477 -0.275969 0.424926 -1.104174
    2 0.000000 0.000000 0.000000 2.524832 0.251740 -0.577979
    3 10.859747 -0.000001 -0.000001 0.264151 0.007177 1.027773
    4 11.118949 -0.012917 -0.055607 -0.474946 -0.066004 -0.576725
    5 4.460938 0.096558 -1.193359 1.700635 -0.250355 0.126839
    6 1.534180 -0.000001 -0.000001 0.009042 0.848532 0.011307
    7 0.923828 0.000000 0.000000 0.002695 1.027849 0.003260
    8 4.582031 -0.205322 -0.326172 1.346533 -0.259536 0.638898
    9 1.709961 -0.000007 0.000000 3.036021 1.434016 3.039811
    10 0.998047 0.000000 0.000000 0.026837 -0.314590 -0.022355
    11 4.332031 -0.048065 0.604980 1.141283 -0.111227 1.109616
    12 1.571289 0.000003 0.000003 0.269056 1.478394 0.281975
    13 1.039063 0.000006 0.000000 0.006016 -0.410155 0.011865
    14 3.871094 0.338867 1.439453 1.121923 0.266193 1.782702
    15 1.197266 -0.000006 -0.000016 0.081066 0.567625 0.082907
    16 0.866211 0.000000 -0.000001 -0.008129 -0.487940 -0.000955
    17 1.191406 1.062500 -1.191406 3.072296 0.219014 0.151813
    18 1.987305 -0.000002 0.000000 -0.025970 0.053561 -0.091013
    19 1.217773 0.000004 0.000002 -0.020700 -0.169366 0.027834
    20 9.582013 0.082096 -0.005725 1.606992 0.268796 1.517345
    21 -1.511719 11.007813 -4.187500 1.244308 0.425693 -2.037295
    22 0.000000 0.000000 0.000000 2.833583 -0.418392 -0.345437
    23 10.859730 0.000013 -0.000005 -0.278791 0.007497 -2.072034
    24 11.118959 0.012915 -0.055609 -0.756472 -0.887263 1.218970
    25 4.462496 -0.096127 -1.190239 -1.692327 0.052480 -0.517339
    26 1.533207 0.000003 0.000000 -0.001689 0.150425 -0.007557
    27 0.922219 0.000000 0.000000 -0.000168 1.027815 -0.001706
    28 3.871094 -0.338867 1.439453 -1.480019 0.189903 -1.416936
    29 1.197266 0.000004 -0.000017 -0.127146 1.001777 -0.146524
    30 0.866211 -0.000001 -0.000003 0.009351 0.733784 0.001142
    31 4.582031 0.205322 -0.326172 -1.539698 0.007204 -1.420212
    32 1.709961 0.000006 -0.000002 -0.026879 1.095842 -0.020771
    33 0.998047 -0.000001 0.000001 -0.016608 0.557664 0.006715
    34 4.332031 0.048065 0.604980 -1.502394 0.106974 -1.508525
    35 1.571289 0.000006 -0.000001 -0.060351 1.044535 -0.069431
    36 1.039063 -0.000008 0.000001 -0.009609 0.637010 -0.018240
    37 1.191406 -1.062500 -1.191406 2.688815 0.147029 -0.438545
    38 1.987305 0.000004 0.000002 0.027278 0.315271 0.098085
    39 1.217773 -0.000005 0.000003 0.021152 0.266873 -0.018769
    40 9.578125 -0.084412 -0.006874 -1.606853 -0.254477 -1.498648
    41 -0.871094 11.210938 -11.585938 0.000000 0.000000 -0.000001
    42 -2.561945 -6.041046 -3.352906 0.080724 0.000000 0.058598
    43 -1.917261 -16.911534 -4.101834 0.080724 0.000000 0.058598
    44 0.000000 0.000000 0.000000 0.000000 0.000000 0.000000
    45 0.000000 0.000000 0.000000 0.000000 0.000000 0.000000
    46 0.000000 0.000000 0.000000 0.000000 0.000000 0.000000
    47 0.000000 0.000000 0.000000 -1.570796 0.000000 0.000000
    48 0.000000 0.000000 0.000000 -1.570796 0.000000 0.000000
    49 0.000000 0.000000 0.000000 -1.570796 0.000000 0.000000
    50 0.000000 0.000000 0.000000 1.570796 0.000000 0.000000
    51 0.000000 0.000000 0.000000 1.570796 0.000000 0.000000
    52 0.000000 0.000000 0.000000 1.570796 0.000000 0.000000
    53 0.000000 0.000000 0.000000 1.570796 0.000000 0.000000
    54 0.000000 0.000000 0.000000 1.570796 0.000000 0.000000
    55 0.000000 0.000000 0.000000 1.570796 0.000000 0.000000
    56 0.000000 0.000000 0.000000 1.570796 0.000000 0.000000
    57 0.000000 0.000000 0.000000 1.570796 0.000000 0.000000
    58 0.000000 0.000000 0.000000 1.570796 0.000000 0.000000
    59 0.000000 0.000000 0.000000 1.570796 0.000000 0.000000
    60 0.000000 0.000000 0.000000 1.570796 0.000000 0.000000
    61 0.000000 0.000000 0.000000 1.570796 0.000000 0.000000
    62 0.000000 0.000001 0.000000 0.000000 0.000000 0.000000
    63 0.000000 0.000000 0.000000 0.000000 0.000000 0.000000
    64 0.000000 0.000000 0.000000 -3.141593 0.000000 0.000000
    65 0.000000 0.000000 0.000000 -1.570796 0.000000 0.000000
    66 0.000000 0.000000 0.000000 -1.570796 0.000000 0.000000
    67 0.000000 0.000000 0.000000 -1.570796 0.000000 0.000000
    68 0.000000 0.000000 0.000000 1.570796 0.000000 0.000000
    69 0.000000 0.000000 0.000000 1.570796 0.000000 0.000000
    70 0.000000 0.000000 0.000000 1.570796 0.000000 0.000000
    71 0.000000 0.000000 0.000001 1.570796 0.000000 0.000000
    72 0.000000 0.000000 0.000000 1.570796 0.000000 0.000000
    73 0.000000 0.000000 0.000000 1.570796 0.000000 0.000000
    74 0.000000 0.000000 0.000000 1.570796 0.000000 0.000000
    75 0.000000 0.000000 0.000000 1.570796 0.000000 0.000000
    76 -0.000001 0.000000 0.000000 1.570796 0.000000 0.000000
    77 0.000000 0.000000 0.000000 1.570796 0.000000 0.000000
    78 0.000000 0.000000 0.000000 1.570796 0.000000 0.000000
    79 0.000000 0.000000 0.000000 1.570796 0.000000 0.000000
  time 32
    0 -2.635034 -3.047830 -3.362500 0.064619 0.000000 0.036273
    1 7.196623 4.312815 -6.410477 -0.275969 0.424926 -1.104174
    2 0.000000 0.000000 0.000000 2.519315 0.244092 -0.594438
    3 10.859747 -0.000001 -0.000001 0.263900 0.007022 1.006463
    4 11.118949 -0.012917 -0.055607 -0.468578 -0.072147 -0.547969
    5 4.460938 0.096558 -1.193359 1.700635 -0.250355 0.126839
    6 1.534180 -0.000001 -0.000001 0.009042 0.848532 0.011307
    7 0.923828 0.000000 0.000000 0.002695 1.027849 0.003260
    8 4.582031 -0.205322 -0.326172 1.346533 -0.259536 0.638898
    9 1.709961 -0.000007 0.000000 3.036021 1.434016 3.039811
    10 0.998047 0.000000 0.000000 0.026837 -0.314590 -0.022355
    11 4.332031 -0.048065 0.604980 1.141283 -0.111227 1.109616
    12 1.571289 0.000003 0.000003 0.269056 1.478394 0.281975
    13 1.039063 0.000006 0.000000 0.006016 -0.410155 0.011865
    14 3.871094 0.338867 1.439453 1.121923 0.266193 1.782702
    15 1.197266 -0.000006 -0.000016 0.081066 0.567625 0.082907
    16 0.866211 0.000000 -0.000001 -0.008129 -0.487940 -0.000955
    17 1.191406 1.062500 -1.191406 3.072296 0.219014 0.151813
    18 1.987305 -0.000002 0.000000 -0.025970 0.053561 -0.091013
    19 1.217773 0.000004 0.000002 -0.020700 -0.169366 0.027834
    20 9.582013 0.082096 -0.005725 1.606992 0.268796 1.517345
    21 -1.511719 11.007813 -4.187500 1.244308 0.425693 -2.037295
    22 0.000000 0.000000 0.000000 2.820220 -0.414355 -0.349462
    23 10.859730 0.000013 -0.000005 -0.278934 0.007401 -2.084287
    24 11.118959 0.012915 -0.055609 -0.745081 -0.848367 1.232388
    25 4.462496 -0.096127 -1.190239 -1.692327 0.052480 -0.517339
    26 1.533207 0.000003 0.000000 -0.001689 0.150425 -0.007557
    27 0.922219 0.000000 0.000000 -0.000168 1.027815 -0.001706
    28 3.871094 -0.338867 1.439453 -1.480019 0.189903 -1.416936
    29 1.197266 0.000004 -0.000017 -0.127146 1.001777 -0.146524
    30 0.866211 -0.000001 -0.000003 0.009351 0.733784 0.001142
    31 4.582031 0.205322 -0.326172 -1.539698 0.007204 -1.420212
    32 1.709961 0.000006 -0.000002 -0.026879 1.095842 -0.020771
    33 0.998047 -0.000001 0.000001 -0.016608 0.557664 0.006715
    34 4.332031 0.048065 0.604980 -1.502394 0.106974 -1.508525
    35 1.571289 0.000006 -0.000001 -0.060351 1.044535 -0.069431
    36 1.039063 -0.000008 0.000001 -0.009609 0.637010 -0.018240
    37 1.191406 -1.062500 -1.191406 2.688815 0.147029 -0.438545
    38 1.987305 0.000004 0.000002 0.027278 0.315271 0.098085
    39 1.217773 -0.000005 0.000003 0.021152 0.266873 -0.018769
    40 9.578125 -0.084412 -0.006874 -1.606853 -0.254477 -1.498648
    41 -0.871094 11.210938 -11.585938 0.000000 0.000000 -0.000001
    42 -2.530694 -6.037140 -3.360719 0.064619 0.000000 0.036273
    43 -2.132111 -16.927160 -3.937767 0.064619 0.000000 0.036273
    44 0.000000 0.000000 0.000000 0.000000 0.000000 0.000000
    45 0.000000 0.000000 0.000000 0.000000 0.000000 0.000000
    46 0.000000 0.000000 0.000000 0.000000 0.000000 0.000000
    47 0.000000 0.000000 0.000000 -1.570796 0.000000 0.000000
    48 0.000000 0.000000 0.000000 -1.570796 0.000000 0.000000
    49 0.000000 0.000000 0.000000 -1.570796 0.000000 0.000000
    50 0.000000 0.000000 0.000000 1.570796 0.000000 0.000000
    51 0.000000 0.000000 0.000000 1.570796 0.000000 0.000000
    52 0.000000 0.000000 0.000000 1.570796 0.000000 0.000000
    53 0.000000 0.000000 0.000000 1.570796 0.000000 0.000000
    54 0.000000 0.000000 0.000000 1.570796 0.000000 0.000000
    55 0.000000 0.000000 0.000000 1.570796 0.000000 0.000000
    56 0.000000 0.000000 0.000000 1.570796 0.000000 0.000000
    57 0.000000 0.000000 0.000000 1.570796 0.000000 0.000000
    58 0.000000 0.000000 0.000000 1.570796 0.000000 0.000000
    59 0.000000 0.000000 0.000000 1.570796 0.000000 0.000000
    60 0.000000 0.000000 0.000000 1.570796 0.000000 0.000000
    61 0.000000 0.000000 0.000000 1.570796 0.000000 0.000000
    62 0.000000 0.000001 0.000000 0.000000 0.000000 0.000000
    63 0.000000 0.000000 0.000000 0.000000 0.000000 0.000000
    64 0.000000 0.000000 0.000000 -3.141593 0.000000 0.000000
    65 0.000000 0.000000 0.000000 -1.570796 0.000000 0.000000
    66 0.000000 0.000000 0.000000 -1.570796 0.000000 0.000000
    67 0.000000 0.000000 0.000000 -1.570796 0.000000 0.000000
    68 0.000000 0.000000 0.000000 1.570796 0.000000 0.000000
    69 0.000000 0.000000 0.000000 1.570796 0.000000 0.000000
    70 0.000000 0.000000 0.000000 1.570796 0.000000 0.000000
    71 0.000000 0.000000 0.000001 1.570796 0.000000 0.000000
    72 0.000000 0.000000 0.000000 1.570796 0.000000 0.000000
    73 0.000000 0.000000 0.000000 1.570796 0.000000 0.000000
    74 0.000000 0.000000 0.000000 1.570796 0.000000 0.000000
    75 0.000000 0.000000 0.000000 1.570796 0.000000 0.000000
    76 -0.000001 0.000000 0.000000 1.570796 0.000000 0.000000
    77 0.000000 0.000000 0.000000 1.570796 0.000000 0.000000
    78 0.000000 0.000000 0.000000 1.570796 0.000000 0.000000
    79 0.000000 0.000000 0.000000 1.570796 0.000000 0.000000
  time 33
    0 -2.525656 -3.028298 -3.436721 0.043573 0.000000 0.019761
    1 7.196623 4.312815 -6.410477 -0.275969 0.424926 -1.104174
    2 0.000000 0.000000 0.000000 2.512393 0.236003 -0.607246
    3 10.859747 -0.000001 -0.000001 0.263708 0.006902 0.991305
    4 11.118949 -0.012917 -0.055607 -0.459115 -0.075192 -0.521519
    5 4.460938 0.096558 -1.193359 1.700635 -0.250355 0.126839
    6 1.534180 -0.000001 -0.000001 0.009042 0.848532 0.011307
    7 0.923828 0.000000 0.000000 0.002695 1.027849 0.003260
    8 4.582031 -0.205322 -0.326172 1.346533 -0.259536 0.638898
    9 1.709961 -0.000007 0.000000 3.036021 1.434016 3.039811
    10 0.998047 0.000000 0.000000 0.026837 -0.314590 -0.022355
    11 4.332031 -0.048065 0.604980 1.141283 -0.111227 1.109616
    12 1.571289 0.000003 0.000003 0.269056 1.478394 0.281975
    13 1.039063 0.000006 0.000000 0.006016 -0.410155 0.011865
    14 3.871094 0.338867 1.439453 1.121923 0.266193 1.782702
    15 1.197266 -0.000006 -0.000016 0.081066 0.567625 0.082907
    16 0.866211 0.000000 -0.000001 -0.008129 -0.487940 -0.000955
    17 1.191406 1.062500 -1.191406 3.072296 0.219014 0.151813
    18 1.987305 -0.000002 0.000000 -0.025970 0.053561 -0.091013
    19 1.217773 0.000004 0.000002 -0.020700 -0.169366 0.027834
    20 9.582013 0.082096 -0.005725 1.606992 0.268796 1.517345
    21 -1.511719 11.007813 -4.187500 1.244308 0.425693 -2.037295
    22 0.000000 0.000000 0.000000 2.807288 -0.408717 -0.356973
    23 10.859730 0.000013 -0.000005 -0.279090 0.007305 -2.096411
    24 11.118959 0.012915 -0.055609 -0.729960 -0.806773 1.234218
    25 4.462496 -0.096127 -1.190239 -1.692327 0.052480 -0.517339
    26 1.533207 0.000003 0.000000 -0.001689 0.150425 -0.007557
    27 0.922219 0.000000 0.000000 -0.000168 1.027815 -0.001706
    28 3.871094 -0.338867 1.439453 -1.480019 0.189903 -1.416936
    29 1.197266 0.000004 -0.000017 -0.127146 1.001777 -0.146524
    30 0.866211 -0.000001 -0.000003 0.009351 0.733784 0.001142
    31 4.582031 0.205322 -0.326172 -1.539698 0.007204 -1.420212
    32 1.709961 0.000006 -0.000002 -0.026879 1.095842 -0.020771
    33 0.998047 -0.000001 0.000001 -0.016608 0.557664 0.006715
    34 4.332031 0.048065 0.604980 -1.502394 0.106974 -1.508525
    35 1.571289 0.000006 -0.000001 -0.060351 1.044535 -0.069431
    36 1.039063 -0.000008 0.000001 -0.009609 0.637010 -0.018240
    37 1.191406 -1.062500 -1.191406 2.688815 0.147029 -0.438545
    38 1.987305 0.000004 0.000002 0.027278 0.315271 0.098085
    39 1.217773 -0.000005 0.000003 0.021152 0.266873 -0.018769
    40 9.578125 -0.084412 -0.006874 -1.606853 -0.254477 -1.498648
    41 -0.871094 11.210938 -11.585938 0.000000 0.000000 -0.000001
    42 -2.476005 -6.017608 -3.376345 0.043573 0.000000 0.019761
    43 -2.257115 -16.927160 -3.715104 0.043573 0.000000 0.019761
    44 0.000000 0.000000 0.000000 0.000000 0.000000 0.000000
    45 0.000000 0.000000 0.000000 0.000000 0.000000 0.000000
    46 0.000000 0.000000 0.000000 0.000000 0.000000 0.000000
    47 0.000000 0.000000 0.000000 -1.570796 0.000000 0.000000
    48 0.000000 0.000000 0.000000 -1.570796 0.000000 0.000000
    49 0.000000 0.000000 0.000000 -1.570796 0.000000 0.000000
    50 0.000000 0.000000 0.000000 1.570796 0.000000 0.000000
    51 0.000000 0.000000 0.000000 1.570796 0.000000 0.000000
    52 0.000000 0.000000 0.000000 1.570796 0.000000 0.000000
    53 0.000000 0.000000 0.000000 1.570796 0.000000 0.000000
    54 0.000000 0.000000 0.000000 1.570796 0.000000 0.000000
    55 0.000000 0.000000 0.000000 1.570796 0.000000 0.000000
    56 0.000000 0.000000 0.000000 1.570796 0.000000 0.000000
    57 0.000000 0.000000 0.000000 1.570796 0.000000 0.000000
    58 0.000000 0.000000 0.000000 1.570796 0.000000 0.000000
    59 0.000000 0.000000 0.000000 1.570796 0.000000 0.000000
    60 0.000000 0.000000 0.000000 1.570796 0.000000 0.000000
    61 0.000000 0.000000 0.000000 1.570796 0.000000 0.000000
    62 0.000000 0.000001 0.000000 0.000000 0.000000 0.000000
    63 0.000000 0.000000 0.000000 0.000000 0.000000 0.000000
    64 0.000000 0.000000 0.000000 -3.141593 0.000000 0.000000
    65 0.000000 0.000000 0.000000 -1.570796 0.000000 0.000000
    66 0.000000 0.000000 0.000000 -1.570796 0.000000 0.000000
    67 0.000000 0.000000 0.000000 -1.570796 0.000000 0.000000
    68 0.000000 0.000000 0.000000 1.570796 0.000000 0.000000
    69 0.000000 0.000000 0.000000 1.570796 0.000000 0.000000
    70 0.000000 0.000000 0.000000 1.570796 0.000000 0.000000
    71 0.000000 0.000000 0.000001 1.570796 0.000000 0.000000
    72 0.000000 0.000000 0.000000 1.570796 0.000000 0.000000
    73 0.000000 0.000000 0.000000 1.570796 0.000000 0.000000
    74 0.000000 0.000000 0.000000 1.570796 0.000000 0.000000
    75 0.000000 0.000000 0.000000 1.570796 0.000000 0.000000
    76 -0.000001 0.000000 0.000000 1.570796 0.000000 0.000000
    77 0.000000 0.000000 0.000000 1.570796 0.000000 0.000000
    78 0.000000 0.000000 0.000000 1.570796 0.000000 0.000000
    79 0.000000 0.000000 0.000000 1.570796 0.000000 0.000000
  time 34
    0 -2.435809 -3.012673 -3.510942 0.022577 0.000000 0.008472
    1 7.196623 4.312815 -6.410477 -0.275969 0.424926 -1.104174
    2 0.000000 0.000000 0.000000 2.506198 0.228510 -0.616021
    3 10.859747 -0.000001 -0.000001 0.263600 0.006830 0.981792
    4 11.118949 -0.012917 -0.055607 -0.449772 -0.076260 -0.499868
    5 4.460938 0.096558 -1.193359 1.700635 -0.250355 0.126839
    6 1.534180 -0.000001 -0.000001 0.009042 0.848532 0.011307
    7 0.923828 0.000000 0.000000 0.002695 1.027849 0.003260
    8 4.582031 -0.205322 -0.326172 1.346533 -0.259536 0.638898
    9 1.709961 -0.000007 0.000000 3.036021 1.434016 3.039811
    10 0.998047 0.000000 0.000000 0.026837 -0.314590 -0.022355
    11 4.332031 -0.048065 0.604980 1.141283 -0.111227 1.109616
    12 1.571289 0.000003 0.000003 0.269056 1.478394 0.281975
    13 1.039063 0.000006 0.000000 0.006016 -0.410155 0.011865
    14 3.871094 0.338867 1.439453 1.121923 0.266193 1.782702
    15 1.197266 -0.000006 -0.000016 0.081066 0.567625 0.082907
    16 0.866211 0.000000 -0.000001 -0.008129 -0.487940 -0.000955
    17 1.191406 1.062500 -1.191406 3.072296 0.219014 0.151813
    18 1.987305 -0.000002 0.000000 -0.025970 0.053561 -0.091013
    19 1.217773 0.000004 0.000002 -0.020700 -0.169366 0.027834
    20 9.582013 0.082096 -0.005725 1.606992 0.268796 1.517345
    21 -1.511719 11.007813 -4.187500 1.244308 0.425693 -2.037295
    22 0.000000 0.000000 0.000000 2.796131 -0.402837 -0.365501
    23 10.859730 0.000013 -0.000005 -0.279210 0.007245 -2.106730
    24 11.118959 0.012915 -0.055609 -0.715797 -0.768689 1.229948
    25 4.462496 -0.096127 -1.190239 -1.692327 0.052480 -0.517339
    26 1.533207 0.000003 0.000000 -0.001689 0.150425 -0.007557
    27 0.922219 0.000000 0.000000 -0.000168 1.027815 -0.001706
    28 3.871094 -0.338867 1.439453 -1.480019 0.189903 -1.416936
    29 1.197266 0.000004 -0.000017 -0.127146 1.001777 -0.146524
    30 0.866211 -0.000001 -0.000003 0.009351 0.733784 0.001142
    31 4.582031 0.205322 -0.326172 -1.539698 0.007204 -1.420212
    32 1.709961 0.000006 -0.000002 -0.026879 1.095842 -0.020771
    33 0.998047 -0.000001 0.000001 -0.016608 0.557664 0.006715
    34 4.332031 0.048065 0.604980 -1.502394 0.106974 -1.508525
    35 1.571289 0.000006 -0.000001 -0.060351 1.044535 -0.069431
    36 1.039063 -0.000008 0.000001 -0.009609 0.637010 -0.018240
    37 1.191406 -1.062500 -1.191406 2.688815 0.147029 -0.438545
    38 1.987305 0.000004 0.000002 0.027278 0.315271 0.098085
    39 1.217773 -0.000005 0.000003 0.021152 0.266873 -0.018769
    40 9.578125 -0.084412 -0.006874 -1.606853 -0.254477 -1.498648
    41 -0.871094 11.210938 -11.585938 0.000000 0.000000 -0.000001
    42 -2.413503 -6.001982 -3.384157 0.022577 0.000000 0.008472
    43 -2.315711 -16.915441 -3.500254 0.022577 0.000000 0.008472
    44 0.000000 0.000000 0.000000 0.000000 0.000000 0.000000
    45 0.000000 0.000000 0.000000 0.000000 0.000000 0.000000
    46 0.000000 0.000000 0.000000 0.000000 0.000000 0.000000
    47 0.000000 0.000000 0.000000 -1.570796 0.000000 0.000000
    48 0.000000 0.000000 0.000000 -1.570796 0.000000 0.000000
    49 0.000000 0.000000 0.000000 -1.570796 0.000000 0.000000
    50 0.000000 0.000000 0.000000 1.570796 0.000000 0.000000
    51 0.000000 0.000000 0.000000 1.570796 0.000000 0.000000
    52 0.000000 0.000000 0.000000 1.570796 0.000000 0.000000
    53 0.000000 0.000000 0.000000 1.570796 0.000000 0.000000
    54 0.000000 0.000000 0.000000 1.570796 0.000000 0.000000
    55 0.000000 0.000000 0.000000 1.570796 0.000000 0.000000
    56 0.000000 0.000000 0.000000 1.570796 0.000000 0.000000
    57 0.000000 0.000000 0.000000 1.570796 0.000000 0.000000
    58 0.000000 0.000000 0.000000 1.570796 0.000000 0.000000
    59 0.000000 0.000000 0.000000 1.570796 0.000000 0.000000
    60 0.000000 0.000000 0.000000 1.570796 0.000000 0.000000
    61 0.000000 0.000000 0.000000 1.570796 0.000000 0.000000
    62 0.000000 0.000001 0.000000 0.000000 0.000000 0.000000
    63 0.000000 0.000000 0.000000 0.000000 0.000000 0.000000
    64 0.000000 0.000000 0.000000 -3.141593 0.000000 0.000000
    65 0.000000 0.000000 0.000000 -1.570796 0.000000 0.000000
    66 0.000000 0.000000 0.000000 -1.570796 0.000000 0.000000
    67 0.000000 0.000000 0.000000 -1.570796 0.000000 0.000000
    68 0.000000 0.000000 0.000000 1.570796 0.000000 0.000000
    69 0.000000 0.000000 0.000000 1.570796 0.000000 0.000000
    70 0.000000 0.000000 0.000000 1.570796 0.000000 0.000000
    71 0.000000 0.000000 0.000001 1.570796 0.000000 0.000000
    72 0.000000 0.000000 0.000000 1.570796 0.000000 0.000000
    73 0.000000 0.000000 0.000000 1.570796 0.000000 0.000000
    74 0.000000 0.000000 0.000000 1.570796 0.000000 0.000000
    75 0.000000 0.000000 0.000000 1.570796 0.000000 0.000000
    76 -0.000001 0.000000 0.000000 1.570796 0.000000 0.000000
    77 0.000000 0.000000 0.000000 1.570796 0.000000 0.000000
    78 0.000000 0.000000 0.000000 1.570796 0.000000 0.000000
    79 0.000000 0.000000 0.000000 1.570796 0.000000 0.000000
  time 35
    0 -2.365494 -3.000953 -3.569538 0.006373 0.000000 0.001901
    1 7.196623 4.312815 -6.410477 -0.275969 0.424926 -1.104174
    2 0.000000 0.000000 0.000000 2.501648 0.223117 -0.621089
    3 10.859747 -0.000001 -0.000001 0.263540 0.006782 0.977067
    4 11.118949 -0.012917 -0.055607 -0.442571 -0.076295 -0.485282
    5 4.460938 0.096558 -1.193359 1.700635 -0.250355 0.126839
    6 1.534180 -0.000001 -0.000001 0.009042 0.848532 0.011307
    7 0.923828 0.000000 0.000000 0.002695 1.027849 0.003260
    8 4.582031 -0.205322 -0.326172 1.346533 -0.259536 0.638898
    9 1.709961 -0.000007 0.000000 3.036021 1.434016 3.039811
    10 0.998047 0.000000 0.000000 0.026837 -0.314590 -0.022355
    11 4.332031 -0.048065 0.604980 1.141283 -0.111227 1.109616
    12 1.571289 0.000003 0.000003 0.269056 1.478394 0.281975
    13 1.039063 0.000006 0.000000 0.006016 -0.410155 0.011865
    14 3.871094 0.338867 1.439453 1.121923 0.266193 1.782702
    15 1.197266 -0.000006 -0.000016 0.081066 0.567625 0.082907
    16 0.866211 0.000000 -0.000001 -0.008129 -0.487940 -0.000955
    17 1.191406 1.062500 -1.191406 3.072296 0.219014 0.151813
    18 1.987305 -0.000002 0.000000 -0.025970 0.053561 -0.091013
    19 1.217773 0.000004 0.000002 -0.020700 -0.169366 0.027834
    20 9.582013 0.082096 -0.005725 1.606992 0.268796 1.517345
    21 -1.511719 11.007813 -4.187500 1.244308 0.425693 -2.037295
    22 0.000000 0.000000 0.000000 2.788245 -0.398154 -0.372494
    23 10.859730 0.000013 -0.000005 -0.279306 0.007173 -2.113781
    24 11.118959 0.012915 -0.055609 -0.705767 -0.740726 1.224324
    25 4.462496 -0.096127 -1.190239 -1.692327 0.052480 -0.517339
    26 1.533207 0.000003 0.000000 -0.001689 0.150425 -0.007557
    27 0.922219 0.000000 0.000000 -0.000168 1.027815 -0.001706
    28 3.871094 -0.338867 1.439453 -1.480019 0.189903 -1.416936
    29 1.197266 0.000004 -0.000017 -0.127146 1.001777 -0.146524
    30 0.866211 -0.000001 -0.000003 0.009351 0.733784 0.001142
    31 4.582031 0.205322 -0.326172 -1.539698 0.007204 -1.420212
    32 1.709961 0.000006 -0.000002 -0.026879 1.095842 -0.020771
    33 0.998047 -0.000001 0.000001 -0.016608 0.557664 0.006715
    34 4.332031 0.048065 0.604980 -1.502394 0.106974 -1.508525
    35 1.571289 0.000006 -0.000001 -0.060351 1.044535 -0.069431
    36 1.039063 -0.000008 0.000001 -0.009609 0.637010 -0.018240
    37 1.191406 -1.062500 -1.191406 2.688815 0.147029 -0.438545
    38 1.987305 0.000004 0.000002 0.027278 0.315271 0.098085
    39 1.217773 -0.000005 0.000003 0.021152 0.266873 -0.018769
    40 9.578125 -0.084412 -0.006874 -1.606853 -0.254477 -1.498648
    41 -0.871094 11.210938 -11.585938 0.000000 0.000000 -0.000001
    42 -2.362720 -5.986357 -3.391970 0.006373 0.000000 0.001901
    43 -2.335242 -16.903721 -3.332280 0.006373 0.000000 0.001901
    44 0.000000 0.000000 0.000000 0.000000 0.000000 0.000000
    45 0.000000 0.000000 0.000000 0.000000 0.000000 0.000000
    46 0.000000 0.000000 0.000000 0.000000 0.000000 0.000000
    47 0.000000 0.000000 0.000000 -1.570796 0.000000 0.000000
    48 0.000000 0.000000 0.000000 -1.570796 0.000000 0.000000
    49 0.000000 0.000000 0.000000 -1.570796 0.000000 0.000000
    50 0.000000 0.000000 0.000000 1.570796 0.000000 0.000000
    51 0.000000 0.000000 0.000000 1.570796 0.000000 0.000000
    52 0.000000 0.000000 0.000000 1.570796 0.000000 0.000000
    53 0.000000 0.000000 0.000000 1.570796 0.000000 0.000000
    54 0.000000 0.000000 0.000000 1.570796 0.000000 0.000000
    55 0.000000 0.000000 0.000000 1.570796 0.000000 0.000000
    56 0.000000 0.000000 0.000000 1.570796 0.000000 0.000000
    57 0.000000 0.000000 0.000000 1.570796 0.000000 0.000000
    58 0.000000 0.000000 0.000000 1.570796 0.000000 0.000000
    59 0.000000 0.000000 0.000000 1.570796 0.000000 0.000000
    60 0.000000 0.000000 0.000000 1.570796 0.000000 0.000000
    61 0.000000 0.000000 0.000000 1.570796 0.000000 0.000000
    62 0.000000 0.000001 0.000000 0.000000 0.000000 0.000000
    63 0.000000 0.000000 0.000000 0.000000 0.000000 0.000000
    64 0.000000 0.000000 0.000000 -3.141593 0.000000 0.000000
    65 0.000000 0.000000 0.000000 -1.570796 0.000000 0.000000
    66 0.000000 0.000000 0.000000 -1.570796 0.000000 0.000000
    67 0.000000 0.000000 0.000000 -1.570796 0.000000 0.000000
    68 0.000000 0.000000 0.000000 1.570796 0.000000 0.000000
    69 0.000000 0.000000 0.000000 1.570796 0.000000 0.000000
    70 0.000000 0.000000 0.000000 1.570796 0.000000 0.000000
    71 0.000000 0.000000 0.000001 1.570796 0.000000 0.000000
    72 0.000000 0.000000 0.000000 1.570796 0.000000 0.000000
    73 0.000000 0.000000 0.000000 1.570796 0.000000 0.000000
    74 0.000000 0.000000 0.000000 1.570796 0.000000 0.000000
    75 0.000000 0.000000 0.000000 1.570796 0.000000 0.000000
    76 -0.000001 0.000000 0.000000 1.570796 0.000000 0.000000
    77 0.000000 0.000000 0.000000 1.570796 0.000000 0.000000
    78 0.000000 0.000000 0.000000 1.570796 0.000000 0.000000
    79 0.000000 0.000000 0.000000 1.570796 0.000000 0.000000
  time 36
    0 -2.338150 -2.993141 -3.589069 0.000000 0.000000 -0.000121
    1 7.196623 4.312815 -6.410477 -0.275969 0.424926 -1.104174
    2 0.000000 0.000000 0.000000 2.499906 0.221061 -0.622615
    3 10.859747 -0.000001 -0.000001 0.263528 0.006782 0.975798
    4 11.118949 -0.012917 -0.055607 -0.439714 -0.076172 -0.480030
    5 4.460938 0.096558 -1.193359 1.700635 -0.250355 0.126839
    6 1.534180 -0.000001 -0.000001 0.009042 0.848532 0.011307
    7 0.923828 0.000000 0.000000 0.002695 1.027849 0.003260
    8 4.582031 -0.205322 -0.326172 1.346533 -0.259536 0.638898
    9 1.709961 -0.000007 0.000000 3.036021 1.434016 3.039811
    10 0.998047 0.000000 0.000000 0.026837 -0.314590 -0.022355
    11 4.332031 -0.048065 0.604980 1.141283 -0.111227 1.109616
    12 1.571289 0.000003 0.000003 0.269056 1.478394 0.281975
    13 1.039063 0.000006 0.000000 0.006016 -0.410155 0.011865
    14 3.871094 0.338867 1.439453 1.121923 0.266193 1.782702
    15 1.197266 -0.000006 -0.000016 0.081066 0.567625 0.082907
    16 0.866211 0.000000 -0.000001 -0.008129 -0.487940 -0.000955
    17 1.191406 1.062500 -1.191406 3.072296 0.219014 0.151813
    18 1.987305 -0.000002 0.000000 -0.025970 0.053561 -0.091013
    19 1.217773 0.000004 0.000002 -0.020700 -0.169366 0.027834
    20 9.582013 0.082096 -0.005725 1.606992 0.268796 1.517345
    21 -1.511719 11.007813 -4.187500 1.244308 0.425693 -2.037295
    22 0.000000 0.000000 0.000000 2.785285 -0.396270 -0.375403
    23 10.859730 0.000013 -0.000005 -0.279330 0.007173 -2.116317
    24 11.118959 0.012915 -0.055609 -0.701936 -0.729903 1.221545
    25 4.462496 -0.096127 -1.190239 -1.692327 0.052480 -0.517339
    26 1.533207 0.000003 0.000000 -0.001689 0.150425 -0.007557
    27 0.922219 0.000000 0.000000 -0.000168 1.027815 -0.001706
    28 3.871094 -0.338867 1.439453 -1.480019 0.189903 -1.416936
    29 1.197266 0.000004 -0.000017 -0.127146 1.001777 -0.146524
    30 0.866211 -0.000001 -0.000003 0.009351 0.733784 0.001142
    31 4.582031 0.205322 -0.326172 -1.539698 0.007204 -1.420212
    32 1.709961 0.000006 -0.000002 -0.026879 1.095842 -0.020771
    33 0.998047 -0.000001 0.000001 -0.016608 0.557664 0.006715
    34 4.332031 0.048065 0.604980 -1.502394 0.106974 -1.508525
    35 1.571289 0.000006 -0.000001 -0.060351 1.044535 -0.069431
    36 1.039063 -0.000008 0.000001 -0.009609 0.637010 -0.018240
    37 1.191406 -1.062500 -1.191406 2.688815 0.147029 -0.438545
    38 1.987305 0.000004 0.000002 0.027278 0.315271 0.098085
    39 1.217773 -0.000005 0.000003 0.021152 0.266873 -0.018769
    40 9.578125 -0.084412 -0.006874 -1.606853 -0.254477 -1.498648
    41 -0.871094 11.210938 -11.585938 0.000000 0.000000 -0.000001
    42 -2.339282 -5.982450 -3.391970 0.000000 0.000000 -0.000121
    43 -2.335242 -16.892002 -3.265871 0.000000 0.000000 -0.000121
    44 0.000000 0.000000 0.000000 0.000000 0.000000 0.000000
    45 0.000000 0.000000 0.000000 0.000000 0.000000 0.000000
    46 0.000000 0.000000 0.000000 0.000000 0.000000 0.000000
    47 0.000000 0.000000 0.000000 -1.570796 0.000000 0.000000
    48 0.000000 0.000000 0.000000 -1.570796 0.000000 0.000000
    49 0.000000 0.000000 0.000000 -1.570796 0.000000 0.000000
    50 0.000000 0.000000 0.000000 1.570796 0.000000 0.000000
    51 0.000000 0.000000 0.000000 1.570796 0.000000 0.000000
    52 0.000000 0.000000 0.000000 1.570796 0.000000 0.000000
    53 0.000000 0.000000 0.000000 1.570796 0.000000 0.000000
    54 0.000000 0.000000 0.000000 1.570796 0.000000 0.000000
    55 0.000000 0.000000 0.000000 1.570796 0.000000 0.000000
    56 0.000000 0.000000 0.000000 1.570796 0.000000 0.000000
    57 0.000000 0.000000 0.000000 1.570796 0.000000 0.000000
    58 0.000000 0.000000 0.000000 1.570796 0.000000 0.000000
    59 0.000000 0.000000 0.000000 1.570796 0.000000 0.000000
    60 0.000000 0.000000 0.000000 1.570796 0.000000 0.000000
    61 0.000000 0.000000 0.000000 1.570796 0.000000 0.000000
    62 0.000000 0.000001 0.000000 0.000000 0.000000 0.000000
    63 0.000000 0.000000 0.000000 0.000000 0.000000 0.000000
    64 0.000000 0.000000 0.000000 -3.141593 0.000000 0.000000
    65 0.000000 0.000000 0.000000 -1.570796 0.000000 0.000000
    66 0.000000 0.000000 0.000000 -1.570796 0.000000 0.000000
    67 0.000000 0.000000 0.000000 -1.570796 0.000000 0.000000
    68 0.000000 0.000000 0.000000 1.570796 0.000000 0.000000
    69 0.000000 0.000000 0.000000 1.570796 0.000000 0.000000
    70 0.000000 0.000000 0.000000 1.570796 0.000000 0.000000
    71 0.000000 0.000000 0.000001 1.570796 0.000000 0.000000
    72 0.000000 0.000000 0.000000 1.570796 0.000000 0.000000
    73 0.000000 0.000000 0.000000 1.570796 0.000000 0.000000
    74 0.000000 0.000000 0.000000 1.570796 0.000000 0.000000
    75 0.000000 0.000000 0.000000 1.570796 0.000000 0.000000
    76 -0.000001 0.000000 0.000000 1.570796 0.000000 0.000000
    77 0.000000 0.000000 0.000000 1.570796 0.000000 0.000000
    78 0.000000 0.000000 0.000000 1.570796 0.000000 0.000000
    79 0.000000 0.000000 0.000000 1.570796 0.000000 0.000000
end
